MEMORY_INITIALIZATION_RADIX=16;
MEMORY_INITIALIZATION_VECTOR=2ac0006f4a80006f,
48c0006f4900006f,
4840006f4880006f,
47c0006f4800006f,
4740006f4780006f,
46c0006f4700006f,
4640006f4680006f,
45c0006f4600006f,
4540006f4580006f,
44c0006f4500006f,
4440006f4480006f,
43c0006f4400006f,
4340006f4380006f,
42c0006f4300006f,
4240006f4280006f,
5300006f4200006f,
8e01819300014197,
f781011300030117,
f705051300000517,
3055107300156513,
25818613f4818513,
0000059340a60633,
0000651763d050ef,
494040efddc50513,
00000513535050ef,
0000061300000593,
4900406f010000ef,
0000000000008067,
7e11262381010113,
7e9122237e812423,
7d312e237f212023,
fd01011300000693,
0000059300000613,
5c4030ef20000513,
0005041316050a63,
ef85051300011517,
b0202973548050ef,
00011597b00029f3,
00010613fa058593,
794030ef00040513,
412484b3b02024f3,
00011517b00022f3,
41328933ed450513,
00090713510050ef,
0009061300048693,
0001151700048593,
2a4050efec450513,
8006061300001637,
74c5859300011597,
139050ef00010513,
02051e6300050993,
f105051300011517,
000405134c8050ef,
030101133f4040ef,
000985137ec12083,
7e4124837e812403,
7dc129837e012903,
000080677f010113,
e905051300011517,
000017b7490050ef,
0001041380078313,
0001149700230933,
00241603eb448493,
0004851300041583,
214050ef02040413,
fe441583fe641603,
204050ef00048513,
fe841583fea41603,
1f4050ef00048513,
fec41583fee41603,
1e4050ef00048513,
ff041583ff241603,
1d4050ef00048513,
ff441583ff641603,
1c4050ef00048513,
ff841583ffa41603,
1b4050ef00048513,
ffc41583ffe41603,
1a4050ef00048513,
00100993f7241ee3,
00011517f2dff06f,
3dc050efd7850513,
f19ff06f00100993,
0000000000000000,
0000806700000513,
0000001300000013,
0000806700000513,
0000001300000013,
0000806700000513,
0000001300000013,
0000806700000513,
0000001300000013,
0000806700000513,
0000001300000013,
0000806700000513,
0000001300000013,
0000806700000513,
0000001300000013,
0000806700000513,
0000001300000013,
0000806700000513,
0000001300000013,
0000806700000513,
0000001300000013,
0000806700000513,
0000001300000013,
0000806700000513,
0000001300000013,
0000806700000513,
0000001300000013,
0000806700000513,
0000001300000013,
0000806700000513,
0000001300000013,
0000806700000513,
0000001300000013,
0000806700000513,
0000001300000013,
0000806700000513,
0000001300000013,
0000806700000513,
0000001300000013,
0000806700000513,
0000001300000013,
0000806700000513,
0000001300000013,
0000806700000513,
0000001300000013,
0000806700000513,
0000001300000013,
0000806700000513,
0000001300000013,
0000806700000513,
0000001300000013,
0000806700000513,
0000001300000013,
0000806700000513,
0000001300000013,
0000806700000513,
0000001300000013,
0000806700000513,
0000001300000013,
0000806700000513,
0000001300000013,
0000806700000513,
0000001300000013,
0000806700000513,
9955051300011517,
ff5ff06f1c8050ef,
00112023fc010113,
00b1242300a12223,
00d1282300c12623,
00f12c2300e12a23,
0311202301012e23,
0261242302512223,
03c1282302712623,
03e12c2303d12a23,
342022f303f12e23,
0262886300200313,
0062886300b00313,
0062886300300313,
3e4000ef02c0006f,
000115170340006f,
14c050ef8d450513,
000115170240006f,
13c050ef87450513,
000115170140006f,
12c050ef8d650513,
341022f30240006f,
0030051300028303,
00a3146300a37333,
0022829300228293,
0001208334129073,
0081258300412503,
0101268300c12603,
0181278301412703,
0201288301c12803,
0281230302412283,
03012e0302c12383,
03812f0303412e83,
0401011303c12f83,
3020007330200073,
f4a1ae2340a00533,
00008067fff00513,
8907879300011797,
1000073705500813,
0017c68301072023,
00d7202306068063,
04028a630027c283,
0037c30300572023,
0067202304030463,
02038e630047c383,
0057c50300772023,
00a7202302050863,
020582630067c583,
0077c60300b72023,
00060a6300878793,
0007c80300c72023,
00008067fa0810e3,
0000001300008067,
f4f1ae2305800793,
00008067fff00513,
f4f1ae2305800793,
00008067fff00513,
f4f1ae2305800793,
00008067fff00513,
f4f1ae2305800793,
00008067fff00513,
f4f1ae2305800793,
00008067fff00513,
00008067fff00513,
0000001300000013,
f4f1ae2300c00793,
00008067fff00513,
00a7a023800407b7,
0000006f10500073,
f4f1ae2305800793,
00008067fff00513,
f4f1ae2300b00793,
00008067fff00513,
00f5a223000027b7,
0000806700000513,
f4f1ae2305800793,
00008067fff00513,
f4f1ae2305800793,
00008067fff00513,
f4f1ae23fa800793,
0000806700000513,
0000806700100513,
0000001300000013,
f4f1ae23fa800793,
00008067fff00513,
00153513fff50513,
0000001300008067,
f4f1ae2301600793,
00008067fff00513,
f4f1ae2301f00793,
00008067fff00513,
0000806700000513,
0000001300000013,
f4f1ae2305800793,
00008067fff00513,
00008067fff00513,
0000001300000013,
f4f1ae2305800793,
00008067fff00513,
0000806700000513,
0000001300000013,
00f5a223000027b7,
0000806700000513,
00008067fff00513,
0000001300000013,
00008067fff00513,
0000001300000013,
f4f1ae2300200793,
00008067fff00513,
f4f1ae2305800793,
00008067fff00513,
f4f1ae2300a00793,
00008067fff00513,
01212023ff010113,
00092783f4818913,
0091222300812423,
0005849300112623,
02078a6300060413,
0004859300040613,
9105051300013517,
00c12083598000ef,
0081240300040513,
0001290300412483,
0000806701010113,
003006130001c5b7,
0001351720058593,
494000ef8dc50513,
0059202300100293,
00000013fb1ff06f,
00000513f2a1ac23,
0000001300008067,
00072303f3818713,
00a7202300a30533,
0002f29700257c63,
0055766373c28293,
0000806700030513,
fff0031300c00793,
00030513f4f1ae23,
0000001300008067,
00912223ff010113,
0810079300112623,
0d17cc6300058493,
0317d66302f00793,
05100293fd088093,
000103170212e463,
0020989355830313,
0007238300688733,
00058067006385b3,
0fd88a6301100e93,
0001071705500493,
10000fb750c70713,
00174783009fa023,
00ffa02304078e63,
0400886300274083,
00374283001fa023,
005fa02304028263,
02030c6300474303,
00574883006fa023,
011fa02302088663,
0203806300674383,
00774583007fa023,
0087071300058a63,
0007448300bfa023,
00c12083fa0490e3,
0101011300412483,
00c1208300008067,
f5c1ae2305800e13,
0101011300412483,
40f0009300008067,
3ff00293f710c0e3,
c00888930312d663,
f51366e300f00313,
5c47071300010717,
00e3853300289393,
00e5863300052583,
0ac00e1300060067,
031e4663f9c88ee3,
f9e888e309900f13,
f1f89ae30a900f93,
f5e1ae23fa800f13,
00002537f7dff06f,
f71ff06f00a4a223,
efd89ae30d600e93,
f61ff06ff2a1ac23,
f501ae2301f00813,
00200693f55ff06f,
f49ff06ff4d1ae23,
00a4202380040437,
0000006f10500073,
f491ae2301600493,
01212023f2dff06f,
00812423f4818913,
0009260300060413,
0004061302060663,
0001290300812403,
0004859300c12083,
0001251700412483,
010101136a450513,
0001c6b73280006f,
2006859300300613,
6885051300012517,
00100813240000ef,
fb9ff06f01092023,
2007886300c52783,
2008846301052883,
0095460300052803,
0148468301452703,
005504a300c6e2b3,
1e0302630206f313,
0100059340e883b3,
0075f46300038f13,
1ce88a6301000f13,
000e4e8300e78e33,
0010061300170f93,
01f52a2301d80023,
01f786b31a767063,
002703130006c283,
0058002300200593,
1875f26300652a23,
000e4e8300678e33,
0030069300370613,
00c52a2301d80023,
00c782b31676f463,
004705930002c303,
0068002300400e13,
147e766300b52a23,
000ec68300b78eb3,
0050029300570613,
00c52a2300d80023,
00c783331272f863,
00670e9300034583,
00b8002300600e13,
107e7a6301d52a23,
0006c28301d786b3,
0070031300770613,
00c52a2300580023,
00c785b30e737c63,
008706930005ce83,
01d8002300800e13,
0c7e7e6300d52a23,
0002c30300d782b3,
0090059300970613,
00c52a2300680023,
00c78eb30c75f063,
00a70293000ec683,
00d8002300a00e13,
0a7e726300552a23,
0003458300578333,
00b00e9300b70613,
00c52a2300b80023,
00c786b3087ef463,
00c703130006c283,
0058002300c00e13,
067e766300652a23,
0005ce83006785b3,
00d0069300d70613,
00c52a2301d80023,
00c782b30476f863,
00e705930002c303,
0068002300e00e13,
027e7a6300b52a23,
000ec68300b78eb3,
00f0029300f70613,
00c52a2300d80023,
00c787b30072fc63,
010707130007c303,
00e52a2300680023,
0003846300000593,
01f58733ffff0593,
0000806700e88463,
0005282300484883,
00a802230fd8f513,
0000001300008067,
00912a23fe010113,
00812c2300052483,
0131262301212823,
0004822300112e23,
fc70079300048423,
0004882300f48423,
0005041300b52223,
0006099300058913,
0005861300000693,
000005931312d537,
008002b7350030ef,
00f5509302557463,
00e48623f8000713,
007555130ff0f313,
0ff5739300648223,
0004862300748023,
0134042301348623,
00000597000404a3,
01242223d4458593,
0004282301c12083,
00042a2300042623,
00042c2300042e23,
02b4202302042223,
0141248301812403,
00c1298301012903,
0000806702010113,
00012623ff010113,
22060a6322058c63,
00c5863300052503,
0145470303100793,
00c1268300012623,
0ad7e2630ff77293,
0013039300c12303,
00c1280300712623,
00c128830907e863,
01c1262300188e13,
07d7ee6300c12e83,
001f0f9300c12f03,
00c1270301f12623,
00c1268306e7e463,
0061262300168313,
0477ea6300c12383,
0018089300c12803,
00c12e0301112623,
00c12e8305c7e063,
01e12623001e8f13,
03f7e66300c12f83,
0017069300c12703,
00c1230300d12623,
00c123830067ec63,
0101262300138813,
f717f2e300c12883,
f40284e30202f293,
00c12e0300012623,
00c12e830bc7e263,
01e12623001e8f13,
09f7e86300c12f83,
0017069300c12703,
00c1230300d12623,
00c123830667ee63,
0101262300138813,
0717e46300c12883,
00128e1300c12283,
00c12e8301c12623,
00c12f0305d7ea63,
01f12623001f0f93,
04e7e06300c12703,
0016831300c12683,
00c1238300612623,
00c128030277e663,
0111262300180893,
0057ec6300c12283,
001e0e9300c12e03,
00c12f0301d12623,
0005cf83f7e7f2e3,
0001262301f50023,
0ae7e26300c12703,
0016831300c12683,
00c1238300612623,
00c128030877e863,
0111262300180893,
0657ee6300c12283,
001e0e9300c12e03,
00c12f0301d12623,
00c12f8307e7e463,
00e12623001f8713,
04d7ea6300c12683,
0013039300c12303,
00c1280300712623,
00c128830507e063,
0051262300188293,
03c7e66300c12e03,
001e8f1300c12e83,
00c12f8301e12623,
00c1270301f7ec63,
00d1262300170693,
f667f2e300c12303,
dec590e300158593,
0000806701010113,
0000001300000013,
0005c6030e058863,
000527830e060463,
00158693ff010113,
0ff772930147c703,
00f14303005107a3,
0a03966302037393,
0ff575930147c503,
00f1480300b107a3,
08089a6302087893,
0ffe7e930147ce03,
00f14f0301d107a3,
060f9e63020f7f93,
0ff772930147c703,
00f14303005107a3,
0603926302037393,
0ff575930147c503,
00f1480300b107a3,
0408966302087893,
0ffe7e930147ce03,
00f14f0301d107a3,
020f9a63020f7f93,
0ff772930147c703,
00f14303005107a3,
00039e6302037393,
0ff575930147c503,
00f1480300b107a3,
f40882e302087893,
00c7802300168693,
f2061ae3fff6c603,
0000806701010113,
0000001300008067,
0000001300000013,
02058a6302060c63,
0000069700052703,
00b526239a468693,
00c5282300474783,
02d5202300052a23,
005702230027e293,
00030463f1402373,
0c0023b700008067,
fe06061300012617,
40c505330003a583,
0010089300153813,
00be6eb301089e33,
0000806701d3a023,
0000001300000013,
0095470300052783,
0147c28301052683,
006504a300e2e333,
000698630ff2f393,
001575130063d513,
0000051300008067,
0000001300008067,
0000001300000013,
1805806300050793,
0005270316060e63,
0147468300954503,
005784a300a6e2b3,
160300630016f313,
0000051300367393,
0010081308038c63,
0020089307038063,
0007470303138663,
00e5802300100513,
0097ce030007a703,
01ceef3301474e83,
001eff9301e784a3,
00074683120f8263,
0015051300a582b3,
0007a70300d28023,
014743830097c303,
010784a30063e833,
0e088c630013f893,
00a5873300074e03,
01c7002300150513,
0097ce830007a703,
01df6fb301474f03,
001f769301f784a3,
0ca606630c068663,
00a583b300074283,
0053802300150513,
0097ce030007a803,
0148470300a58333,
01c76eb300050893,
00177f1301d784a3,
00084f83080f0a63,
00a582b300150513,
0007a38301f30023,
0143c3030097c683,
010784a300d36833,
060e046300137e13,
002885130003c703,
00e2802300a58eb3,
0097cf830007af03,
01f2e3b3014f4283,
0012f693007784a3,
000f430302068e63,
006e802300388513,
0097c8830007a703,
011e683301474e03,
001e7e93010784a3,
f4a616e3000e8a63,
0000051300008067,
0000806700008067,
0000001300008067,
0000001300000013,
02079663f14027f3,
000127170c0026b7,
0006a603dc470713,
0012b31340e502b3,
0063983300100393,
0116a02300c868b3,
fffe0e9300010e37,
0005250301d58c63,
00454f0300f5f593,
01f5022300bf6fb3,
0000001300008067,
0000001300000013,
0c00079302058e63,
0005270302c7ea63,
0087428300b52e23,
00c363b303f2f313,
00b704230ff3f593,
0016669300474603,
f140287300d70223,
0000806700080463,
00012e970c0028b7,
0008ae03d2ce8e93,
00153f1341d50533,
01ef97b300100f93,
00e8a02301c7e733,
0000001300008067,
0005270302058463,
0005262302b52023,
0005282300474783,
005702230027e293,
00030463f1402373,
0c0023b700008067,
cd05859300012597,
40b505330003a683,
0010081300153613,
00d8ee3300c818b3,
0000806701c3a023,
0000001300000013,
0005270302058063,
0047478302b52223,
005702230087e293,
00030463f1402373,
0c0023b700008067,
c785859300012597,
40b505330003a683,
0010081300153613,
00d8ee3300c818b3,
0000806701c3a023,
1206066312058863,
0095468300052783,
00d762b30147c703,
02077313005504a3,
0100039310030863,
00c3f46300060513,
0005c80301000513,
0107802300100893,
0015ce030ec8fa63,
01c7802300200e93,
0025cf030ecef263,
01e7802300300f93,
0035c6830ccffa63,
00d7802300400713,
0045c2830cc77263,
0057802300500313,
0055c3830ac37a63,
0077802300600813,
0065c8830ac87263,
0117802300700e13,
0075ce8308ce7a63,
01d7802300800f13,
0085cf8308cf7263,
01f7802300900693,
0095c28306c6fa63,
0057802300a00713,
00a5c30306c77263,
0067802300b00393,
00b5c80304c3fa63,
0107802300c00893,
00c5ce0304c8f263,
01c7802300d00e93,
00d5cf0302cefa63,
01e7802300e00f93,
00e5c68302cff263,
00d7802300f00293,
00f5c58300c2fa63,
0000806700b78023,
0000806700000513,
0000001300000013,
0095470300052783,
000504a30147c283,
09e5751300e2e533,
0000001300008067,
0187c50300052783,
0000001300008067,
0095478300052703,
00f2e33301474283,
0602f513006504a3,
0000001300008067,
00c7478300052703,
005706230407e293,
0000001300008067,
0000001300000013,
00c7478300052703,
005706230bf7f293,
0000000000008067,
0000000000000000,
07412423f8010113,
00072a0305a12823,
05b1262300472d03,
03aa083300068d93,
06112e2305912a23,
06912a2306812c23,
0731262307212823,
0751222305812c23,
02cd8cb307612023,
05712e2300281093,
0006099300100693,
0005849300050413,
0015093300078c13,
4cdd0663002c9c93,
0087079302ca0b33,
002d1b9300f12023,
0001270300050a93,
000a851300048593,
000d8693000c0793,
f65ff0ef000b0613,
019484b3017a8ab3,
000c079300012703,
000b0613000d8693,
00048593000a8513,
f3dff0ef11590263,
019484b3017a8ab3,
000c079300012703,
000b0613000d8693,
00048593000a8513,
f15ff0ef0d590e63,
019484b3017a8ab3,
000c079300012703,
000b0613000d8693,
00048593000a8513,
eedff0ef0b590a63,
019484b3017a8ab3,
000c079300012703,
000b0613000d8693,
00048593000a8513,
ec5ff0ef09590663,
019484b3017a8ab3,
000c079300012703,
000b0613000d8693,
00048593000a8513,
e9dff0ef07590263,
019484b3017a8ab3,
000c079300012703,
000b0613000d8693,
00048593000a8513,
e75ff0ef03590e63,
019484b3017a8ab3,
000c079300012703,
000b0613000d8693,
00048593000a8513,
017a8ab301590a63,
019484b3e49ff0ef,
00400c93ed5912e3,
519a0ee300cc2903,
002000934f4cc863,
00300e93261a0063,
000d089323da1ae3,
03a88fb300299d13,
0028951300100f13,
00261c8301f90633,
2940106f01e98463,
00003d3700a406b3,
00090e1300a680b3,
00004337aaad0d93,
0024180300041983,
03b985b300440413,
0040809300468693,
008e0e1300490913,
03b80f33fff88893,
40f75a1300658733,
006f0b33ff441e23,
fff41f2340fb5f93,
ffe69e83ffc69603,
03be87b303b60bb3,
40fad293006b8ab3,
006783b3fe569e23,
fea69f2340f3d513,
ffe09483ffc09c03,
03b489b303bc0d33,
40f85593006d0833,
00698f33feb09e23,
ff709f2340ff5b93,
ff8e1283ffc91f83,
ffe91783ffae1383,
ffe69a03ffc69703,
ffc4550302558eb3,
02fa0b3303f70633,
41660c33027b8ab3,
40f4dd13006c04b3,
0109d813010d1993,
415e8f3302f707b3,
40f75e93006f0733,
01065b13010e9613,
010c1a9301680c33,
4014dd13410ad493,
41a50533034f8a33,
fea69e23416809b3,
41085e9301099813,
027585b3ffe45f83,
006387b3014783b3,
010f171340f7df13,
025b8bb301075b13,
00628633017582b3,
010a949340f65a93,
41ab05330104dd13,
410a599301051a13,
039985b301ab0833,
4103d79301081393,
41ef8fb34017df13,
ffe45703fff69f23,
00e80bb3ffc45b03,
016c0c33039e82b3,
ff741f23ff841e23,
ffc6de8300658633,
010a949340f65a93,
01dd05330104dd13,
006289b3fea09e23,
40f9d813ffe6da03,
0105d39301081593,
fef09f23407a07b3,
41af0fb3ffc6df03,
ffe6db03fff69e23,
fee69f2301638733,
07c12083e20894e3,
0741248307812403,
06c1298307012903,
06412a8306812a03,
05c12b8306012b03,
05412c8305812c03,
04c12d8305012d03,
0000806708010113,
00100793002d1e13,
00004eb701c40633,
2480106f00f98463,
0024150300041f03,
00ef1a1300490913,
41ea0bb300e51c93,
01db89b340ac8db3,
40f9da9301dd8c33,
0154102340fc5893,
0006148301141123,
0046061300261303,
00e3181300e49713,
406806b3409702b3,
01d683b301d28b33,
40f3d09340fb5593,
feb61e23fe161f23,
ffe91f83ffc91e03,
02be053300045f03,
fffd0d1300440413,
021e04b303f08a33,
01dc8bb341450cb3,
010d999340fbdd93,
418f0ab30109dc13,
ffe45883ff561e23,
0097833303f587b3,
40f7581301d30733,
0102db1301081293,
fed61f23416886b3,
ffe45583ffc45383,
00bb0e33007c00b3,
ffc41f23fe141e23,
ec9ff06ff20d10e3,
ffc2831340a902b3,
0013851300235393,
0004071300757593,
0ba582630c058263,
08c5826300200613,
0715826300300893,
05c5826300400e13,
03d5826300500e93,
71e590e300600f13,
004707130004dd83,
0024d683ffb71e23,
fed71f23019484b3,
004707130004d083,
0024db03fe171e23,
ff671f23019484b3,
004707130004d783,
0024db83fef71e23,
ff771f23019484b3,
004707130004da83,
0024d283ff571e23,
fe571f23019484b3,
004707130004d303,
0024d383fe671e23,
fe771f23019484b3,
004707130004d503,
0024d583fea71e23,
feb71f23019484b3,
0004d603bae90ae3,
0207071301948e33,
0024d483fec71023,
019e8f33019e0eb3,
000e5883fe971123,
019f8db3019f0fb3,
002e5803ff171223,
019680b3019d86b3,
000edb03ff071323,
ff671423019084b3,
fef71523002ed783,
ff771623000f5b83,
ff571723002f5a83,
fe571823000fd283,
fe671923002fd303,
fe771a23000dd383,
fea71b23002dd503,
feb71c230006d583,
fec71d230026d603,
ffc71e230000de03,
ffd71f230020de83,
b09ff06ff4e91ee3,
54ea186300500713,
002d1e1303a980b3,
01ce8f3301c40eb3,
01cf8a3301cf0fb3,
006908b300209313,
00089b0300688533,
0005148300289c03,
0181222301612823,
0025108302912423,
00199293cfa05ae3,
0132893300090c93,
00399d9300299b93,
00291593000026b7,
0371262300499993,
02b12c2303b12823,
000c8b9303312a23,
99968e1300012423,
03a12e23000047b7,
0191202301912a23,
0024138300041d03,
03cd033300440413,
004f0f13004e8e93,
004f8f9300812603,
00160713004a0a13,
03c388b300e12423,
40f55b1300f30533,
00f88c33ff641e23,
fe941f2340fc5493,
ffee9903ffce9283,
03c90db303c286b3,
40f5d99300f685b3,
00fd8ab3ff3e9e23,
ff0e9f2340fad813,
ffef1383ffcf1d03,
03c3873303cd0633,
40f3589300f60333,
01412883ff1f1e23,
40f55b1300f70533,
ffcf9c03ff6f1f23,
00088b13ffef9483,
03c4893303cc02b3,
40f6dd9300f286b3,
00012483ffbf9e23,
40f5d99300f905b3,
ffca1a83ff3f9f23,
03ca8d33ffea1803,
00fd063303c803b3,
fe6a1e2340f65313,
40f75c1300f38733,
ffef9283ff8a1f23,
0028968300089503,
0024958300049803,
ffef1383ffcf1d03,
02512023ffcf9883,
02c12483000b9d83,
03b12223000c9283,
002c970303012d83,
01bb0b33009c8cb3,
00012d8303812483,
01612a2300a12c23,
009d8b3302ad0533,
0161202303412483,
009b8bb3002b9603,
ffce990301112e23,
ffc45983ffee9a83,
0121262302d38db3,
41b50533ffe45903,
40fb549300f50b33,
01049d9302012b03,
010dd513030888b3,
02dd06b302bb0db3,
00fd08b341b88d33,
01049d9340f8d493,
01150d33010dd893,
0105189341150533,
010d149301812503,
4108d4930104dd13,
027503b301c12883,
01512c2302912023,
013d0d33010d1d93,
03680833410ddd93,
00f684b3007686b3,
0105139340f4d513,
02b885b30103d493,
010585b300c12883,
40f5539300f58533,
010b581301039b13,
010488b3025886b3,
01089593410484b3,
0105d39301049b13,
02412b03410b5593,
4105589301039513,
012383b302ea8833,
00f684b3410686b3,
40f4da9303630533,
00c12a83010a9813,
02cc04b301085693,
00f5083340950533,
02ea873340f85493,
010ad81301049a93,
0105149301068533,
01051a930104d513,
01812a83410ad493,
02c3033301a50d33,
ffa41e23410686b3,
4108569301069813,
036c0c33035282b3,
00f6073300570633,
0105181340f75513,
018302b301085a93,
40fd531300f28d33,
02812d0301031613,
00ea853301065713,
03ad853301051813,
010b1c1301085b13,
01012c03410c5313,
010a929340ea8ab3,
007b03b34102d713,
00f50833fe741f23,
40f85b1303848533,
03a8863301698ab3,
40f8551300f50833,
038302b300aa8ab3,
40f3d61300f603b3,
00412a83010a9393,
00c90b330103d813,
40f2d39300f282b3,
007b0b3303570533,
01065b13010b1613,
00f50533021583b3,
00f383b340f55613,
00a6063340f3d513,
01061a93035682b3,
02012a83010ad513,
00a8053340a803b3,
021a8833fe7e9e23,
40f2d61300f282b3,
00f80833038888b3,
0056063340f85293,
0103d81301061393,
fe5e9f23016802b3,
410b0b33feaa1e23,
00f88633038d8db3,
40f6539300412883,
ff6a1f2300790933,
00fd853303a484b3,
01b989b340f55d93,
00f48d3303a30333,
010982b340fd5813,
010b5c1301029b13,
00f30533031585b3,
01b909b340f55d93,
0104d39301099493,
00f5863302170733,
0109131340f65913,
021686b301035d13,
40f8529300f70833,
010b559301029b13,
41a589b340bd0533,
03c1258300ac0db3,
031a8ab300812503,
40f8d49300f688b3,
0107561301049713,
013c0c33ffbf1e23,
40f9531300fa8933,
010d569301031d13,
010382b340d60833,
fe5f1f2340c68b33,
ff8f9e23016383b3,
b4a596e3fe7f9f23,
002a1c93fecff06f,
000c2483000c8513,
00051463290020ef,
01a05ae33340106f,
35bd16e300100d93,
ffcc8093014054e3,
000088370020d393,
00010ab7fff80693,
00ac83330013fd93,
00040e130346cfb3,
0004089300050613,
fffa8b1300004cb7,
00041f03040d9463,
0045061300241283,
03ff05b300440893,
019587b303f28733,
010b9e9340f7db93,
016c7d33010edc13,
40f0d393019700b3,
01bd683301039d93,
08c3006301052023,
00489a8300089683,
0068928300289f03,
0086061303f685b3,
03fa87b300888893,
40f75b9301958733,
010edc13010b9e93,
03ff00b3016c7d33,
40f3dd93019783b3,
01085693010d9813,
03f282b30166fab3,
40ff559301908f33,
00fd673301059793,
01928bb3fee62c23,
010e9c1340fbde93,
ffa62e23018aed33,
00055f83f8c314e3,
00100c9300255283,
0054112301f41023,
00000f136f9a0c63,
00450e9300000893,
41d30b3300004837,
00265093ffcb0613,
000416830010f393,
000e859300241783,
0603946300000613,
0098c46300088613,
00261d9340988633,
002a9c8301b90ab3,
000e9703000a9d03,
004e8593002e9b83,
039b8c3303a70b33,
418b03b3039700b3,
40fdda9301038db3,
01069c9300da86b3,
00d41023410cd693,
01a08733037d0d33,
40fbd09301070bb3,
011606330d40006f,
4096063300964463,
018900b300261c13,
00009d8300209a83,
00259d0300059c83,
03bc83b301160633,
035d0bb300458593,
41738b33035c8733,
40fc5093010b0c33,
01069a9300d086b3,
01941023410adc93,
01b70d3303ad8db3,
40f3db93010d03b3,
0107971300fb87b3,
0014112341075093,
4096063300964463,
01690c3300261b13,
000c1a83002c1d83,
0025938300059d03,
035d06b300458593,
03bd07b303b38bb3,
01070b3341768733,
019c0cb340fb5c13,
410dd693010c9d93,
027a8ab300d41023,
010d03b301578d33,
001787b340f3d793,
410b579301079b13,
f26590e300f41123,
004e0e13001f0f13,
57ea0663013888b3,
01fe1023000e0413,
e79ff06f005e1123,
00299f13004c2a03,
00399f9300199c13,
01e12023000d0713,
01f12223013c0d33,
002d109300271493,
00940333280a1663,
009308b300100e13,
0098853333c99ee3,
00090e1300090e93,
00041383000040b7,
008e0e1300241283,
00d2979300d39493,
40578f3340748bb3,
001f05b3001b89b3,
40f5db1340f9dd93,
0164112301b41023,
0023160300031a83,
00da9c9300490913,
415c86b300d61813,
00168fb340c80c33,
40ffda13001c0d33,
0143102340fd5393,
0008928300731123,
00ce8e9300289483,
00d4979300d29b93,
409789b3405b8f33,
00198db3001f05b3,
40fdda9340f5db13,
0158912301689023,
00251c8300051603,
00d6181300440413,
40c806b300dc9c13,
00168d33419c0fb3,
40fd5593001f8a33,
00b5102340fa5293,
00089f0300551123,
ffae1b83ff8e1c03,
038f083300289c83,
00231d8300031383,
ffe91783ffc91b03,
ffe45683ffc45483,
ff6e9a83ff4e9983,
037c8fb300488893,
0045051300430313,
037f0d33fff70713,
001a0bb341f80a33,
010f181340fbdf13,
01f48a3301085f93,
41f484b3010a1b93,
039c0cb3010bda13,
010f549301049f13,
02fd8c33ff441e23,
001d0833019d0d33,
010f9b9340f85f93,
01e68cb3010bdf13,
41e686b3010c9d13,
03638633010d5813,
010fdb9301069f93,
41860633ff041f23,
40fc5f1300160c33,
010d5693010f1d13,
00db8f3303358cb3,
03528bb340db8fb3,
417c83b302f387b3,
40fcd61300138cb3,
010c5d1301061c13,
01069b9301a686b3,
010bdc9301fd0fb3,
41af0b3303bb0db3,
ff489e23419a0a33,
01b78ab3035585b3,
40ff5793001a8f33,
0103d61301079393,
40c484b300c48c33,
005589b3033282b3,
40fd569300198d33,
010bda1301069b93,
010d959301460db3,
415808330105da93,
ffc45f03ff089f23,
414c03b3ffe45783,
00fa863301ec8cb3,
fec41f23ff941e23,
fe731e23fff31f23,
fff51e23009a0fb3,
da0710e3ff651f23,
00940333a64ff06f,
009308b300100d93,
0098863333b99ae3,
00090e1300090e93,
00041383000040b7,
008e0e1300241483,
00d4979300d39993,
40978db340798bb3,
001d82b3001b8fb3,
40f2dc1340ffdf13,
0184112301e41023,
0023158300031a83,
00da9b1300490913,
415b083300d59c93,
001806b340bc8d33,
40f6da13001d0533,
0143102340f55393,
0008948300731123,
00ce8e9300289983,
00d9979300d49b93,
41378fb3409b8db3,
001f8f33001d82b3,
40ff5a9340f2dc13,
0158912301889023,
00261b0300061583,
00d59c9300440413,
40bc8d3300db1813,
001d06b341680533,
40f6dd9300150a33,
01b6102340fa5393,
00089f0300761123,
ffae1b03ff8e1c03,
038f083300289c83,
00231a8300031b83,
ffe91783ffc91983,
ffe45f83ffc45283,
ff6e9503ff4e9483,
036c8d3300488893,
0046061300430313,
036f06b3fff70713,
001a0b3341a80a33,
010f181340fb5f13,
01a28a3301085d13,
010b5a13010a1b13,
039c0cb341a282b3,
010f5d1301029f13,
02fa8c33ff441e23,
00168833019686b3,
010b129340f85b13,
01ef8cb30102df13,
010c969341ef8fb3,
033b85b30106d813,
010b5293010f9b13,
418585b3ff041f23,
00158c33029d8f33,
010c969340fc5c93,
01628fb30106db13,
02a385b3416282b3,
40bf07b302fb8bb3,
40ff5c1300178f33,
010cd693010c1c93,
010b159300db0b33,
00568f3340df8fb3,
0105dc1302ad8db3,
ff489e23418a0a33,
029383b303598ab3,
00198533015b89b3,
01029b9340f55293,
40fd0cb3010bd793,
007d84b300fd0d33,
40f6db13001486b3,
0105da13010b1593,
010a9d9301478ab3,
40a80833010dd513,
ffc45283ff089f23,
019a09b3ffe45b83,
017507b3005c0c33,
fef41f23ff841e23,
ff331e23fff31f23,
fff61e23414d0fb3,
da0710e3ffe61f23,
00812d03fddfe06f,
01012c0300c12503,
0044041300168693,
36dd1e63019c0c33,
07c1208307812403,
0701290307412483,
06812a0306c12983,
06012b0306412a83,
05812c0305c12b83,
05012d0305412c83,
0801011304c12d83,
0004df832450106f,
01f4102300440713,
019484b30024d803,
8ecff06f01041123,
00003a3700a40833,
00a805b300399d93,
aaaa099300090e13,
00041b8300004337,
0044041300241783,
00480813033b8c33,
fff8889300458593,
006c04b303378ab3,
fee41e2340f4d713,
40f2db13006a82b3,
ffc81683ff641f23,
033680b3ffe81383,
00608fb303338eb3,
ffe81e2340ffdf13,
40f55613006e8533,
ffc59a03fec81f23,
033a07b3ffe59b83,
00678ab3033b8c33,
fe159e2340fad093,
40f4d393006c04b3,
00091283fe759f23,
002e1603000e1503,
ffc8170300291e83,
02a08fb3ffe81b03,
01a90933ffc45a03,
025706b301be0e33,
02c38bb303db0f33,
00678c3341e687b3,
010a949340fc5a93,
03d70eb30104d693,
00670fb3417f8733,
010f1b9340ffdf13,
00f68c33010bd793,
410ad493010c1a93,
03628b334014d713,
ff481e2340ea0a33,
01069f9340f686b3,
ffe45283410fdf13,
016e863302c080b3,
40fedb9300660eb3,
0107da93010b9793,
0070853302a383b3,
40f4d713006504b3,
010a5b1301071a13,
01069f93416a86b3,
016a8633410fd093,
01061b9303908eb3,
4017da93410bd793,
fe581f23415282b3,
ffe45503ffc45383,
039f0733007c0c33,
fe941f2300a604b3,
006e8a33ff841e23,
40fa5b13ffc85f03,
0106df93010b1693,
fe159e2301ef80b3,
ffe8560300670eb3,
010b979340fedb93,
415602b30107da93,
ffc85383fe559f23,
fea81e2341f38533,
018a84b3ffe85c03,
e20894e3fe981f23,
00299f13d6dfe06f,
00241a0300041f83,
00ef9c9300440413,
41fc8db300ea1b93,
01dd8c33414b89b3,
40fc589301d98ab3,
ff141e2340fad493,
00061303fe941f23,
0046061300261703,
00e7169300e31813,
40e68b33406802b3,
01db05b301d283b3,
40f5de1340f3d093,
ffc61f23fe161e23,
0029178300091f83,
03f08a33ffc45503,
01e90933fffd0d13,
02f08bb302fe0cb3,
01dd89b3419a0db3,
010c1a9340f9dc13,
411504b3010ad893,
ffe45303fe961e23,
00eb883303fe0733,
40f6d29301d806b3,
010b539301029b13,
feb61f23407305b3,
ffe45e03ffc45083,
01c387b300188fb3,
fef41f23fff41e23,
c81fe06ff20d10e3,
0000833703a980b3,
fff3089300010e37,
00ac8833fffe0b93,
00000c13002d1393,
0111222300000693,
0171202300004db7,
00098c9300450f93,
40a802b3c7405ce3,
ffc28e9300412983,
00167a93002ed613,
00050b130349c5b3,
040a966300040893,
00241f0300041783,
00450b1300012603,
02b78333007408b3,
01b30e3302bf0733,
010b929340fe5b93,
00cefab30102de93,
40f9d79301b709b3,
01eae33301079f13,
070b0c6300652023,
0008970300788bb3,
000b960300289283,
02b70ab3002b9e03,
00012f03007b88b3,
02b28eb3008b0b13,
40f9d79301ba89b3,
02b60bb301e7f333,
40f7529301be8733,
00c36ab301029613,
02be0e33ff5b2c23,
40fed99301bb8eb3,
01be0f3301e9f7b3,
01031b9340ff5313,
feeb2e230177e733,
00055a83f90b18e3,
0010059300255b03,
0164112301541023,
b6ba0ee300040e13,
000c029300040f13,
01a1242300000993,
0181282300a12623,
ffcd051341f80d33,
001c789300255c13,
002e1783000e1b83,
00000613000f8593,
0002861306089463,
409286330092c463,
01d9033300261e93,
00231c0300031883,
002f9e83000f9703,
03170533004f8593,
03870333038e8d33,
01bc073341a50c33,
01750bb340f75513,
410d5b93010b9d13,
03d888b3017e1023,
01be833301130eb3,
0d40006f40f35713,
0096446300560633,
0026171340960633,
0025130300e90533,
00059c0300051883,
0056063300259e83,
00458593031c0533,
026e8d33026c0733,
41a5033303d888b3,
40fc551301b30c33,
010b9d1301750bb3,
006e1023410d5313,
01be873301170eb3,
00fc07b340f75c13,
4105571301079513,
0096446300ee1123,
00261b9340960633,
000d1e8301790d33,
00059503002d1783,
0045859300259c03,
02fc0bb303d508b3,
417887b302f50d33,
40f5589301b78533,
01031b9300688333,
017e1023410bdb93,
01dd0c33038e8eb3,
40fd579301bc0d33,
01079c1300e787b3,
00fe1123410c5793,
00198993f2b810e3,
001282b3007f0f33,
000f0e139d3a0ee3,
016f1123015f1023,
009887b3e79ff06f,
0009049300090293,
00041e83000043b7,
0048889300241f03,
00df1c9300de9613,
41ec86b341d60d33,
007685b3007d0b33,
40f5da9340fb5a13,
0154112301441023,
0023150300031d83,
00dd981300430313,
41b809b300d51b93,
00798fb340ab8c33,
40ffde93007c0e33,
ffd31e2340fe5f13,
ffc89c83ffe31f23,
00440413ffe89d03,
00dd169300dc9613,
41a685b341960b33,
00758ab3007b0a33,
40fad51340fa5d93,
fea89f23ffb89e23,
00279b8300079803,
00d8199300012d83,
41098fb300db9c13,
007f8eb3417c0e33,
40fed513007e0f33,
00a7902340ff5a93,
00029c0301579123,
ffc89d0300229c83,
00091683ffe89e03,
03ac0f3300291b03,
ffc31b8301b90933,
00412803ffe31f83,
ffe45a03ffc45e83,
00049603010282b3,
03cc8db300249983,
fff7071300478793,
03ac8cb3001484b3,
41bf0c33038e0e33,
40f85f13007c0833,
010dd813010f1d93,
010c1f1301d80c33,
010e9813410e8eb3,
019e0e3303fb0d33,
40fc5e93007e0c33,
01085f13010f5d93,
01085c93010e9813,
010e1c13014c8e33,
010c5813037685b3,
010a1e93419a0a33,
ffb41e23010edc93,
41a585b3ff041f23,
00758d3302a60c33,
010e1a1340fd5e13,
41dc8e33010a5e93,
035985b3019e8cb3,
40bc0fb302df86b3,
40fc5d13007f8c33,
010a5f93010d1a13,
010e959301df8eb3,
41ad8db30105dd13,
41fc8bb3037b0b33,
01cf8e33ffb89e23,
0166863303560ab3,
40fcd69300760cb3,
010c5f9301069c13,
41ff0f3301ef8a33,
00aa89b302a98533,
40fed59300798eb3,
010ddb1301059d93,
010a961301fb0ab3,
4198083301065c93,
ffc45683ff089f23,
416a0fb3ffe45c03,
018c8a3300dd0d33,
ff441f23ffa41e23,
fff31e23ffc31f23,
ffc79e2301eb0e33,
d8071ce3ff779f23,
009887b3f24fe06f,
0009049300090993,
00041803000043b7,
0048889300241b03,
00db169300d81b93,
416682b3410b8ab3,
007285b3007a8533,
40f5de1340f55613,
01c4112300c41023,
00231c8300031e83,
00de9a1300430313,
41da0d3300dc9c13,
007d0fb3419c0f33,
40ffd813007f0db3,
ff031e2340fddb13,
ffc89b83ff631f23,
00440413ffe89a83,
00da969300db9293,
415685b341728533,
00758e3300750633,
40fe5c9340f65e93,
ff989f23ffd89e23,
00279c0300079a03,
00da1d1300478793,
414d0db300dc1f13,
007d8833418f0fb3,
40f85593007f8b33,
feb79e2340fb5f93,
00249c83fff79f23,
ffe89d0300049603,
00012c03ffc89e03,
0029168300091a83,
0189093302ce0833,
ffe31b83ffc31e83,
ffc45f0300412d83,
01b484b300099283,
ffe45a0300299b03,
fff70713039d0c33,
03a60633001989b3,
41880cb3039e0e33,
40fdd813007c8db3,
010c5c9301081c13,
010d9813019f0db3,
419f0f3301085c13,
00ce0e3302db8d33,
010f1c93007e0833,
010cdd9340f85f13,
010cd613010f1c93,
40ca0a3300ca0e33,
010e1813035e8533,
010f5c93010a1f13,
ff841e2301085813,
41a50533ff041f23,
00750d3302558633,
010e1a1340fd5e13,
01ec8e33010a5f13,
036f853341ec8cb3,
40a60eb302de86b3,
40f65d13007e8633,
010a5613010d1a13,
010f151300cf0f33,
40ce0e3301055e93,
01960bb3037a8ab3,
ff889e2341dc0c33,
01568b33036585b3,
40fcd693007b0cb3,
010d551301069d13,
00ad8db340ad8a33,
01f582b3025f8fb3,
40f65f1300728633,
010c5a93010f1c13,
01059b13015505b3,
41980833010b5c93,
ffc45683ff089f23,
014a8533ffe45d03,
01ac8a3300de8eb3,
ff441f23ffd41e23,
fea31e23ffc31f23,
ffc79e23415d8e33,
d8071ce3ff779f23,
00010417ca4fe06f,
0004290320042403,
0010059301700613,
0000f51700c92683,
4ad010ef2a050513,
0010059300042a03,
00ca268301900613,
29c505130000f517,
00042483491010ef,
07c1208307812403,
0701290300c4a583,
06c1298307412483,
06412a8306812a03,
05c12b8306012b03,
05412c8305812c03,
04c12d8305012d03,
0801011300a00513,
000000132590106f,
0000001300000013,
00812c23fe010113,
00112e2300350793,
0027951300050413,
0406026306068063,
02a0ee630006a083,
0006051300a6a023,
0085202301c12083,
0001029701812403,
0001031712c2a283,
00b5222312c32303,
0065242300552623,
0000806702010113,
0000051300a6a023,
0181240301c12083,
0000806702010113,
645000ef00b12623,
fa0516e300c12583,
fddff06f00000513,
00812c23fe010113,
0005041300112e23,
0084270302c58263,
0181240300040793,
0006051301c12083,
0201011300100613,
00912a23f51fd06f,
0605886300058493,
0121282300052503,
0025151301312623,
5dd000ef00068913,
0a05086300050993,
0004079300842703,
0004859300090693,
f0dfd0ef00100613,
0009859300042603,
0026161300048513,
018124037e0020ef,
0101290301412483,
0009851301c12083,
0201011300c12983,
000104975950006f,
0004a0830304a483,
0010059301700613,
0000f51700c0a683,
2dd010ef10450513,
001005930004a383,
00c3a68301100613,
100505130000f517,
0004a5832c1010ef,
00a0051301412483,
0181240300c5a583,
0201011301c12083,
000104170b10106f,
00042783fd042403,
0010059301700613,
0000f51700c7a683,
27d010ef0d050513,
0010059300042283,
00c2a68301800613,
0cc505130000f517,
00042303261010ef,
0101290301412483,
00c1298300c32583,
f99ff06f00a00513,
0000001300000013,
00812423ff010113,
0005041300112623,
0084270302c58463,
0081240300040793,
0006051300c12083,
0010061300100693,
dddfd06f01010113,
0005849300912223,
0005250306058263,
0025151301212023,
00050913471000ef,
008427030a050663,
0004859300040793,
0010061300100693,
00042603da1fd0ef,
0004851300090593,
674020ef00261613,
0041248300812403,
0009051300c12083,
0101011300012903,
0001049742d0006f,
0004a083ec84a483,
0010059301700613,
0000f51700c0a683,
175010eff9c50513,
001005930004a383,
00c3a68301100613,
f98505130000f517,
0004a583159010ef,
00a0051300412483,
0081240300c5a583,
0101011300c12083,
000104177480106f,
00042783e6842403,
0010059301700613,
0000f51700c7a683,
115010eff6850513,
0010059300042283,
00c2a68301800613,
f64505130000f517,
000423030f9010ef,
0001290300412483,
00a0051300c32583,
00000013f9dff06f,
0000001300008067,
0000001300000013,
0030069300157793,
0010081300500713,
0005079318079463,
00f602b301f7d613,
01f7d3134012d793,
00f303b30017f593,
4013d79308059463,
0017fe9301f7d893,
060e9a6300f88e33,
01f7df13401e5793,
00ff0fb30017f613,
401fd79306061063,
0017f39301f7d293,
0403966300f28333,
01f7d59340135793,
00f588b30017fe13,
4018d793020e1c63,
0017ff9301f7de93,
020f926300fe8f33,
01f7d613401f5793,
00f602b30017f313,
4012d79300031863,
f60382e30017f393,
0605926302d7e5b3,
02d7e8b302d7c7b3,
02d7c7b304089c63,
040e166302d7ee33,
02d7eeb302d7c7b3,
02d7c7b3040e9063,
020f1a6302d7ef33,
02d7efb302d7c7b3,
02d7c7b3020f9463,
00061e6302d7e633,
02d7e2b302d7c7b3,
02d7c7b300029863,
fa0302e302d7e333,
0603926302e7e3b3,
02e7e5b302e7c7b3,
02e7c7b304059c63,
0408966302e7e8b3,
02e7ee3302e7c7b3,
02e7c7b3040e1063,
020e9a6302e7eeb3,
02e7ef3302e7c7b3,
02e7c7b3020f1463,
000f9e6302e7efb3,
02e7e63302e7c7b3,
02e7c7b300061863,
fa0282e302e7e2b3,
0015051300f85c63,
e80780e300157793,
f1dff06f00050793,
0000081300008067,
0006dc631205c663,
40d006b300c037b3,
40f686b3fff84813,
0006089340c00633,
0005831300050713,
16c5f4630e069a63,
22f66463000107b7,
01800693010007b7,
0100069300f67463,
00d65e33800137b7,
01c787b398878793,
02000e130007c783,
40fe06b300d787b3,
00d5933300fe0c63,
00d618b300f557b3,
00d517330067e333,
02c355330108d613,
0106d69301089693,
02c3733301075793,
0103131302a685b3,
00b7fc630067e7b3,
fff5031300f887b3,
40b7e6630117e463,
40b787b300030513,
0107171302c7d5b3,
02c7f7b301075713,
0107979302b686b3,
00d77e6300f76733,
fff5879300e88733,
ffe5859301176663,
0007859300d76463,
00b5653301051513,
00080a6300000593,
40b005b300a037b3,
40a0053340f585b3,
02d5f46300008067,
0000051300000593,
00a037b3fddff06f,
40f585b340b005b3,
fff0081340a00533,
000107b7ec5ff06f,
010007b71ef6e863,
00f6f46301800893,
800137b701000893,
988787930116d733,
0007c70300e787b3,
0117073302000793,
1ce7966340e788b3,
00c5353330b6e463,
0000059300153513,
0c060c63f75ff06f,
2cf67c63000107b7,
0013331310063313,
006656b300331313,
98878793800137b7,
0007c68300d787b3,
006686b302000793,
0cd7946340d78eb3,
0106531340c586b3,
0106561301061613,
0266d53300100593,
0266f6b301075793,
0106969302c50e33,
01c7fc6300d7e7b3,
fff5069300f887b3,
2bc7e4630117e463,
41c787b300068513,
010717130267d6b3,
0267f7b301075713,
0107979302c68633,
00c77e6300f76733,
fff6879300e88733,
ffe6869301176663,
0007869300c76463,
00d5653301051513,
10063693eadff06f,
003696930016b693,
800137b7de1ff06f,
9887879300000693,
0007c68300d787b3,
0200079300000313,
40d78eb3006686b3,
01d618b3f4d780e3,
0108d31300d5de33,
01089613026e57b3,
00d556b301065613,
01d595b301d51733,
0106d59300b6e6b3,
02f60533026e7e33,
01c5e5b3010e1e13,
00b885b300a5fe63,
1d15e463fff78e13,
ffe787931ca5f263,
40a585b3011585b3,
010696930265d533,
0265f5b30106d693,
0105959302a60e33,
01c6fe6300b6e6b3,
fff5059300d886b3,
17c6fc631716ee63,
011686b3ffe50513,
41c686b301079593,
eb1ff06f00a5e5b3,
0018b8931006b893,
e19ff06f00389893,
011696b300e65eb3,
00e5d33300deeeb3,
03e357b3010edf13,
011595b3010e9e13,
00e55733010e5e13,
0107569300b76733,
03e3733301161633,
0103131302fe05b3,
00b6fe630066e6b3,
fff7831300de86b3,
10b6f86311d6ea63,
01d686b3ffe78793,
03e6d5b340b686b3,
0107571301071713,
02be033303e6f6b3,
00d7673301069693,
00ee873300677e63,
0dd76463fff58693,
ffe585930c677263,
0107979301d70733,
00b7e7b300010f37,
00d7f5b3ffff0693,
00d676b30107de13,
02d58eb301065613,
02de06b340670733,
02c585b3010ed313,
00b305b300d585b3,
00d5f46302ce0e33,
0105d69301ee0e33,
02d76a6301c686b3,
0007851300d70863,
cc1ff06f00000593,
fff68693000106b7,
0107171300d5f733,
0115153300defeb3,
fce57ce301d70733,
00000593fff78513,
010007b7c95ff06f,
0106569304f67a63,
d2dff06f01000313,
0010051300000593,
00058513c75ff06f,
00068593e91ff06f,
000e0793f45ff06f,
00030793e45ff06f,
ffe50513ef9ff06f,
d59ff06f011787b3,
011787b3ffe50513,
01865693bf5ff06f,
cddff06f01800313,
0005089300060813,
0e06906300058713,
000107b712c5fe63,
010007b71ef66e63,
00f6746301800693,
800137b701000693,
9887879300d65333,
0007c783006787b3,
00d787b302000313,
00f30c6340f306b3,
00f557b300d59733,
00e7e73300d61833,
0108561300d518b3,
0108169302c75533,
0108d7930106d693,
02a685b302c77733,
00e7e7b301071713,
00f807b300b7fc63,
0107e463fff50713,
000705133eb7e063,
02c7d73340b787b3,
0108d89301089893,
02e686b302c7f7b3,
00f8e8b301079793,
011808b300d8fe63,
0108e663fff70793,
00d8e463ffe70713,
0105151300078713,
0000059300e56533,
00d5f86300008067,
0000051300000593,
000107b700008067,
010007b71ef6e863,
00f6f46301800813,
800137b701000813,
988787930106d733,
0007c70300e787b3,
0107073302000793,
1ce7966340e78833,
00c5353330b6e463,
0000059300153513,
0c060c6300008067,
2cf67c63000107b7,
0017371310063713,
00e656b300371713,
98878793800137b7,
0007c78300d787b3,
00e787b302000693,
0cf6946340f68eb3,
0106569340c587b3,
0106561301061613,
02d7d53300100593,
02d7f7b30108d713,
0107979302c50333,
0067fc6300f767b3,
fff5071300f807b3,
2a67e4630107e463,
406787b300070513,
0108989302d7d733,
02d7f7b30108d893,
0107979302c70633,
00c8fe6300f8e8b3,
fff70793011808b3,
ffe707130108e663,
0007871300c8e463,
00e5653301051513,
1006369300008067,
003696930016b693,
800137b7e0dff06f,
9887879300000693,
0007c78300d787b3,
0200069300000713,
40f68eb300e787b3,
01d61833f4f680e3,
0108569300f5d333,
0108161302d35e33,
0106561301d595b3,
00b7e7b300f557b3,
01d518b30107d713,
03c605b302d37333,
0067673301031313,
00e8073300b77e63,
1d076463fffe0513,
ffee0e131cb77263,
40b7073301070733,
0107979302d75533,
02d777330107d793,
0107171302a60333,
0067fe6300e7e7b3,
fff5071300f807b3,
1667fc631707ee63,
010787b3ffe50513,
406787b3010e1593,
eb1ff06f00a5e5b3,
001838131006b813,
e19ff06f00381813,
010696b300e65e33,
00e5d8b300de6e33,
03d8d7b3010e5e93,
010595b3010e1313,
00e5573301035313,
0107569300b76733,
03d8f8b301061633,
0108989302f305b3,
00b6fe630116e6b3,
fff7889300de06b3,
10b6f86311c6ea63,
01c686b3ffe78793,
03d6d5b340b686b3,
0107571301071713,
02b308b303d6f6b3,
00d7673301069693,
00ee073301177e63,
0dc76463fff58693,
ffe585930d177263,
0107979301c70733,
00b7e7b300010eb7,
00d7f5b3fffe8693,
00d676b30107d313,
02d58e3301065613,
02d306b341170733,
02c585b3010e5893,
00b885b300d585b3,
00d5f46302c30333,
0105d69301d30333,
02d76a63006686b3,
0007851300d70863,
0000806700000593,
fff68693000106b7,
0107171300d5f733,
0105153300de7e33,
fce57ce301c70733,
00000593fff78513,
010007b700008067,
0106569304f67a63,
d2dff06f01000713,
0010051300000593,
0007051300008067,
00068593e91ff06f,
00050e13f45ff06f,
00088793e45ff06f,
ffe50513ef9ff06f,
d59ff06f010787b3,
010787b3ffe50513,
01865693c21ff06f,
cddff06f01800713,
0000069300050593,
0000051300000613,
ff0101134990106f,
0081242300000593,
0005041300112623,
f581a783519010ef,
000780e700078463,
924fc0ef00040513,
f441a50300050593,
000505930100006f,
7590106ff441a503,
01312e23fd010113,
0281242302112623,
0321202302912223,
0160071300b58793,
08f7606300050993,
20b7e06301000793,
01800793780000ef,
0100049300200593,
00f907b382818913,
ff8787130047a403,
0044278334e40063,
0084260300c42683,
00f407b3ffc7f793,
00d626230047a703,
0017671300c6a423,
00e7a22300098513,
00840513734000ef,
0281240302c12083,
0201290302412483,
0301011301c12983,
ff87f49300008067,
18b4e0631807c263,
1f700793700000ef,
0094d7933e97f663,
0040071316078e63,
0064d79332f76c63,
0387881303978593,
8281891300359613,
0046240300c90633,
02860863ff860613,
0140006f00f00513,
2807566300c42683,
0006841300d60e63,
ffc7f79300442783,
fee552e340978733,
0109240300080593,
25140e6300890893,
00f0069300442783,
40978733ffc7f793,
01192a2336e6cc63,
3407506301192823,
004925031ff00713,
ff87f71324f76863,
00e9073300870713,
0057d61300072683,
00c797b300100793,
ff87079300f56533,
00d4242300f42623,
0087202300a92223,
4025d7930086a623,
00f6163300100613,
00a677b30ac56a63,
0016161302079463,
00a677b3ffc5f593,
00079a6300458593,
00a677b300161613,
fe078ae300458593,
0035931300f00813,
0003051300690333,
00058e1300c52783,
0047a70324f50263,
00c7a78300078413,
409706b3ffc77713,
fe06c2e324d84263,
0047268300e40733,
0009851300842603,
00d722230016e693,
00c7a42300f62623,
00840513594000ef,
00c00793e61ff06f,
0000051300f9a023,
20000613e51ff06f,
03f0081304000593,
00892403e95ff06f,
0044278301612823,
009b6863ffc7fb13,
00f00793409b0733,
019122230ce7ca63,
f3c1a70301512a23,
01412c23f541aa83,
fff0079301712623,
01548ab301640a33,
000017b73cf70663,
00fa8ab300f78793,
00fafab3fffff7b7,
00098513000a8593,
fff007934d8010ef,
44f50a6300050b93,
23456e6301812423,
000c2583f6818c13,
00bc202300ba85b3,
2aaa166300058713,
2a07926301451793,
015b07b300892b83,
00fba2230017e793,
00b6f463f501a683,
f4c1a683f4b1a823,
f4b1a62300b6f463,
000b841300812c03,
40978733ffc7f793,
00f007933897ea63,
01812a0338e7d663,
00c12b8301412a83,
0014e79300412c83,
009404b300f42223,
0017671300992423,
00e4a22300098513,
02c1208345c000ef,
0281240300840513,
0241248301012b03,
01c1298302012903,
0000806703010113,
e09ff06f00492503,
cd9ff06f00842603,
0025859300c7a403,
cb9ff06fd88782e3,
004006930097d713,
0140069314e6f263,
05c7061332e6e463,
0036161305b70693,
0006270300c90633,
00e61863ff860613,
008727032940006f,
0047268300e60863,
fed7e8e3ffc6f693,
00c4262300c72603,
0086242300e42423,
d91ff06f00872623,
10f7786301400713,
2ef7646305400713,
06f7859300c4d793,
0035961306e78813,
001e0e13cbdff06f,
00850513003e7793,
00c5278310078063,
00842603da9ff06f,
00b422230014e593,
00c7a42300f62623,
00992a23009404b3,
0016e79300992823,
0114a4230114a623,
00e4073300f4a223,
00d7202300098513,
0084051333c000ef,
00f407b3c09ff06f,
000985130047a703,
00e7a22300176713,
0084051331c000ef,
0034d593be9ff06f,
b95ff06f00848793,
00d422230014e693,
00992a23009404b3,
0017669300992823,
0114a4230114a623,
00f407b300d4a223,
00e7a02300098513,
008405132d4000ef,
0067d713ba1ff06f,
0387069303970613,
ec5ff06f00361613,
0089240307240c63,
0044278300812c03,
05c78593e09ff06f,
0035961305b78813,
00832783bbdff06f,
26679e63fff58593,
ff8303130035f793,
00492703fe0796e3,
00e7f7b3fff64793,
0016161300f92223,
ce060ce3cec7eee3,
00071a6300f67733,
00f6773300161613,
fe070ae3004e0e13,
c59ff06f000e0593,
000c2703f6818c13,
00ec202300ea8733,
fff00793f3c1a683,
414b87b318f68663,
00fc202300e787b3,
0c0c8c63007bfc93,
000017b7419b8bb3,
008b8b9300878793,
015b8ab3419785b3,
01459593415585b3,
000a05930145da13,
1b4010ef00098513,
18f50063fff00793,
01450ab341750533,
01792423000c2703,
00ea05b3001ae793,
00fba22300bc2023,
00f00693cf240ce3,
004427030b66f063,
ff87f793ff4b0793,
00f7673300177713,
0050061300e42223,
00c7222300f40733,
00f6e66300c72423,
cbdff06f004ba783,
0009851300840593,
00892b8310d010ef,
004ba783000c2583,
010a8a93ca1ff06f,
4026d693c49ff06f,
00d797b300100793,
00a9222300f56533,
015b85b3d75ff06f,
0145959340b005b3,
000a05930145da13,
0f4010ef00098513,
f4f512e3fff00793,
f45ff06f00000a13,
0010079300812c03,
0009851300fba223,
000005130fc000ef,
01412a8301812a03,
00c12b8301012b03,
9b5ff06f00412c83,
04e6e46305400693,
06f7061300c7d713,
0036161306e70693,
15400713cd1ff06f,
00f4d79304f76463,
0777881307878593,
9d1ff06f00359613,
0044278300892403,
f371ae23c01ff06f,
15400693e81ff06f,
00f7d71304e6e463,
0777069307870613,
c85ff06f00361613,
04f7646355400713,
07d785930124d793,
0035961307c78813,
ff8c8c93985ff06f,
417a8ab3019a8ab3,
e7dff06f00000a13,
02e6e46355400693,
07d706130127d713,
0036161307c70693,
3f800613c39ff06f,
07e0081307f00593,
3f800613945ff06f,
c1dff06f07e00693,
da1ff06f00492783,
0000806700008067,
0000806700000513,
c30186138000a5b7,
c40185138dc58593,
ff0101134100006f,
0081242300452583,
0011262300912223,
00050493f9018413,
341040ef00858463,
068407930084a583,
0004851300f58663,
00c4a58332d040ef,
00858e630d040413,
00c1208300812403,
0041248300048513,
3090406f01010113,
0081240300c12083,
0101011300412483,
0000051300008067,
fe01011300008067,
800057b700812c23,
d6878793f9018413,
00912a2300112e23,
0131262301212823,
f4f1ac2301412423,
0040079300800613,
05c4051300000593,
0004202300f42623,
0004242300042223,
0004282306042223,
00042c2300042a23,
000107b709c010ef,
800059b780005a37,
800054b780005937,
6d898993674a0a13,
7d84849376090913,
0080061300978793,
0c44051300000593,
0334222303442023,
0294262303242423,
00842e2306f42a23,
0604262306042423,
0c04262306042823,
06042e2306042c23,
030010ef08042023,
06840713000207b7,
12c4051301278793,
0000059300800613,
0934262309442423,
08942a2309242823,
08e422230cf42e23,
0c042a230c042823,
12042a230c042c23,
0e0422230e042023,
7e1000ef0e042423,
0f4428230d040793,
0f242c230f342a23,
01c120830e942e23,
018124030ef42623,
0101290301412483,
00812a0300c12983,
0000806702010113,
fe010113f581a783,
00112e2301312623,
00912a2300812c23,
0005099301212823,
c30189130e078663,
00492783fff00493,
fff7879300892403,
0800006f0007d863,
06978c6306840413,
fff7879300c41703,
ffff07b7fe0718e3,
00f4262300178793,
0004202306042223,
0004222300042423,
00042a2300042823,
0080061300042c23,
05c4051300000593,
0204282371d000ef,
0404222302042a23,
01c1208304042423,
0181240300040513,
0101290301412483,
0201011300c12983,
0009240300008067,
0004091300040663,
1ac00593f65ff06f,
d8cff0ef00098513,
02050c6300050413,
0040079300c50513,
00f4222300042023,
1a00061300a42423,
6a9000ef00000593,
0004091300892023,
da1ff0eff25ff06f,
00092023f15ff06f,
00f9a02300c00793,
03452783f7dff06f,
0000806700078463,
800057b7f581a703,
02f52a23d7c78793,
d69ff06ffe0716e3,
0000806700008067,
c3018613800055b7,
00000513d6058593,
800055b70e00006f,
dec58593c3018613,
0cc0006f00000513,
00812c23fe010113,
0005041300112e23,
0345278300050663,
0004051300078c63,
01c1208301812403,
3780006f02010113,
00b1242300c12623,
00040513f75ff0ef,
00c1260301812403,
01c1208300812583,
3500006f02010113,
00912a23fe010113,
00812c23f441a483,
0005041300112e23,
0004866300058613,
020780630344a783,
0181240300040593,
0004851301c12083,
0201011301412483,
0004851330c0006f,
f09ff0ef00b12623,
0181240300040593,
01c1208300c12603,
0141248300048513,
2e00006f02010113,
03212023fd010113,
01412c2301312e23,
0161282301512a23,
0211262301712623,
0291222302812423,
00058b9300050b13,
00000a1300060a93,
fff0091300100993,
008aa403004aa483,
0204c863fff48493,
00f9fe6300c45783,
0004059300e41783,
01278663000b0513,
00aa6a33000b80e7,
06840413fff48493,
000aaa83fd249ce3,
02c12083fc0a90e3,
0241248302812403,
01c1298302012903,
01012b0301412a83,
000a051300c12b83,
0301011301812a03,
fb01011300008067,
02c6893305212023,
02f1222301c10793,
0481242300100793,
03312e2304912223,
0411262300b12e23,
0321202302f12423,
0006099303212623,
0005049300068413,
0005066300070593,
0607866303452783,
0127971300c59783,
0645a70302074263,
fff68693ffffe6b7,
00c7e7b300002637,
00f5962300d77733,
0241061306e5a223,
255040ef00048513,
02c1278300050863,
0339543340f90933,
0004051304c12083,
0441248304812403,
03c1298304012903,
0000806705010113,
d71ff0ef00e12623,
f8dff06f00c12583,
04912223fb010113,
03312e2302c584b3,
01c10793f441a983,
0010079302f12223,
0521202304812423,
00a12e2304112623,
0291202302f12423,
0005891302912623,
0006859300060413,
0349a78300098663,
00c5978306078663,
0207426301279713,
ffffe6b70645a703,
00002637fff68693,
00d7773300c7e7b3,
06e5a22300f59623,
0009851302410613,
00050863189040ef,
40f484b302c12783,
04c120830324d433,
0481240300040513,
0401290304412483,
0501011303c12983,
0009851300008067,
ca1ff0ef00d12623,
f89ff06f00c12583,
02c12423fc010113,
02e1282302d12623,
03012c2302f12a23,
0005861303112e23,
0281069300852583,
00d1262300112e23,
01c120833f8010ef,
0000806704010113,
fc010113f441a303,
02d1262302c12423,
02e1282302b12223,
03012c2302f12a23,
0083258303112e23,
0005061302410693,
00112e2300030513,
3ac010ef00d12623,
0401011301c12083,
fe01011300008067,
00112e2300812c23,
0005066300050413,
0607806303452783,
fff7879300862783,
0007dc6300f62423,
02e7ca6301862703,
00a007130ff5f793,
0006278302e78463,
001787130ff5f513,
00b7802300e62023,
0181240301c12083,
0000806702010113,
0181240300040513,
0201011301c12083,
00c126233080006f,
b89ff0ef00b12423,
0081258300c12603,
fe010113f91ff06f,
f441a90301212a23,
00112e2300912c23,
0009066300050493,
0607886303492783,
fff787930085a783,
0007dc6300f5a423,
02e7cc630185a703,
00a007130ff4f793,
0005a78302e78663,
001787130ff4f513,
0097802300e5a023,
0181248301c12083,
0201011301412903,
01c1208300008067,
0009051300058613,
0141290300048593,
0201011301812483,
000905132600006f,
ae1ff0ef00b12623,
f85ff06f00c12583,
02812c23fc010113,
0005851300050413,
02112e2302912a23,
3b9000ef00058493,
a8878793800137b7,
0010079302f12423,
0344270302f12623,
0015069302010793,
0020079300f12a23,
02a1222302912023,
00f12c2300d12e23,
0607006300842583,
0127971300c59783,
0645a70302074263,
fff68693ffffe6b7,
00c7e7b300002637,
00f5962300d77733,
0141061306e5a223,
6ec040ef00040513,
0381240303c12083,
40a0053300153513,
0341248300b57513,
04010113fff50513,
0004051300008067,
a11ff0ef00b12623,
f95ff06f00c12583,
f441a50300050593,
ff010113f29ff06f,
0005841300812423,
0011262300e59583,
02054063640000ef,
00c1208305042783,
04f4282300a787b3,
0101011300812403,
00c4578300008067,
fff70713fffff737,
00c1208300e7f7b3,
0081240300f41623,
0000806701010113,
0000806700000513,
fe01011300c59783,
00912a2300812c23,
0131262301212823,
1007f71300112e23,
0005049300058413,
0006899300060913,
fffff73704071063,
00e7f7b3fff70713,
00f4162300e41583,
01c1208301812403,
0009061300098693,
0101290300c12983,
0141248300048513,
6480006f02010113,
0020069300e59583,
50c000ef00000613,
fb1ff06f00c41783,
00812423ff010113,
00e5958300058413,
4ec000ef00112623,
02f50863fff00793,
0000173700c45783,
00e7e7b300c12083,
4107d79301079793,
00f4162304a42823,
0101011300812403,
00c4578300008067,
fff70713fffff737,
0107979300e7f7b3,
00c120834107d793,
0081240300f41623,
0000806701010113,
3640006f00e59583,
00812c23fe010113,
0121282300912a23,
0005091300112e23,
0006041300058493,
0345278300050663,
0184278316078063,
00f4242300c41703,
0807806300877793,
06078c6301042783,
0127169301312623,
0ff4f4930ff4f993,
000427030806d863,
40f707b301442683,
008426830ad7d863,
00c4202300170613,
00d42423fff68693,
0144270301370023,
0cf7026300178793,
0017f79300c45783,
00c129830c079a63,
0181240301c12083,
0004851301012903,
0201011301412483,
0004059300008067,
0e0000ef00090513,
00c4170308051e63,
0104278301312623,
0ff4f99301271693,
f606cce30ff4f493,
ffffe63706442683,
00b76733000025b7,
00c6f6b3fff60613,
0004270300e41623,
0144268306d42223,
f4d7cce340f707b3,
0009051300040593,
02051e6333c040ef,
0084268300042703,
0017061300100793,
00c42023fff68693,
0137002300d42423,
f4f712e301442703,
0009051300040593,
f40500e3304040ef,
fff0049300c12983,
00a00793f39ff06f,
00040593f2f496e3,
2e0040ef00090513,
fddff06ff0050ee3,
ea1ff06ff04ff0ef,
f441a50300050793,
0007859300058613,
f441a783e61ff06f,
00812423ff010113,
0011262300912223,
0005841300050493,
0347a70300078663,
00c417830e070c63,
06070a630087f713,
0807066301042703,
020688630017f693,
0004242301442683,
40d006b300000513,
02070a6300d42c23,
0081240300c12083,
0101011300412483,
0027f69300008067,
0006946300000613,
00c4242301442603,
fc071ae300000513,
fc0706e30807f713,
00f416230407e793,
fbdff06ffff00513,
080700630107f713,
02071c630047f713,
0087e79301042703,
f6071ee300f41623,
200006132807f693,
00040593f6c688e3,
7cc040ef00048513,
0104270300c41783,
03042583f59ff06f,
0404071300058e63,
0004851300e58863,
00c4178327d000ef,
0104270302042823,
00042223fdb7f793,
fa1ff06f00e42023,
dc8ff0ef00078513,
00900713f05ff06f,
0407e79300e4a023,
fff0051300f41623,
00300793f21ff06f,
00a5e7b302c7fe63,
020794630037f793,
0140006f00300693,
00450513ffc60613,
00c6fc6300458593,
0005a78300052703,
fff60693fef704e3,
fff6069300c0006f,
0016869302060863,
0080006f00d506b3,
0005478302a68063,
001505130005c703,
fee786e300158593,
0000806740e78533,
0000806700000513,
00812423ff010113,
0005041300912223,
0011262300058513,
b35fa0eff401ae23,
00f50c63fff00793,
0081240300c12083,
0101011300412483,
f5c1a78300008067,
00c12083fe0784e3,
0081240300f42023,
0101011300412483,
f441a78300008067,
044525830aa78e63,
00912a23fe010113,
0005049300112e23,
0121282304058c63,
00812c2301312623,
0800099300000913,
0007a403012587b3,
0004059300040e63,
0004851300042403,
fe0418e3115000ef,
004909130444a583,
00048513fd391ce3,
018124030fd000ef,
00c1298301012903,
000586630384a583,
0e1000ef00048513,
0005866304c4a583,
0d1000ef00048513,
00078c630344a783,
0004851301c12083,
0201011301412483,
01c1208300078067,
0201011301412483,
0000806700008067,
00058713ff010113,
0091222300812423,
0005041300060593,
0007051300068613,
f401ae2300112623,
fff00793ae9fa0ef,
00c1208300f50c63,
0041248300812403,
0000806701010113,
fe0784e3f5c1a783,
00f4202300c12083,
0041248300812403,
0000806701010113,
00058713ff010113,
0091222300812423,
0005041300060593,
0007051300068613,
f401ae2300112623,
fff00793ac1fa0ef,
00c1208300f50c63,
0041248300812403,
0000806701010113,
fe0784e3f5c1a783,
00f4202300c12083,
0041248300812403,
0000806701010113,
00812423ff010113,
0005041300912223,
0011262300058513,
b65fa0eff401ae23,
00f50c63fff00793,
0081240300c12083,
0101011300412483,
f5c1a78300008067,
00c12083fe0784e3,
0081240300f42023,
0101011300412483,
ff01011300008067,
0081242300058713,
0006059300912223,
0006861300050413,
0011262300070513,
a6dfa0eff401ae23,
00f50c63fff00793,
0081240300c12083,
0101011300412483,
f5c1a78300008067,
00c12083fe0784e3,
0081240300f42023,
0101011300412483,
ff01011300008067,
800137b700812423,
0121202380013437,
1604071316078793,
0091222300112623,
02e7826340e78933,
1604041340295913,
0004278300000493,
0044041300148493,
ff24e8e3000780e7,
800137b780013437,
1604071316078793,
4029591340e78933,
1604041302e78063,
0004278300000493,
0044041300148493,
ff24e8e3000780e7,
0081240300c12083,
0001290300412483,
0000806701010113,
00812423ff010113,
80013437800137b7,
1604041316078793,
0091222340f40433,
4024549300112623,
ffc4041302048063,
0004278300f40433,
ffc40413fff48493,
fe0498e3000780e7,
0081240300c12083,
0101011300412483,
00f0031300008067,
02c37e6300050713,
0a07906300f77793,
ff06769308059263,
00e686b300f67613,
00b7222300b72023,
00b7262300b72423,
fed766e301070713,
0000806700061463,
0026969340c306b3,
005686b300000297,
00b7072300c68067,
00b7062300b706a3,
00b7052300b705a3,
00b7042300b704a3,
00b7032300b703a3,
00b7022300b702a3,
00b7012300b701a3,
00b7002300b700a3,
0ff5f59300008067,
00d5e5b300859693,
00d5e5b301059693,
00279693f6dff06f,
005686b300000297,
fa0680e700008293,
ff07879300028093,
00f6063340f70733,
f3dff06ff6c378e3,
0037f79300a5c7b3,
0607946300c508b3,
06c7f06300300793,
0005071300357793,
ffc8f61306079a63,
0200079340e606b3,
0005869308d7ce63,
02c7786300070793,
004787930006a803,
ff07ae2300468693,
fff60793fec7e8e3,
ffc7f79340e787b3,
00f7073300478793,
0117686300f585b3,
0005071300008067,
0005c78305157863,
0015859300170713,
fee898e3fef70fa3,
0005c68300008067,
0037779300170713,
00158593fed70fa3,
0005c683f6078ee3,
0037779300170713,
00158593fed70fa3,
f61ff06ffc079ae3,
ff01011300008067,
0200041300812623,
0045a2830005a383,
00c5af030085af83,
0145ae030105ae83,
01c5a8030185a303,
024707130205a683,
fc772e2340e607b3,
fff72223fe572023,
ffd72623ffe72423,
fe672a23ffc72823,
fed72e23ff072c23,
faf446e302458593,
0007079300058693,
0006a80302c77863,
0046869300478793,
fec7e8e3ff07ae23,
40e787b3fff60793,
00478793ffc7f793,
00f585b300f70733,
00c1240301176863,
0000806701010113,
001707130005c783,
fef70fa300158593,
0005c783fee882e3,
0015859300170713,
fce89ee3fef70fa3,
00357793fcdff06f,
04079c6300050713,
f7f686937f7f86b7,
00072603fff00593,
00d677b300470713,
00c7e7b300d787b3,
feb784e300d7e7b3,
40a707b3ffc74683,
ffd7468304068463,
ffe7450302068c63,
00f5053300a03533,
00008067ffe50513,
00074783fa0688e3,
0037769300170713,
40a70733fe0798e3,
00008067fff70513,
00008067ffd78513,
00008067ffc78513,
04078c63f601a783,
01f008130047a703,
0027181308e84063,
0107833302050663,
1887a88308c32423,
00e6163300100613,
1917a42300c8e8b3,
0020069310d32423,
0017071302d50663,
010787b300e7a223,
0000051300b7a423,
0c81881300008067,
0c818793f701a023,
18c7a683fa1ff06f,
00e7a22300170713,
18d7a62300c6e6b3,
00b7a423010787b3,
0000806700000513,
00008067fff00513,
01412c23fd010113,
f601a90303212023,
0a09086302112623,
01512a2301312e23,
0171262301612823,
0291222302812423,
00050b1301812423,
fff0099300058b93,
0049248300100a93,
04044e63fff48413,
009904b300249493,
00492783080b9063,
fff787930044a683,
0004a2230a878c63,
1889278302068663,
00492c03008a9733,
0607966300f777b3,
00492703000680e7,
09871063f601a783,
fff4041307279e63,
fb341ae3ffc48493,
0241248302812403,
01412a8301c12983,
00c12b8301012b03,
02c1208300812c03,
01812a0302012903,
0000806703010113,
f97780e31044a783,
ffc48493fff40413,
fbdff06fff3418e3,
0844a58318c92783,
0207166300f77733,
000680e7000b0513,
f601a78300492703,
f8078ae3f98704e3,
f29ff06f00078913,
f4dff06f00892223,
000680e700058513,
fe010113f5dff06f,
800139b701312623,
00912a2300812c23,
0141242301212823,
00058a1300112e23,
1889899300050913,
0089a703969fe0ef,
fef78793000017b7,
0000173700472483,
00f48433ffc4f493,
00c4541341440433,
00c41413fff40413,
0000059300e44e63,
905ff0ef00090513,
009787b30089a783,
0009051302f50863,
01c1208391dfe0ef,
0141248301812403,
00c1298301012903,
0000051300812a03,
0000806702010113,
00090513408005b3,
fff007938c1ff0ef,
f681879304f50863,
0089a6830007a703,
0014e493408484b3,
0009051340870733,
00e7a0230096a223,
01c120838bdfe0ef,
0141248301812403,
00c1298301012903,
0010051300812a03,
0000806702010113,
0009051300000593,
0089a703861ff0ef,
40e507b300f00693,
f3c1a683f4f6dee3,
00f722230017e793,
f6a1a42340d50533,
18058263f45ff06f,
00812423ff010113,
0005841300912223,
0011262300050493,
ffc42503841fe0ef,
800135b7ff840713,
00f70633ffe57793,
0046268318858593,
ffc6f6930085a803,
00d622231ac80263,
00d6083300157513,
ff8423030a051063,
8001353700482803,
0087288340670733,
006787b319050513,
14a8826300187813,
0068a62300c72303,
1a08066301132423,
00d722230017e693,
1ff0069300f62023,
ff87f69306f6ec63,
0045a50300868693,
0006a60300d586b3,
001007930057d813,
00a7e7b3010797b3,
00a72623ff868513,
00f5a22300c72423,
00e6262300e6a023,
00c1208300812403,
0041248300048513,
f70fe06f01010113,
0015751300482503,
0017e69308050663,
00f62023fed42e23,
f8f6f8e31ff00693,
004006130097d693,
0067d69312d66063,
0386861303968513,
00a5853300351513,
ff85051300052683,
1540006f00d51863,
00d508630086a683,
ffc676130046a603,
00c6a503fec7e8e3,
00d7242300a72623,
00e5242300812403,
0004851300c12083,
00e6a62300412483,
ee0fe06f01010113,
8001353700008067,
1905051300d787b3,
0ca68c6300862683,
0017e51300c62803,
0106a62300f70633,
00a7222300d82423,
ee1ff06f00f62023,
0086258312081c63,
00f686b300c62603,
00c5a6230016e793,
00f7222300b62423,
00d7202300d70733,
00157513ef9ff06f,
0205106300d786b3,
40a70733ff842503,
0087260300c72783,
00f6262300a686b3,
0016e61300c7a423,
00c72223f401a783,
eaf6eee300e5a423,
00048513f541a583,
eadff06fc9dff0ef,
f5dff06f00d787b3,
02d6706301400613,
06d6646305400613,
06f6851300c7d693,
0035151306e68613,
05c68513ed5ff06f,
0035151305b68613,
00e5aa23ec5ff06f,
0017e69300e5a823,
00a7242300a72623,
00f7073300d72223,
e4dff06f00f72023,
402656130045a803,
00c797b300100793,
00f5a2230107e7b3,
15400613eb1ff06f,
00f7d69300d66c63,
0776861307868513,
e69ff06f00351513,
00d66c6355400613,
07d685130127d693,
0035151307c68613,
3f800513e4dff06f,
e41ff06f07e00613,
00d722230017e693,
dddff06f00f62023,
12112623ed010113,
11512a2312912223,
00058a9311712623,
00d1242300060493,
7e5030ef00050b93,
0007851300052783,
939ff0ef02f12223,
000b886302a12023,
00079463034ba783,
00ca97837340106f,
0207466301279713,
00002637064aa703,
00c7e7b3ffffe6b7,
01079793fff68693,
00d777334107d793,
06eaa22300fa9623,
2e0702630087f713,
2c070e63010aa703,
00a0071301a7f793,
800137b72ee78a63,
1181242311612823,
ad0787930b010b13,
1281242380013c37,
0fb12e2311412c23,
11312e2313212023,
11a1202311912223,
0801222307612e23,
00012a2308012023,
00012e2300012c23,
02012423000b0413,
0001222302012823,
01000a1300f12623,
01712023c44c0c13,
000dc78300048d93,
000d84931e078c63,
2ae7866302500713,
001484930014c783,
41b48933fe079ae3,
084127031db48c63,
01b4202308012783,
0017879301270733,
08e1222301242223,
0070071308f12023,
26f74e6300840413,
0004c78300412703,
00e1222301270733,
0014849318078c63,
fff0099304010fa3,
0000091300000b93,
0004cd0305800693,
fe0d079300148d93,
00c1270304f6e663,
00e787b300279793,
000780670007a783,
fd0d079300000b93,
000dcd0300900613,
01770bb3002b9713,
01778bb3001b9b93,
001d8d93fd0d0793,
fe0d0793fef672e3,
120d0263faf6fee3,
04010fa309a10423,
0010049300100713,
00090f1308810c93,
0001282300000993,
084f729300000f93,
0002966308412903,
44f042e340eb87b3,
02078a6305f14783,
05f1069308012783,
0019091300d42023,
0017879300100693,
0921222300d42223,
0070069308f12023,
1af6c06300840413,
08012783020f8a63,
00d4202306010693,
0020069300290913,
00d4222300178793,
08f1202309212223,
0084041300700693,
080007934ef6cee3,
409989b308f28ae3,
100f779319304ee3,
0801278374079463,
0194202300990933,
0094222300178793,
08f1202309212223,
20f6cc6300700693,
004f7f1300840413,
40eb84b3000f0663,
000b83134e9042e3,
0007031300ebd463,
006787b300412783,
22091ae300f12223,
08012023000dc783,
e00798e3000b0413,
00012b8308412783,
7540106f00078463,
1281240300cad783,
0407f79312012903,
11812a0311c12983,
10812c0311012b03,
10012d0310412c83,
000784630fc12d83,
12c120831d90106f,
1241248300412503,
10c12b8311412a83,
0000806713010113,
000b8513000a8593,
00050463e15fe0ef,
00ca97831a90106f,
01a7f79300a00713,
00ea9783d0e79ae3,
00812683d007c6e3,
0004861312c12083,
12412483000a8593,
000b851311412a83,
1301011310c12b83,
010969133810106f,
dc9ff06f000d8493,
d7b494e341b48933,
d9dff06f0004c783,
07c1061300012503,
545010ef000a8593,
000b0413f20518e3,
00012503d71ff06f,
000a859307c10613,
03e12c2302e12e23,
03f1262302512a23,
f00512e3519010ef,
03c1270308412903,
0341228303812f03,
000b041302c12f83,
08012783e29ff06f,
acc68693800136b7,
0019091300d42023,
0017879300100693,
0921222300d42223,
0070069308f12023,
00f6d46300840413,
000604631080106f,
014126834580106f,
00d7e7b3001f7793,
02412783e40786e3,
00f4202302012683,
012685b308012783,
0017879300d42223,
08f1202308b12223,
00f6d46300700693,
008404136480106f,
0017879301412683,
00b6893301942023,
0921222300d42223,
0070069308f12023,
00012503def6d8e3,
000a859307c10613,
01e1282302e12623,
e20512e3439010ef,
01012f0308412903,
000b041302c12703,
00897793dc5ff06f,
0081278360079ce3,
ff87f79300778793,
008787930007a703,
ffc7a70300e12c23,
00e12e2300f12423,
ee81a70301c12c83,
eec1a78301812683,
0014d493001c9493,
0004859300068513,
0007869300070613,
0005046317d090ef,
018126830400106f,
eec1a783ee81a703,
0004859300068513,
0007869300070613,
00a0446306d080ef,
018127030180106f,
00000613000c8593,
0000069300070513,
0005546304d080ef,
05f146834340106f,
01a7d46304700793,
80013cb74180106f,
00012823a8cc8c93,
00300713f7f97f13,
0000099300300493,
0017071300068463,
c20f80e3002f7f93,
00200f9300270713,
00812683c15ff06f,
0006a70301097793,
00d1242300468693,
0409769312079263,
4e0690e300070793,
05f1468310074e63,
f7f97f130409c463,
0010071302071e63,
3c0714e320099e63,
000b0c9300197493,
0300079304048263,
0af10c930af107a3,
0334cc6300048713,
f80690e300012823,
000f0913f81ff06f,
6cf764e300900713,
0af107a303078793,
0010049300090f13,
000487130af10c93,
00098713fd34d8e3,
fc9ff06f00012823,
0007ab8300812783,
00f1242300478793,
41700bb3d00bd8e3,
000d849300496913,
000dcd03acdff06f,
001d8d9302a00793,
7d80106f00fd1463,
00900593fd0d0793,
0090061300000713,
aaf5e4e300000993,
00271993000dcd03,
0019999300e989b3,
fd0d079300f98733,
fef672e3001d8d93,
a80750e300070993,
a79ff06ffff00993,
0109691300812783,
004787930007a703,
0007079300f12423,
40e007b3ee0756e3,
0010071302d00693,
080969130a00006f,
a39ff06f000d8493,
000d849304096913,
00812703a2dff06f,
0010049304010fa3,
0047071300072783,
08f1042300e12423,
08810c9300100713,
02b00793a75ff06f,
000d849304f10fa3,
001969139f5ff06f,
9e9ff06f000d8493,
c0079ae305f14783,
04f10fa302000793,
9d1ff06f000d8493,
000d849300896913,
008127039c5ff06f,
0007278301096913,
00e1242300470713,
0000069300100713,
0009c86304d10fa3,
e40782e3f7f97f13,
00100613000f0913,
00200613e6c708e3,
000b0c9306c70663,
030707130077f713,
0037d793feec8fa3,
fffc8c93000c8613,
00197793fe0794e3,
0300079306078463,
ffe6061306f70063,
40cb04b3fefc8fa3,
00060c9300090f13,
00100793e3dff06f,
3fc0106f00f71463,
000f091300200793,
2100106f00f70463,
0281260300000793,
00f7f713000b0c93,
0007470300e60733,
fffc8c930047d793,
fe0794e300ec8023,
00090f13419b04b3,
00812703dedff06f,
0007278301096913,
00e1242300470713,
f29ff06f00000713,
0109771300812683,
004686930006a783,
f00716e300d12423,
f00702e304097713,
0107d79301079793,
ef9ff06f00100713,
04010fa300812783,
004788130007ac83,
01012423320c80e3,
0740106f0009d463,
0000059300098613,
518030ef000c8513,
0005146300812803,
419504b33a80106f,
fff4c71305f14683,
0101242341f75713,
00e4f73300012823,
0000099300090f13,
c95ff06fc8069ae3,
0000873700812683,
06e1102383070713,
00e1242300468713,
ab07071380013737,
0006a78302e12423,
0020071300296913,
e59ff06f07800d13,
0109771300812683,
004686930006a783,
f0071ae300d12423,
f00706e304097713,
0107d79301079793,
e29ff06f00000713,
140784e301097793,
0041270300812783,
00e7a0230007a783,
0047879300812783,
f28ff06f00f12423,
35a7da6306500793,
01c1278301812683,
0006851300000613,
0000069300078593,
03e1262302e12a23,
02c12f03258080ef,
6605166303412703,
800136b708012783,
00d42023acc68693,
0010069300190913,
00d4222300178793,
08f1202309212223,
0084041300700693,
064127834cf6c0e3,
08d7d8e301412683,
0201268302412783,
fef42c2300840413,
00d9093308012783,
00178793fed42e23,
08f1202309212223,
0ef6cce300700693,
fff7849301412783,
0100069382905ae3,
0096c46308012783,
800136b73d00106f,
02e12623c4468693,
0004071300012d03,
0004841301000993,
01e1282300700c93,
00c0006f00068493,
4a89d6e3ff040413,
0017879301090913,
0137222300972023,
08f1202309212223,
fcfcdee300870713,
000a859307c10613,
61c010ef000d0513,
08412903800514e3,
000b071308012783,
40eb87b3fb9ff06f,
01000693f6f05663,
00f6c46308012603,
800136b71dc0106f,
02912a23c4468693,
0100089300090593,
00700f9300070913,
03e1262300040713,
0006849300078413,
ff04041300c0006f,
010585930488da63,
0097202300160613,
08b1222301172223,
0087071308c12023,
00012503fccfdee3,
000a859307c10613,
f6051a63588010ef,
ff04041301000893,
0801260308412583,
00700f93000b0713,
00048693fa88cae3,
0341248302c12f03,
0007041300040793,
0005891300090713,
0016061300f90933,
00d4202300f42223,
08c1202309212223,
0084041300700793,
00012503e8c7da63,
000a859307c10613,
03e1262302e12a23,
ee051e63510010ef,
0341270308412903,
000b041302c12f03,
800136b7e64ff06f,
c446869308012783,
00090693093a5a63,
0007091300700893,
0004071303e12623,
000c099300098413,
ff04041300c0006f,
01068693048a5863,
0187202300178793,
08d1222301472223,
0087071308f12023,
00012503fcf8dee3,
000a859307c10613,
e6051e63490010ef,
08412683ff040413,
000b071308012783,
fa8a4ce300700893,
0009861302c12f03,
0007041300040993,
0006891300090713,
0139093300060693,
00d4202300178793,
0921222301342223,
0070069308f12023,
daf6d46300840413,
07c1061300012503,
02e12a23000a8593,
41c010ef03e12623,
08412903e0051463,
02c12f0303412703,
d78ff06f000b0413,
07c1061300012503,
3f4010ef000a8593,
ddcff06fdc050063,
0141268308012483,
0194202300100793,
0014849300190913,
4ad7da6300840993,
00f4222300100793,
0891202309212223,
7497cc6300700793,
0241268302012783,
00f9093300148493,
00d9a02300f9a223,
0891202309212223,
0089899300700793,
01c127837697c263,
0000061301812683,
0141278300078593,
0000069300068513,
01e1282302e12623,
69d070effff78413,
02c1270301012f03,
001c8c9348050463,
0089093300148493,
0089a2230199a023,
0891202309212223,
0089899300700793,
030126831497c2e3,
0014849306c10793,
00f9a02301268933,
0921222300d9a223,
0070079308912023,
ca97d06300898413,
07c1061300012503,
02e12623000a8593,
2e4010ef01e12823,
08412903cc051863,
01012f0302c12703,
c70ff06f000b0413,
0801260301000693,
800136b768f6d6e3,
02912e23c3468693,
0100089300090593,
0070039300070913,
03f1262300040713,
03e12c2302512a23,
0006849300078413,
ff04041300c0006f,
010585930488da63,
0097202300160613,
08b1222301172223,
0087071308c12023,
00012503fcc3dee3,
000a859307c10613,
c2051e63250010ef,
ff04041301000893,
0801260308412583,
00700393000b0713,
00048693fa88cae3,
0341228302c12f83,
03c1248303812f03,
0007041300040793,
0005891300090713,
0016061300f90933,
00d4202300f42223,
08c1202309212223,
0084041300700793,
00012503aec7d063,
000a859307c10613,
03e12c2302e12e23,
03f1262302512a23,
ba051a631c8010ef,
03c1270308412903,
0341228303812f03,
000b041302c12f83,
00012503aa0ff06f,
000a859307c10613,
03e12a2302e12c23,
18c010ef02512623,
08412903b6051c63,
03412f0303812703,
000b041302c12283,
01000693ad4ff06f,
5496d2e308012783,
c3468693800136b7,
0100099300048d13,
00e1282300700c93,
00c0006f00068493,
05a9d663ff0d0d13,
0017879301090913,
0134222300942023,
08f1202309212223,
fcfcdee300840413,
07c1061300012503,
10c010ef000a8593,
ff0d0d13ae051c63,
0801278308412903,
fba9cee3000b0413,
0004869301012703,
00990933000d0493,
00d4202300178793,
0921222300942223,
0070069308f12023,
00012503a6f6de63,
000a859307c10613,
0b4010ef00e12823,
08412903aa051063,
a58ff06f01012703,
bac0546306412603,
0101268301412783,
2cf6c86300078993,
0801278303305663,
0194202301390933,
0134222300178793,
08f1202309212223,
0084041300700693,
fff9c7931af6cee3,
00f9f9b341f7d793,
413789b301012783,
0641268337304063,
28f6d66301412783,
0201260302412783,
fef42c2300840413,
00c9093308012783,
00178793fec42e23,
08f1202309212223,
30f642e300700613,
0101260301412783,
40c789b340d786b3,
000689930136d463,
0101278303305a63,
0139093308012603,
0016061300fc8cb3,
0134222301942023,
08c1202309212223,
0084041300700793,
fff9c61332c7c0e3,
00c9f7b341f65613,
9490586340f684b3,
0801278301000693,
800136b74e96d8e3,
02e12623c4468693,
0004071300012d03,
0004841301000993,
01e1282300700c93,
00c0006f00068493,
5c89d663ff040413,
0017879301090913,
0137222300972023,
08f1202309212223,
fcfcdee300870713,
000a859307c10613,
73d000ef000d0513,
0841290392051463,
000b071308012783,
00000493fb9ff06f,
c80ff06f000b0c93,
b40696e3001f7693,
0921222300f42223,
0070079308912023,
00012503bc97dee3,
000a859307c10613,
01e1282302e12623,
8c051a636e9000ef,
0801248308412903,
01012f0302c12703,
ba9ff06f000b0993,
0010079301412683,
01100793b8d7dee3,
800136b73ed7dee3,
00098793c4468693,
0007099301000c93,
0009071300700d13,
0006891301e12823,
ff04041300c0006f,
01070713708cda63,
0127a02300148493,
08e122230197a223,
0087879308912023,
00012503fc9d5ee3,
000a859307c10613,
00050463659000ef,
08412703840ff06f,
000b079308012483,
001f7793fb5ff06f,
fd9fe06f00079463,
01071713f68ff06f,
0007079341075713,
04097f93c30ff06f,
00812783ea0f8c63,
0007a78300412703,
eb4ff06f00e79023,
0401051300812703,
0047049300072783,
04e120230007a703,
04e122230047a703,
04e124230087a703,
04f1262300c7a783,
00a12c235d9080ef,
0091242300b12e23,
000689939d0ff06f,
d59ff06fd3304ae3,
da0782e3001f7793,
00012503d71ff06f,
000a859307c10613,
01e1282302e12623,
00050463591000ef,
08412903f79fe06f,
01012f0302c12703,
edcff06f000b0413,
a9c78793800137b7,
0081268302f12423,
0006a78301097713,
00d1242300468693,
0409771300071a63,
0107979300070663,
001976930107d793,
be06886300200713,
03000693be078663,
07a100a306d10023,
bd8ff06f00296913,
ab078793800137b7,
fa9ff06f02f12423,
0009849300600793,
80013cb76937e863,
0101242300048713,
dc1fe06fac4c8c93,
0801278301000693,
800136b72536dce3,
c446869300070593,
0009061300040713,
01000d1300098413,
03e1262300700493,
0005899300068913,
ff04041300c0006f,
01060613568d5a63,
0127202300178793,
08c1222301a72223,
0087071308f12023,
00012503fcf4dee3,
000a859307c10613,
00050463479000ef,
08412603e61fe06f,
000b071308012783,
00012503fb5ff06f,
000a859307c10613,
01e1282302e12623,
00050463449000ef,
08412903e31fe06f,
02c1270308012483,
000b099301012f03,
00012503879ff06f,
000a859307c10613,
01e1282302e12623,
00050463411000ef,
08412903df9fe06f,
02c1270308012483,
000b099301012f03,
000b0c9386dff06f,
0090051300a00613,
fffc8c9302c7f733,
0307071300078593,
02c7d7b300ec8023,
419b04b3feb564e3,
920ff06f00090f13,
07c1061300012503,
02e12623000a8593,
3a5000ef01e12823,
d8dfe06f00050463,
0841290306412603,
01012f0302c12703,
ec9fe06f000b0413,
01c1278301812803,
0008051300080613,
0007859300078693,
020512e311d080ef,
fff00793fdfd7713,
10096f1302e12623,
047007936ef98863,
01c1278368f70263,
0007849300000293,
066007934e07c063,
0030069300098713,
018126034efd1063,
0641079306810813,
0005059300060513,
0741089300012503,
02512a2300048613,
00e1282301e12a23,
01012703719020ef,
01412f0306600793,
00050c9303412283,
00fd1c6300e50833,
03000793000cc683,
0641278356f68063,
0181278300f80833,
0000061300048593,
0000069300078513,
01012a2302512a23,
5e4070ef01e12823,
0141280301012f03,
4205066303412283,
0107fe6307412783,
0017871303000693,
00d7802306e12a23,
ff07e8e307412783,
00e1282306412703,
00f12a23419787b3,
0470071302c12783,
0660079314e78463,
0101270318fd1263,
0137e7b300197793,
72079c637ee05663,
06600d1301012483,
5002886300048713,
04f10fa302d00793,
ed9fe06f00000993,
07c1061300012503,
02e12623000a8593,
205000ef01e12823,
bedfe06f00050463,
02c1270308412903,
000b041301012f03,
00012503b14ff06f,
000a859307c10613,
01e1282302e12623,
000504631d1000ef,
08412903bb9fe06f,
01012f0308012483,
000b099302c12703,
000b8513e8cff06f,
8c9fe06f8ecfd0ef,
01012f0300048693,
0007041300040493,
0099093302c12703,
00d4202300178793,
6807cc63b0dfe06f,
0000029301c12483,
0181270300100993,
0741089306410793,
0005059300070513,
0681081300012503,
0020069300098713,
00512a2300048613,
55d020ef01e12823,
01012f0300197793,
00050c9301412283,
0641278350079063,
0741278300f12823,
00f12a2340a787b3,
ffd0079301012703,
02e9ca6302f74c63,
0101270301412783,
00197f9350f74c63,
5c0f966301012783,
41f75713fff7c713,
0007849300e7f733,
ea9ff06f06700d13,
01012703ffed0d13,
02b0079307a10623,
07112223fff70893,
06f106a33208cc63,
2d17c06300900793,
0300071303088793,
0040079306f107a3,
02f1282306e10723,
0301268301412703,
00d704b300100793,
0201278348e7d263,
00f484b300012823,
41f75713fff4c713,
e39ff06f00e4f733,
0201268302412783,
fef42c2300840413,
012685b308012783,
00178793fed42e23,
08f1202308b12223,
20f6c26300700693,
bbdfe06f00064463,
40c004b3ff000693,
800136b760d65663,
00e12823c4468693,
0004071301000993,
000f0d1300700913,
00c0006f00068413,
4499d463ff048493,
0017879301058593,
0137222300872023,
08f1202308b12223,
fcf95ee300870713,
07c1061300012503,
7c4000ef000a8593,
9adfe06f00050463,
0801278308412583,
fb5ff06f000b0713,
fe9fd0ef000c8513,
fff5471305f14683,
0001282341f75713,
00e5773300050493,
0000099300090f13,
c39fe06f00068463,
01012f03c39fe06f,
0007091300090693,
0007899300098713,
0014849300890933,
c18ff06f00d9a023,
a90c8c9380013cb7,
02d00793bedfe06f,
02d0069304f10fa3,
02c12f03bc9fe06f,
0009069300098593,
0006091300040993,
0005871300070413,
0017879301390933,
0134222300d42023,
08f1202309212223,
0084041300700693,
00012503eaf6da63,
000a859307c10613,
03e1262302e12a23,
000504636e0000ef,
084129038c9fe06f,
02c12f0303412703,
e80ff06f000b0413,
000a859307c10613,
6b4000ef000b8513,
000007938a1fe06f,
00012503d8dfe06f,
000a859307c10613,
03e1262302e12a23,
00050463690000ef,
08412903879fe06f,
02c12f0303412703,
e18ff06f000b0413,
971ff06f00600493,
00f1282306412783,
bf5ff06f00080793,
00f4c4b3800004b7,
b19ff06f02d00293,
0450079302c12703,
00198713ccf71ae3,
b11ff06f00200693,
07c1061300012503,
02e12623000a8593,
61c000ef01e12823,
805fe06f00050463,
0841258306412603,
02c1270308012783,
000b041301012f03,
985fe06f00064463,
07b10513dc9ff06f,
00a0061300050693,
02c8e73306300813,
0008859300068793,
03070713fff68693,
02c8c8b3fee78fa3,
03088893feb842e3,
ff168fa3ffe78713,
06e1069338a77863,
0017071300074603,
fec68fa300168693,
0f010713fea718e3,
f8f7879340f707b3,
cf5ff06f02f12823,
40e788b300100793,
cc1ff06f02d00793,
0004859301812683,
0006851300000613,
02512c2300000693,
00e12a2303012a23,
08c070ef01e12823,
0141270301012f03,
0381228303412803,
0641278326051463,
00f1282300f80833,
00f12a23419807b3,
05f14683ad5ff06f,
0006846300000993,
9cdfe06f9cdfe06f,
07c1061300012503,
02e12a23000a8593,
4f4000ef03e12623,
edcfe06f00050463,
0841290306412683,
02c12f0303412703,
cccff06f000b0413,
00000793000f0913,
01c12783a19fe06f,
00078493b40982e3,
b407d4e300000293,
00f4c4b3800004b7,
b39ff06f02d00293,
07c1061300012503,
02e12623000a8593,
48c000ef01e12823,
e74fe06f00050463,
0141278306412683,
02c1270308412903,
000b041301012f03,
ca8ff06f40d786b3,
919ff06f00600993,
0001282305f14683,
0009849300098713,
0000099300090f13,
8f9fe06f00068463,
800136b78f9fe06f,
a24ff06fc3468693,
961ff06f01350833,
c3468693800136b7,
800136b7b34ff06f,
ec5fe06fc4468693,
00f12223fff00793,
00197793e24fe06f,
b6079ce300f12823,
41f75713fff4c713,
9b9ff06f00e4f733,
0201270301412783,
0101278300e784b3,
0101278300f04863,
0018049340f48833,
41f75713fff4c713,
06700d1300e4f733,
00040693985ff06f,
0101270300070413,
009585b3000d0f13,
00d4202300178793,
08b1222300942223,
0070069308f12023,
f08fe06f00f6c463,
07c1061300012503,
02e12623000a8593,
364000ef01e12823,
d4cfe06f00050463,
0801278308412583,
01012f0302c12703,
ed4fe06f000b0413,
0a07c26301c12783,
0470079305f14683,
80013cb709a7c663,
fc8fe06fa94c8c93,
06700d1302012703,
fff4c71300e784b3,
00e4f73341f75713,
020127838ddff06f,
06600d1300e98833,
fff4c71300f804b3,
00e4f73341f75713,
800004b78bdff06f,
02d0029300f4c4b3,
969ff06f00100993,
40e787b300100793,
00f8083306f12223,
800136b7ffcff06f,
b55ff06fc4468693,
c4468693800136b7,
80013cb791dff06f,
f40fe06fa98c8c93,
04f10fa302d00793,
f59ff06f02d00693,
c4468693800136b7,
00812783b69ff06f,
004787930007a983,
00f124230009c863,
ac8fe06f000d8493,
00f12423fff00993,
00079a63ff1ff06f,
06600d1300100713,
819ff06f00100493,
06600d1302012783,
013804b300178813,
41f75713fff4c713,
ff8ff06f00e4f733,
02f1282300200793,
800136b7989ff06f,
e71ff06fc4468693,
f441a50300050793,
0005861300060693,
8ccfe06f00078593,
00c59783b8010113,
46812c2300e5d703,
000105b700058413,
06442e03ffd58593,
0244288301c42303,
00b7f7b301071713,
4000081300e7e7b3,
0081059300f12a23,
46912a2307010793,
46112e2347212823,
07c1262300050913,
0311262302612223,
00f12c2300f12423,
01012e2301012823,
854fe0ef02012023,
02055c6300050493,
0407f79301415783,
00c4578300078863,
00f416230407e793,
4781240347c12083,
0004851347012903,
4801011347412483,
0081059300008067,
448010ef00090513,
fff00493fc0500e3,
0645a783fb9ff06f,
01612823fd010113,
0127971302112623,
0e07586300060b13,
0321202300862783,
01512a2301312e23,
0005891301712623,
0005099300062b83,
0a078863fff00a93,
0291222302812423,
0181242301412c23,
000ba403004bac03,
060a0663002c5a13,
00c0006f00000493,
049a0c6300440413,
0009061300042583,
509010ef00098513,
ff5512e300148493,
0241248302812403,
01c1298302012903,
01412a8301812a03,
00812c0300c12b83,
02c12083fff00513,
000b2223000b2423,
0301011301012b03,
008b278300008067,
418787b3ffcc7c13,
008b8b9300fb2423,
02812403f6079ce3,
01812a0302412483,
0201290300812c03,
01412a8301c12983,
0000051300c12b83,
40c010effadff06f,
000b242302c12083,
01012b03000b2223,
0000806703010113,
0007046300862703,
00062223ed5ff06f,
0000806700000513,
0d312623f2010113,
0bb126230b812c23,
00a120230c112e23,
00060d9300058993,
0005066300068c13,
58078ee303452783,
0127971300c99783,
0649a70302074663,
ffffe6b700002637,
fff6869300c7e7b3,
4107d79301079793,
00f9962300d77733,
0087f71306e9a223,
0109a70312070863,
01a7f79312070463,
12e78e6300a00713,
0d212823800137b7,
060109130b712e23,
80013bb7c5478793,
0c912a230c812c23,
0d5122230d412423,
0b912a230d612023,
032126230ba12823,
0201282302012a23,
0001262300090713,
00f1282300012223,
dc8b8b9301000413,
10078663000dc783,
02500693000d8493,
0014c7832ed78663,
fe079ae300148493,
0fb4866341b48a33,
0301278303412683,
00da06b301b72023,
0147222300178793,
02f1282302d12a23,
0087071300700613,
2e0682e302f65063,
02c1061300012503,
d89ff0ef00098593,
000907130a051863,
0004c78300412683,
00d12223014686b3,
0014879308078863,
fff00693020103a3,
00000c9300000493,
0007c60305800513,
fe06079300178d93,
010125830ef56863,
00b787b300279793,
000780670007a783,
0009859300012503,
4c051ee3ea5fc0ef,
00a0071300c99783,
ece796e301a7f793,
ec07c2e300e99783,
0dc1208300012503,
000d8613000c0693,
0ac12d830b812c03,
0cc1298300098593,
4ed0006f0e010113,
42079ce303412783,
0d81240300c9d783,
0407f7930d412483,
0c812a030d012903,
0c012b030c412a83,
0b412c830bc12b83,
460792e30b012d03,
004125030dc12083,
0b812c030cc12983,
0e0101130ac12d83,
0000049300008067,
00900813fd060793,
00249593000dc603,
00159593009585b3,
fd06079300b784b3,
fef872e3001d8d93,
f0f57ce3fe060793,
02c10c23f6060ce3,
00100a13020103a3,
03810a9300100b13,
00000f1300000693,
084cff9303012603,
0016059303412783,
000f966300058e13,
03a040e341448d33,
02058a6302714583,
0017879302710613,
0010061300c72023,
02f12a2300c72223,
0070061303c12823,
000e061379c64263,
001e0e1300870713,
02810613060f0063,
00c7202300278793,
00c7222300200613,
03c1282302f12a23,
7bc6586300700613,
00012503100786e3,
0009859302c10613,
01f1242300d12a23,
ec0512e3b9dff0ef,
0341278303012603,
00812f8301412683,
00160e1300090713,
54bf826308000593,
63a0486341668d33,
0157202300fb07b3,
02f12a2301672223,
0070069303c12823,
0607886351c6d463,
02c1061300012503,
b41ff0ef00098593,
03412783e60514e3,
004cf31300090713,
41448b3300030663,
0144d46305604e63,
00412703000a0493,
00e1222300970733,
0201282366079e63,
d15ff06f00090713,
000d8793010cec93,
41b48a33da5ff06f,
0004c783d3b494e3,
02012823d79ff06f,
7c030063004cf313,
7b605c6341448b33,
0100069300090713,
2566d8e303012603,
db8e0e1380013e37,
00700a9301000d13,
002605930180006f,
0006861300870713,
056d5c63ff0b0b13,
0016069301078793,
01a7222301c72023,
02d1282302f12a23,
42078a63fcdadae3,
02c1061300012503,
01c1242300098593,
d80516e3a65ff0ef,
ff0b0b1303012603,
00812e0303412783,
0016059300090713,
016787b3fb6d48e3,
0167222301c72023,
02b1282302f12a23,
f0b754e300700713,
0001250370078663,
0009859302c10613,
d2051ee3a15ff0ef,
ee9ff06f03412783,
000c2603010cf793,
10079a63004c0c13,
00060793040cf593,
04064063000592e3,
0406c86302714503,
04061463f7fcfc93,
00000a1316069ae3,
00090a9300000b13,
001a0a1300050463,
d80f02e3002cff13,
00200f13002a0a13,
02d00793d79ff06f,
40c007b302f103a3,
f7fcfc930006c463,
0090061302d00513,
0307879374f66463,
04f10fa30ff7f793,
00d0446300068a13,
00100b1300100a13,
fa0514e305f10a93,
000c2483fa9ff06f,
e604d0e3004c0c13,
004cec93409004b3,
bf9ff06f000d8793,
02a00793000dc603,
10f600e3001d8893,
00900693fd060793,
0090081300000593,
0008c6030af6e4e3,
00b686b300259693,
00d785b300169693,
00188893fd060793,
00058693fef872e3,
00088d937405c063,
000c2603badff06f,
004c0c13010cec93,
ef9ff06f00060793,
000d8793080cec93,
02b00793b85ff06f,
000d879302f103a3,
001cec93b75ff06f,
b69ff06f000d8793,
da079ce302714783,
02f103a302000793,
b51ff06f000d8793,
020103a3000c2783,
02f10c23004c0c13,
00100b1300100a13,
c45ff06f03810a93,
010ceb13000c2783,
020103a3004c0c13,
000b0c9300100613,
ec06c8e300000513,
56079263f7fb7c93,
5e061e6374069263,
640b0263001b7b13,
04f10fa303000793,
05f10a93000b0a13,
000c2783e79ff06f,
004c0c13010ceb13,
00000613020103a3,
fa06dee3000b0c93,
0077f61300090a93,
feca8fa303060613,
000a85930037d793,
fe0794e3fffa8a93,
16078a63001cf793,
16f6066303000793,
fefa8fa3ffe58593,
00068a1340b90b33,
00058a936166c663,
010cf613e11ff06f,
004c0c13000c2783,
040cf61300061a63,
0107979300060663,
000c8b130107d793,
010cf793f81ff06f,
040cf31302079063,
000c278300030c63,
004c0c1300412683,
995ff06f00d79023,
00412683000c2783,
00d7a023004c0c13,
040cec93981ff06f,
a11ff06f000d8793,
000c2783010cf613,
00061a63004c0c13,
00060663040cf613,
0107d79301079793,
ec9ff06f000c8b13,
020103a3000c2a83,
620a8a63004c0c13,
000686135606ca63,
000a851300000593,
00d1242300e12a23,
0081268353c010ef,
00068b1301412703,
41550b3300050463,
fffb4a1302714783,
014b7a3341fa5a13,
00000f1300000693,
aa5ff06fd0079ee3,
8306061300008637,
8001363702c11423,
000c2783ab060613,
004c0c13002cec93,
020103a300c12623,
00200613000c8b13,
00090a93e406d4e3,
00f7f61300c12583,
00c58633fffa8a93,
0047d79300064603,
fe0792e300ca8023,
00068a1341590b33,
000b0a13cb66dce3,
00100713cb1ff06f,
000b079302e12823,
0761222307512023,
0009071303612a23,
b19ff06f00870713,
0000061300100593,
b9dff06f00090713,
aba05ee341448d33,
5da5d86301000593,
dc858593800135b7,
01000e1300b12423,
0180006f00700f13,
0087071300260513,
ff0d0d1300058613,
0081250307ae5263,
0016059301078793,
01c7222300a72023,
02b1282302f12a23,
16078063fcbf58e3,
02c1061300012503,
00d12a2300098593,
8e0516e3dc4ff0ef,
01000e1303012603,
03412783ff0d0d13,
0009071301412683,
00700f1300160513,
00812603fbae42e3,
01a7222301a787b3,
02f12a2300c72023,
0070061302a12823,
4a07886338a65263,
02c1061300012503,
00d1242300098593,
880516e3d64ff0ef,
0301260300812683,
41668d3303412783,
00160e1300090713,
47a454639da05ce3,
00700e9301712423,
00260e130180006f,
0005861300870713,
05a45a63ff0d0d13,
0016059301078793,
0087222301772023,
02b1282302f12a23,
06078063fcbedae3,
02c1061300012503,
cf0ff0ef00098593,
0301260380051ce3,
03412783ff0d0d13,
00160e1300090713,
fba44ae300700e93,
01a787b300812683,
00d7202301a72223,
03c1282302f12a23,
1dc6c86300700693,
001e0e1300870713,
00100e13939ff06f,
0009071300000613,
00012503f71ff06f,
0009859302c10613,
96050ce3c84ff0ef,
00100513fa8ff06f,
0009071300000613,
04078263e6dff06f,
02c1061300012503,
00d12c2300098593,
01e1242301f12a23,
f6051a63c4cff0ef,
0341278303012603,
01412f8301812683,
0009071300812f03,
84dff06f00160e13,
02810793240f0663,
0020079306f12023,
00100e1306f12223,
000e061300090713,
001e0e1300870713,
01000513881ff06f,
80013e3737a55463,
01000e93db8e0e13,
01c0006f00700293,
0087071300260513,
ff0d0d1300058613,
0016059307aedc63,
01c7202301078793,
02f12a2301d72223,
fcb2dae302b12823,
0001250308078263,
0009859302c10613,
00d12c2301c12e23,
01e1242301f12a23,
ea051a63b8cff0ef,
01000e9303012603,
03412783ff0d0d13,
0181268301c12e03,
00812f0301412f83,
0016051300090713,
f9aec8e300700293,
01c7202301a787b3,
02f12a2301a72223,
0070061302a12823,
008707130aa64263,
0005061300150e13,
00000613f18ff06f,
0009071300100513,
0144d463f4dff06f,
00412783000a0493,
00f12223009787b3,
f7fcf313ffcff06f,
0020061300236c93,
2cb60e6300100593,
acb61ae300200593,
c6078ce3c45ff06f,
02c1061300012503,
ad0ff0ef00098593,
03012e03de051c63,
0009071303412783,
f4cff06f001e0e13,
0009071302012823,
00100e13d30ff06f,
0009071300000613,
16078263f20ff06f,
02c1061300012503,
00d12c2300098593,
01e1242301f12a23,
da051263a7cff0ef,
0341278303012603,
01412f8301812683,
0009071300812f03,
e44ff06f00160e13,
00000b1300000a13,
88dff06f00090a93,
00a0059300090a93,
02b7f63300900e93,
00078e13fffa8a93,
00ca802303060613,
ffcee4e302b7d7b3,
00068a1341590b33,
000b0a138566d8e3,
84dff06f840516e3,
00090a9300000a13,
00870713841ff06f,
0005061300150e13,
01061613e78ff06f,
0006079341065613,
00000613ff4ff06f,
0009071300100e13,
000b0a13e50ff06f,
805ff06f00058a93,
00088d93fff00693,
000a8513c6cff06f,
b11fc0ef00e12423,
00050b1300812703,
800137b7aa9ff06f,
00f12623a9c78793,
000c2783010cf593,
00059a63004c0c13,
00058663040cf593,
0107d79301079793,
aa058ce3001cf593,
03000593aa078ae3,
02c104a302b10423,
e406d8e3020103a3,
aa9ff06f002cec93,
ab078793800137b7,
fadff06f00f12623,
0807006302714703,
06f1202302710793,
06f1222300100793,
0009071300100e13,
00100593d2cff06f,
00000513e2b610e3,
f80ff06f03000793,
a64ff06f965fb0ef,
00068b1300600793,
8001383702d7ea63,
ac480a93000b0a13,
800136b7ca0ff06f,
00d12423dc868693,
00100e13c01ff06f,
0009071300000613,
00600b13d48ff06f,
00000613fcdff06f,
0009071300100e13,
00012503cc8ff06f,
0009859302c10613,
bbcff06f894ff0ef,
0005851380013e37,
d2dff06fdb8e0e13,
0000069300088d93,
80013e37b2cff06f,
db8e0e1300160593,
03000793e24ff06f,
80013637edcff06f,
000e0513dc860613,
ab1ff06f00c12423,
00f12223fff00793,
000c2683b98ff06f,
0006c863004c0c13,
000d879300088d93,
fff00693ad4ff06f,
ff1ff06f00088d93,
e80ff06f00000513,
f441a50300050793,
0005861300060693,
934ff06f00078593,
00c59783b8010113,
46812c2300e5d703,
000105b700058413,
06442e03ffd58593,
0244288301c42303,
00b7f7b301071713,
4000081300e7e7b3,
0081059300f12a23,
46912a2307010793,
46112e2347212823,
07c1262300050913,
0311262302612223,
00f12c2300f12423,
01012e2301012823,
8bcff0ef02012023,
02055c6300050493,
0407f79301415783,
00c4578300078863,
00f416230407e793,
4781240347c12083,
0004851347012903,
4801011347412483,
0081059300008067,
370000ef00090513,
fff00493fc0500e3,
ff010113fb9ff06f,
0121202300112623,
0081242302058863,
0005841300912223,
0005066300050493,
0c078c6303452783,
0207926300c41783,
0041248300812403,
0000091300c12083,
0001290300090513,
0000806701010113,
0004851300040593,
02c427830b8000ef,
00078a6300050913,
0004851301c42583,
06054463000780e7,
0807f79300c45783,
0304258306079663,
0404079300058c63,
0004851300f58663,
02042823b85fc0ef,
0005886304442583,
b71fc0ef00048513,
efcfb0ef04042223,
ef8fb0ef00041623,
0081240300c12083,
0009051300412483,
0101011300012903,
00c4578300008067,
0807f793fff00913,
01042583f8078ee3,
b29fc0ef00048513,
e90fb0eff8dff06f,
00050593f29ff06f,
ef1ff06ff441a503,
fe01011300c59703,
0131262300812c23,
0087779300112e23,
0005099300058413,
000017b712079063,
0045a68380078793,
00f5962300f767b3,
0284280318d05263,
00912a230e080463,
0009a48301371693,
01c425830009a023,
000006131606ce63,
0009851300100693,
fff00793000800e7,
1af5046300050613,
0284280300c41783,
0047f79301c42583,
0044270300078e63,
40e6063303042783,
03c4278300078663,
0000069340f60633,
000800e700098513,
12f51463fff00793,
01d007930009a683,
16d7ea6300c41703,
00178793204007b7,
0017f79300d7d7b3,
0104260316078063,
7ff78793fffff7b7,
00f4162300f777b3,
00c4202300042223,
0007d46301371793,
0304258310068263,
100584630099a023,
00f5866304040793,
9f1fc0ef00098513,
0204282301412483,
01c1208300000513,
00c1298301812403,
0000806702010113,
0105a90301212823,
00912a2308090263,
003777130005a483,
412484b30125a023,
0007146300000793,
00f424230145a783,
0540006f00904863,
0490566300a90933,
01c4258302442783,
0009061300048693,
000780e700098513,
fca04ee340a484b3,
0101290300c41703,
0141248304076713,
fff0051300e41623,
03c5a683f75ff06f,
f65ff06fe6d04ee3,
0101290301412483,
05042603f59ff06f,
00c41703eadff06f,
fffff7b701042683,
00f777b37ff78793,
0004222300f41623,
0137179300d42023,
03042583f007d2e3,
0099a02304a42823,
01412483f00590e3,
0009a783f11ff06f,
01d00713e4078ce3,
0160071300e78c63,
00c4170300e78863,
f71ff06f04076713,
014124830099a023,
fe010113ee1ff06f,
00112e2300812c23,
0005066300050413,
02078a6303452783,
00079c6300c59783,
0181240301c12083,
0201011300000513,
0004051300008067,
01c1208301812403,
d6dff06f02010113,
be0fb0ef00b12623,
fc5ff06f00c12583,
0005059306050063,
00050663f441a503,
00078c6303452783,
0007966300c59783,
0000806700000513,
fe010113d31ff06f,
00a1242300b12623,
b98fb0ef00112e23,
0081250300c12583,
0207946300c59783,
0000051301c12083,
0000806702010113,
c30186138000a5b7,
c4018513c3c58593,
01c12083c80fb06f,
cddff06f02010113,
2c07846300862783,
fd01011300c59683,
01412c2302812423,
0211262301612823,
00060b130086f793,
0005841300050a13,
0105a78308078e63,
0291222308078a63,
01312e2303212023,
0026f79301512a23,
0a078463000b2483,
01c4258302442783,
0000099380000ab7,
c00a8a9300000913,
000a051300098613,
0009069304090263,
000a8693012af463,
46a05063000780e7,
00a989b3008b2783,
40a787b340a90933,
1a07866300fb2423,
01c4258302442783,
000a051300098613,
0004a983fc0912e3,
008484930044a903,
00040593fa9ff06f,
b99fb0ef000a0513,
00c416831c051c63,
0321202302912223,
01512a2301312e23,
000b24830026f793,
01712623f60790e3,
0016f79301812423,
000427831c079663,
80000ab700842703,
00000b9301912223,
fffa8a9300000993,
00070c1300078513,
2006f61310098263,
00070c9328060863,
4806f71332e9e663,
0144260308070a63,
0016171301042583,
40b7893300c70733,
00ec0c3301f75c13,
401c5c1300190793,
000c0613013787b3,
00078c1300fc7663,
4006f69300078613,
0006059330068e63,
efcfa0ef000a0513,
34050c6300050c93,
0009061301042583,
00c45783908fc0ef,
0807e793b7f7f793,
012c853300f41623,
01942823412c07b3,
00a4202301842a23,
00f4242300098c13,
000c861300098c93,
1dd000ef000b8593,
0004278300842703,
4187073300098913,
00e42423019787b3,
0000099300f42023,
012b8bb3008b2783,
00fb2423412787b3,
0004278302078663,
00c4168300842703,
00070c1300078513,
0004ab83f00992e3,
008484930044a983,
00c12b83ee9ff06f,
00412c8300812c03,
0281240302c12083,
0201290302412483,
01412a8301c12983,
01012b0301812a03,
0301011300000513,
0004059300008067,
ca1ff0ef000a0513,
00c417830a050e63,
00812c0300c12b83,
0201290302412483,
01412a8301c12983,
00f416230407e793,
0281240302c12083,
01012b0301812a03,
03010113fff00513,
0000051300008067,
00000a9300008067,
00000c1300000513,
0809826300000993,
000a879308050a63,
0137f46300098b93,
0004250300078b93,
0084290301042783,
00a7f66301442683,
0979446300d90933,
0244278316dbc063,
000c061301c42583,
000780e7000a0513,
f4a05ce300050913,
00100513412a8ab3,
008b2783f20a8ee3,
412989b3012c0c33,
00fb2423412787b3,
00c12b83f80796e3,
eedff06f00812c03,
000487930044a983,
fe098ae300848493,
000986130007ac03,
000c051300a00593,
14050a63594000ef,
41850ab300150513,
000c0593f55ff06f,
01d000ef00090613,
0004059300042783,
012787b3000a0513,
b69ff0ef00f42023,
ec9ff06ff6050ce3,
04f6e26301042683,
02c9ee6301442603,
013af46300098793,
02c7e6b3000a8793,
01c4258302442703,
000a0513000b8613,
000700e740d786b3,
04a05a6300050913,
dfdff06f412989b3,
00e9f46300070913,
0007851300098913,
000b859300090613,
00842703798000ef,
4127073300042783,
00e42423012787b3,
fc0712e300f42023,
000a051300040593,
fa050ae3ad5ff0ef,
00c12b8300c41783,
00412c8300812c03,
00098c13e31ff06f,
d69ff06f00098c93,
000c0593000b8613,
00842703740000ef,
000b891300042783,
017787b341770733,
00f4202300e42423,
000a0513e99ff06f,
00050c93410030ef,
01042583d00516e3,
b28fc0ef000a0513,
00c0071300c41783,
00812c0300c12b83,
00ea202300412c83,
dbdff06ff7f7f793,
00078a9300198793,
00c41783e09ff06f,
00c00713da9ff06f,
00c12b8300c41783,
00412c8300812c03,
d8dff06f00ea2023,
f801011300c59783,
06112e2306812c23,
000584130027f713,
0435879302070463,
00f5a82300f5a023,
00f5aa2300100793,
0781240307c12083,
0000806708010113,
06912a2300e59583,
0731262307212823,
0005049307412423,
008106130805c663,
06054e63590000ef,
0000f93700c12783,
00f97933000019b7,
00f90933ffffe7b7,
40000a1300193913,
000a059380098993,
aecfa0ef00048513,
0605086300c41783,
00a420230807e793,
00f4162300a42823,
0a09106301442a23,
07c120830137e7b3,
0781240300f41623,
0701290307412483,
06812a0306c12983,
0000806708010113,
0807f79300c41783,
04078e6300000913,
000a059304000a13,
a84fa0ef00048513,
0000099300c41783,
2007f713f8051ce3,
ffc7f79304071e63,
043407130027e793,
0010079300f41623,
0701290307412483,
06812a0306c12983,
00e4282300e42023,
eedff06f00f42a23,
0000099340000a13,
00e41583f3dff06f,
4f8000ef00048513,
00c4178302051063,
07412483f51ff06f,
06c1298307012903,
eb5ff06f06812a03,
ffc7f79300c45783,
010797930017e793,
f25ff06f4107d793,
06812423f9010113,
00e5958300058413,
0721202306912223,
0006049306112623,
0405ca6300068913,
42c000ef00810613,
00c1270304054463,
06c120830000f7b7,
ffffe73700e7f7b3,
0681240300e787b3,
00f920230017b793,
00e4a02340000713,
0641248300001537,
8005051306012903,
0000806707010113,
0807f79300c45783,
06c1208302078863,
0000079306812403,
0400071300f92023,
0601290300e4a023,
0000051306412483,
0000806707010113,
0681240306c12083,
4000071300f92023,
0601290300e4a023,
0000051306412483,
0000806707010113,
00812c23fe010113,
0121282300912a23,
0005091300112e23,
0006041300058493,
001007932c0000ef,
fff4879300f51c63,
00f766630fe00713,
0240006f00910623,
0004861305c40693,
0009051300c10593,
fff00793690030ef,
02050c6308f50463,
00c1458300842783,
00f42423fff78793,
018427030007da63,
00a0079302e7cc63,
0004278302f58863,
00e4202300178713,
01c1208300b78023,
0101290301812403,
0141248300048513,
0000806702010113,
0009051300040613,
fff00793a90fb0ef,
fff00513fcf51ae3,
0181240301c12083,
0101290301412483,
0000806702010113,
fff0051300c45783,
00f416230407e793,
00c61783fd9ff06f,
0207406301279713,
000026b706462703,
000026b700d7e7b3,
00f6162300d76733,
ee5ff06f06e62223,
00812c23fe010113,
00112e23f441a403,
0005059300058613,
0344278300040663,
00c6178304078063,
0207406301279713,
000026b706462703,
000026b700d7e7b3,
00f6162300d76733,
0004051306e62223,
01c1208301812403,
e85ff06f02010113,
0004051300a12423,
a49fa0ef00c12623,
0081258300c12603,
00357793fadff06f,
02078a630ff5f693,
02060e63fff60793,
0180006ffff00613,
0035771300150513,
fff7879300070e63,
0005470302c78063,
00008067fed714e3,
0030071300060793,
0607906300f76863,
0000806700000513,
008597130ff5f593,
0105971300b705b3,
80808837feff08b7,
eff8889300e585b3,
0030031308080813,
ffc787930100006f,
fcf370e300450513,
00e5c73300052703,
fff7471301170633,
0107773300e67733,
00f507b3fc070ee3,
0015051300c0006f,
00054703f8a78ce3,
00008067fed71ae3,
00112623ff010113,
02060e6300912223,
ddc58593800135b7,
0081242300060513,
2c8000ef00060413,
02051263800134b7,
dd84851300812403,
0041248300c12083,
0000806701010113,
fe9ff06f800134b7,
00040513dd848593,
fc050ae3294000ef,
05c58593800115b7,
280000ef00040513,
00812403fc0500e3,
fbdff06f00000513,
00008067e881c503,
00112623ff010113,
02058e6300912223,
0005841300812423,
ddc58593800135b7,
240000ef00040513,
02051263800134b7,
dd84851300812403,
0041248300c12083,
0000806701010113,
fe9ff06f800134b7,
00040513dd848593,
fc050ae320c000ef,
05c58593800115b7,
1f8000ef00040513,
00812403fc0500e3,
fbdff06f00000513,
000080670f050513,
00008067e5018513,
00008067e5018513,
00058713ff010113,
0091222300812423,
0006059300050413,
0011262300070513,
ea5f50eff401ae23,
00f50c63fff00793,
0081240300c12083,
0101011300412483,
f5c1a78300008067,
00c12083fe0784e3,
0081240300f42023,
0101011300412483,
ff01011300008067,
0091222300812423,
0005851300050413,
f401ae2300112623,
fff00793ea9f50ef,
00c1208300f50c63,
0041248300812403,
0000806701010113,
fe0784e3f5c1a783,
00f4202300c12083,
0041248300812403,
0000806701010113,
00c5873302a5f663,
00c507b302e57263,
fff7468304060663,
fff70713fff78793,
fef518e300d78023,
00f0079300008067,
0005079302c7e863,
0c060263fff60693,
00d786b300168693,
001787930005c703,
fee78fa300158593,
00008067fed798e3,
0037f79300b567b3,
ff06089308079663,
01088893ff08f893,
00058713011506b3,
0007280300050793,
0107879301070713,
ff472803ff07a823,
ff872803ff07aa23,
ffc72803ff07ac23,
fcd79ce3ff07ae23,
011585b300c67813,
0408046300f67713,
ffc87813ffc70813,
010687b300480813,
0007288300058713,
0047071300468693,
fef698e3ff16ae23,
010585b300367613,
fff60693f49ff06f,
f45ff06f00050793,
0007061300008067,
00b56733f31ff06f,
00377713fff00393,
7f7f87b710071063,
00052603f7f78793,
00f672b30005a683,
00f282b300f66333,
107292630062e2b3,
0045260308d61663,
00f672b30045a683,
00f282b300f66333,
0c729e630062e2b3,
0085260306d61663,
00f672b30085a683,
00f282b300f66333,
0c7298630062e2b3,
00c5260304d61663,
00f672b300c5a683,
00f282b300f66333,
0c7292630062e2b3,
0105260302d61663,
00f672b30105a683,
00f282b300f66333,
0a729c630062e2b3,
0145859301450513,
01061713f4d60ee3,
00f71e6301069793,
0106d79301065713,
0ff5759340f70533,
0000806702059063,
0107d79301075713,
0ff5759340f70533,
0000806700059463,
0ff7f7930ff77713,
0000806740f70533,
0005c68300054603,
0015859300150513,
fe0616e300d61463,
0000806740d60533,
0045859300450513,
00000513fcd61ce3,
0085051300008067,
fcd612e300858593,
0000806700000513,
00c5859300c50513,
00000513fad618e3,
0105051300008067,
f8d61ee301058593,
0000806700000513,
00912a23fe010113,
0105a48301052783,
1c97c06300112e23,
00249313fff48493,
0145841300812c23,
0141242301312623,
01450a13006409b3,
006a03330009a783,
0121282300032703,
0017879301512223,
00050a9302f75933,
000105370af76a63,
000a081300040893,
0000069300000e93,
0008a703fff50513,
0048081300082e03,
0107571300a77633,
010e5e1300ae77b3,
0326063300488893,
01d6063303270733,
41d787b300a67eb3,
00d787b301065613,
00a7f7b34107d693,
00a7763300c70733,
01c686b340c686b3,
00c7e7b301069613,
01075e93fef82e23,
f919fce34106d693,
0207946300032783,
006a6863ffc30313,
fff484930180006f,
00032783006a7863,
fe0788e3ffc30313,
000a8513009aa823,
08054c631c4020ef,
000a059300010537,
fff5051300000713,
000426030005a683,
00a6f7b300458593,
410787b300a67833,
4107d71300e787b3,
0106d69301065613,
00d7073340c70733,
00a7f7b301071693,
0044041300d7e7b3,
41075713fef5ae23,
00249793fa89fce3,
0007a70300fa07b3,
ffc7879302071463,
0180006f00fa6863,
00fa7863fff48493,
ffc787930007a703,
009aa823fe0708e3,
0181240300190913,
00c1298301c12083,
00412a8300812a03,
0009051301412483,
0201011301012903,
01c1208300008067,
0000051301412483,
0000806702010113,
f401011303852303,
0a912a230a812c23,
0b5122230b212823,
0a112e2309b12623,
00e12e230b312623,
0111282300f12a23,
00c1242302b12623,
00058d9300050413,
00068a9300060493,
0203026300080913,
0010079303c52703,
00e797b300030593,
00f3242300e32223,
02042c236c0010ef,
0000069300048993,
001494930004dc63,
00f124230014d793,
0010069300078993,
00d920237ff00737,
60e6886300e9f6b3,
000d851300812483,
0004859300000613,
03b1202300000693,
664040ef02912223,
0141270304051a63,
00f7202300100793,
0007086301012703,
acd78793800137b7,
800139b700f72023,
0bc12083acc98993,
0b4124830b812403,
0a412a830b012903,
0009851308c12d83,
0c0101130ac12983,
0004861300008067,
07c1069307810713,
00040513000d8593,
0b6120230b412423,
09812c2309712e23,
09a1282309912a23,
3e4020ef0149d913,
5a09126300050493,
07c1290307812b83,
012b893302000793,
32e7d0e343290713,
40e787b304000793,
00f997b341290513,
00a7e53300add533,
fe1007b71a5050ef,
0005071300100693,
fff9091300b787b3,
ef01a60304d12423,
00070513ef41a683,
6e1040ef00078593,
efc1a683ef81a603,
f001a6037fc040ef,
508030eff041a683,
0009051300050a13,
099050ef00058993,
f0c1a683f081a603,
000506137d4040ef,
000a051300058693,
4d8030ef00098593,
0005899300050b13,
00050a137e8050ef,
000b051300098593,
0000069300000613,
02055063694040ef,
049050ef000a0513,
00098693000b0613,
00a035334f0040ef,
412b893340aa0a33,
fff90b1301600793,
800137371d47e8e3,
e8870713003a1793,
0007a60300e787b3,
020125030047a683,
640040ef02412583,
fffa0a131e055ae3,
00012c2302012e23,
4a0a5463480b4c63,
0341242301812783,
00f12c23414787b3,
02f12c23414007b3,
00000a1300900793,
005007934957ec63,
ffca8a931f57d0e3,
0000091300300793,
5f57d0e362fa88e3,
52fa90e300400793,
02f1282300100793,
60c052e301c12603,
00060c1304c12623,
0010071301700693,
00c6c46300400793,
001797932f80106f,
0007059301478693,
fed678e300170713,
0004051302b42e23,
0005099335c010ef,
2b00106f00051463,
00e0079302a42c23,
4e0904634f87e663,
5ed05ae302812683,
8001373700f6f793,
00379793e8870713,
00e787b34046dc93,
0007a803010cf693,
520688e30047a703,
f987a603800137b7,
02012503f9c7a683,
04e1282302412583,
411030ef05012023,
0501270304012803,
0005031300fcfc93,
0030091300058d13,
80013bb7040c8c63,
f78b8b9304812023,
0007059300090413,
001cf79300030913,
000ba60300078e63,
00080513004ba683,
5e0040ef00140413,
401cdc9300050813,
fc0c9ce3008b8b93,
0004091300090313,
0005871304012403,
0008061300070693,
000d059300030513,
0005071338d030ef,
03c1268300058793,
f101a60302068863,
00070513f141a683,
04e1282300078593,
478040ef04f12023,
0501270304012783,
0100106f00055463,
06f1202300090513,
618050ef04e12023,
0601278304012703,
0007869300070613,
04f1202304e12823,
f201a603544040ef,
250030eff241a683,
04012783fcc006b7,
00050c9305012703,
320c0e6300b68bb3,
0781202302812683,
0007051306d12423,
04e1282300078593,
534050ef04f12023,
8001363706012783,
fff7869300050913,
e886079300369693,
0046a80300d786b3,
0006a78306f12623,
0791222305012e23,
580050ef04f12c23,
0401278305012703,
0005869300050613,
0007859300070513,
03012703385040ef,
0309031300198d13,
00050c9305a12023,
5a0704e30ff37313,
05812603f301a503,
04b1202305c12683,
04612823f341a583,
06412603255030ef,
341040ef000b8693,
0501230304012883,
00088693000c8613,
0005091300698023,
240040ef00058b93,
00a0546304012883,
f101a7837850006f,
05412c23f141a803,
05012a2304f12823,
f181a783f1c1a803,
0781262307612223,
0000079304f12023,
0501222306012c03,
0751202300078b13,
0900006f00088a13,
018b4463001b0b13,
040126037850006f,
0009051304412683,
3d8040ef000b8593,
0441268304012603,
00058b9300050913,
000a0593000c8513,
00058c933bc040ef,
3e4050ef00050a93,
460050ef00050a13,
0005869300050613,
000c8593000a8513,
030a079326d040ef,
000b869300090613,
001d0d1300fd0023,
00058a1300050c93,
0005546326c040ef,
050125036b50006f,
000c861305412583,
231040ef000a0693,
000b869300090613,
f4055ae3244040ef,
000d0b9306812783,
0390061300178c13,
657986e30080006f,
000b8d13fffbc683,
fec688e3fffb8b93,
0ff6f69300168693,
000c0d9300db8023,
014126834d00006f,
00c9979300002737,
00c7d79370f70713,
01b7e7b300e6a023,
010127830a078063,
df098993800139b7,
800137b7a0078ae3,
01012703df378793,
a01ff06f00f72023,
3ff006b702412783,
00c7979307812b83,
0201270300c7d793,
c019091300d7e7b3,
a89ff06f04012423,
412787b300100793,
00000b1300f12c23,
03412423b60a40e3,
0090079302012c23,
b757f8e3014b0b33,
0010091300100793,
02f1282300000a93,
00012e23fff00c13,
0581262302042e23,
bb1ff06f00000593,
800139b701012783,
96078ce3de498993,
dec78793800137b7,
00090513f65ff06f,
04e1202306f12023,
040127032dc050ef,
0007061306012783,
04e1282300078693,
208040ef04f12023,
f241a683f201a603,
04012783715020ef,
fcc006b705012703,
00b68bb300050c93,
f2c1a683f281a603,
0007859300070513,
000c86130ad040ef,
00050d13000b8693,
7b9030ef00058913,
800007b74ea042e3,
000c86130177c7b3,
00078693000d0513,
098040ef00090593,
07c1278306054863,
028126831807ce63,
18d7486300e00713,
8001373702812783,
00379793e8870713,
0007aa0300e787b3,
01c127830047aa83,
058046630407d863,
f281a603020c1863,
000a0513f2c1a683,
148040ef000a8593,
0005869300050613,
0241258302012503,
44a04ce302c040ef,
0201202300098d13,
01c1278300000913,
6940006ffff7cd93,
04f1202300198793,
0241290302012b03,
000a8693000a0613,
00090593000b0513,
124050ef6d4030ef,
1a0050ef00050d13,
000a8693000a0613,
000506130dc040ef,
000b051300058693,
7a0040ef00090593,
00f98023030d0793,
04012b8300100613,
0005869300050713,
f181a7830ccc0ce3,
00100d93f1c1a803,
0101262300f12423,
000a06130600006f,
000b0513000a8693,
660030ef00090593,
00050d130b0050ef,
000a061312c050ef,
068040ef000a8693,
0005061300058693,
000b051300090593,
001b8b9372c040ef,
001d8d93030d0793,
00050713fefb8fa3,
07bc02e300058693,
0006859300812603,
0007051300c12683,
00000613024040ef,
00050b1300000693,
57d030ef00058913,
02812783f6051ee3,
00178d93000b8d13,
030127031c00006f,
03812b8326071663,
0201282301812c83,
020c826300000913,
000c879303605063,
01812703679b4463,
40fb0b3340fc8cb3,
00e12c2340f70733,
0207826303812783,
0007846303012783,
03812603060b9ce3,
0004051300048593,
000504933f4010ef,
0004051300100593,
02a12023100010ef,
00100793500a1c63,
016787b35557dc63,
1e07806301f7f793,
40f7073302000713,
58e6d46300400693,
40f707b301c00713,
00fc8cb301812703,
00f7073300fb0b33,
0181278300e12c23,
01605c6314f04063,
000b061302012583,
4d0010ef00040513,
03c1278302a12023,
4580546312079c63,
2607906303012783,
00178d9302812783,
00100a1302012a83,
000485930200006f,
00a0061300000693,
481000ef00040513,
001a0a1300050493,
00048513000a8593,
03050b93b38ff0ef,
ff778fa3014987b3,
00100a13fd8a46e3,
01498a3355804463,
0004859300000a93,
0004051300100613,
0201258344c010ef,
5d0010ef00050493,
039006934ea05e63,
5f498a630080006f,
000a0d13fffa4783,
fed788e3fffa0a13,
00fa002300178793,
0004051302012583,
020902633d9000ef,
012a8863000a8a63,
00040513000a8593,
000905933c1000ef,
3b5000ef00040513,
0004051300048593,
014127833a9000ef,
01b7a023000d0023,
0007846301012783,
0a812a0301a7a023,
09c12b830a012b03,
09412c8309812c03,
d38ff06f09012d03,
0007861300048593,
398010ef00040513,
eb1ff06f00050493,
0004851302012583,
ec0550e3514010ef,
0004859302812783,
00a0061300000693,
fff78b1300040513,
03012783355000ef,
0c079e6300050493,
15805ae304c12c03,
e9dff06f02812d83,
02f12e2300100793,
01c00793e5cff06f,
00100713e39ff06f,
038127834d575463,
4177ca63fffc0b93,
0181278341778bb3,
0e0c50e341878cb3,
0004051300100593,
000509136d1000ef,
02012e23d75ff06f,
ad2040e300012c23,
412787b300100793,
00000b1300f12c23,
40e787b3aadff06f,
cf4ff06f00fd9533,
0010091300300793,
e357c66344fa8c63,
14fa8ce300200793,
0000059302042e23,
1c1000ef00040513,
10050ce300050993,
02f1282300100793,
02a42c23fff00793,
fff00c1304f12623,
b41ff06f00012e23,
0000069300090593,
0004051300a00613,
04c12c0325d000ef,
098056e300050913,
01905c6303612423,
000c861300090593,
248010ef00040513,
00090b1300050913,
02c12783500a1e63,
00098c93fff98d13,
0201298301312c23,
018d0d330017f793,
01b12e2300f12423,
0004851300098593,
00050c138c8ff0ef,
0004851300090593,
00050a1338c010ef,
00098593000b0613,
3d0010ef00040513,
030c0b9300c52703,
08071c6300050d93,
0004851300050593,
0005071335c010ef,
00040513000d8593,
185000ef00070d93,
0e069a63015de6b3,
74078a6300812783,
017c8023760a4263,
679d0463001c8a13,
0000069300048593,
0004051300a00613,
00050493175000ef,
00a0061300000693,
0004051300090593,
159000ef09690e63,
00050913000b0593,
00a0061300000693,
141000ef00040513,
000a0c9300050b13,
00050593f31ff06f,
0181298300040513,
0fd000ef01c12d83,
001df713000a4a63,
01476733015a6a33,
0004859306071e63,
0004051300100613,
0201258310c010ef,
290010ef00050493,
0390071324a05863,
031c0b9324eb8c63,
00090a9302812783,
017c8023001c8d13,
000b091300178d93,
0c1000efcc1ff06f,
00050b1300050913,
eadff06f000a0c93,
00812783720a4463,
0147ea33015a6a33,
f1b054e3700a0c63,
0390071301812983,
0281270320eb8063,
00090a93001b8793,
00170d93001c8d13,
000b091300fc8023,
00200793c69ff06f,
00098d13bb57dce3,
020125839a0c12e3,
0050061300000693,
049000ef00040513,
02a1202300050593,
1d8010ef00048513,
0310079396a05ee3,
0281278300f98023,
00178d9300198d13,
0004051302012583,
7ec000ef001d8d93,
c35ff06fc20916e3,
000a061300050593,
6b9000ef00040513,
02a1202300100793,
00000a131157de63,
0107278302012703,
0027979300378793,
0047a50300f707b3,
02000793251000ef,
ab1ff06f40a787b3,
0407906302c12783,
00c7979300812783,
0081268302079a63,
0146d71300000793,
00070c637ff77713,
001b0b1301812783,
00f12c2300178793,
540a1c6300100793,
0010079300078a13,
a8d70ce3a65ff06f,
40f707b303c00713,
00100793a79ff06f,
02f1282300500a93,
0281270301c12783,
00178c1300e787b3,
000c061304f12623,
00100613ad804c63,
00051663ad0ff06f,
b00790e3001bf793,
fffa478303000693,
fffa0a13000a0d13,
b0dff06ffed78ae3,
ab9ff06f000c0a13,
999ff06f000b0793,
0181270303812783,
40fb87b303712c23,
018707b300fa0a33,
018b0b3300070c93,
00000b9300f12c23,
02c12783bd9ff06f,
00812783ee0792e3,
ec079ce300c79793,
02012303f15ff06f,
0020091302412d03,
00200a93b00ff06f,
a2cff06f02012823,
001bf713dc0510e3,
db5ff06fda0716e3,
00fc802303900793,
00090a9302812783,
00178d93001c8a13,
a49ff06f000b0913,
00100c1300100793,
e6cff06f00f12e23,
f05ff06f02012823,
3007046304812703,
4337879301812703,
00f707b300fb0b33,
00070c9303812b83,
b35ff06f00f12c23,
00f9802303100793,
a1dff06f001d8d93,
3007886302812783,
00fbf79340f00bb3,
e887071380013737,
00e787b300379793,
0047a6830007a603,
0241258302012503,
051030ef404bdb93,
420b886300058d13,
80013cb700200913,
f78c8c9304812023,
0005071300090413,
0005091300000613,
02068063001bf693,
004ca683000ca603,
0014041300070513,
0005071300d030ef,
401bdb9300100613,
fc0b9ae3008c8c93,
0005879300090513,
0401240300040913,
00050713a4061263,
a38ff06f000d0793,
0007061300068593,
4e0020ef00070513,
000a061302812783,
00178d93000a8693,
0005891300050b13,
5a0030ef000d8c13,
000b0513c6a04663,
000a061300090593,
4fc030ef000a8693,
001d7d1300051663,
000b8d13c40d1663,
00492583941ff06f,
430000ef00040513,
3605006300050a13,
00c9059301092603,
0026061300c50513,
81cfa0ef00261613,
000a059300100613,
4e9000ef00040513,
aa9ff06f00050b13,
000b861300090593,
381000ef00040513,
0005059300048613,
0004051300050913,
00050793139000ef,
0004051300048593,
474000ef00078493,
417787b303812783,
f4078e6302f12c23,
05812603f44ff06f,
0641250305c12683,
000b859304b12823,
6d0030ef02612823,
0601278303012303,
0069802300100693,
0501288304a12423,
00f98bb300058913,
f181a78326d78c63,
04912823f1c1a803,
03012a2302f12823,
000c851306812023,
0301260300088593,
001d0d1303412683,
0005841367c030ef,
6a4040ef00050493,
720040ef00050c93,
0005869300050613,
0004059300048513,
529030ef030c8c93,
fdab90e3ff9d0fa3,
0601240305012483,
0005889300050c93,
f341a683f301a603,
0009059304812503,
338020ef03112823,
000c861303012883,
508030ef00088693,
0481260318054c63,
f341a583f301a503,
4d1030ef00090693,
000c861303012883,
3e0030ef00088693,
07c1278310a04c63,
02812703de07c663,
dee7c06300e00793,
06c1270302812783,
00f707b300379793,
0047aa830007aa03,
07812703ca8ff06f,
0360079301812683,
00fb0b3340e787b3,
03812b8300f687b3,
00f12c2300068c93,
02812783829ff06f,
0181298300090a93,
000b091300178d93,
02012703ec4ff06f,
0020091302412783,
b20c0863fc5fe06f,
bda0506304c12d03,
0281278300078593,
f181a603f1c1a683,
00070513fff78793,
538030ef06f12423,
0019051300050713,
04b1202304e12823,
050127035dc040ef,
0007061304012783,
510030ef00078693,
f241a683f201a603,
fcc006b721c020ef,
0501270304012783,
00b68bb300050c93,
fd9fe06f07a12023,
001c0c1303100693,
020120239c8ff06f,
a39ff06f00000913,
fffbc78303000613,
fffb8b93000b8d13,
06812783fec78ae3,
e74ff06f00178d93,
0181298303900713,
95404ce3baeb88e3,
01812983959ff06f,
00078a13951ff06f,
00078c93a41ff06f,
018b0b33018787b3,
f14ff06f00f12c23,
00178c1306812783,
05812a03934ff06f,
06c12c0306412b03,
ac0ff06f06012a83,
0157c86300200793,
04c12c0302812d83,
04c12c03d40ff06f,
971ff06f03612423,
dfdff06f04012b83,
ff57c4e300200793,
0361242304c12c03,
00050713f6cff06f,
0020091300058793,
800136b7e6dfe06f,
df46869380013537,
2ef0059300000613,
16d010efe0850513,
87b04ce301812983,
800136b78a1ff06f,
df46869380013537,
1af0059300000613,
145010efe0850513,
0000059302042e23,
02012823d1dfe06f,
e441a783cd9fe06f,
0205806300078067,
0406886304060263,
00f5a02300064783,
00a0353300064503,
ff01011300008067,
0206046300c10593,
0006478302068a63,
0006450300f5a023,
0101011300a03533,
0000051300008067,
0000051300008067,
ffe00513fedff06f,
ffe0051300008067,
04452783fddff06f,
00812423ff010113,
0011262300912223,
0005849300050413,
0024971302078c63,
0007a50300e787b3,
0005270304050463,
0005282300e7a023,
00c1208300052623,
0041248300812403,
0000806701010113,
0040059302100613,
04a422230c9010ef,
fa051ce300050793,
fd1ff06f00000513,
0010091301212023,
0059061300991933,
0010059300261613,
095010ef00040513,
0125242300050a63,
0001290300952223,
00012903f95ff06f,
f91ff06f00000513,
0045a70302058063,
0027171304452783,
0007a70300e787b3,
00b7a02300e5a023,
fe01011300008067,
0105a48300912a23,
00812c2300010337,
0131262301212823,
0005891300112e23,
0006841300050993,
0000089301458813,
00082783fff30313,
0018889300480813,
02c707330067f733,
02c686b30107d693,
0107d713008707b3,
00e686b30067f7b3,
00f707b301069713,
0106d413fef82e23,
02040263fc98c2e3,
02f4de6300892783,
0027979300448793,
0087a22300f907b3,
0099282300148493,
0181240301c12083,
00c1298301412483,
0101290300090513,
0000806702010113,
0009851300492583,
0015859301412423,
00050a13e5dff0ef,
0109260304050e63,
00c5051300c90593,
0026161300260613,
00492703a49f90ef,
002717130449a783,
0007a70300e787b3,
0127a02300e92023,
000a091300448793,
00f907b300279793,
0014849300812a03,
009928230087a223,
800136b7f71ff06f,
df46869380013537,
0ba0059300000613,
69c010efe4050513,
00812c23fe010113,
0121282300912a23,
0141242301312623,
0090079300068993,
00112e2300868693,
0005091302f6c6b3,
00060a1300058413,
0d37da6300070493,
0000059300100793,
0015859300179793,
00090513fed7cce3,
00050593d85ff0ef,
001007930a050c63,
00952a2300f52823,
0947d86300900793,
00940a9301512223,
01440433000a8493,
00a006130004c683,
fd06869300090513,
00148493e1dff0ef,
fe8492e300050593,
008a8433ff8a0413,
033a566300412a83,
013409b3414989b3,
00a0061300044683,
fd06869300090513,
00140413de5ff0ef,
ff3412e300050593,
0181240301c12083,
0101290301412483,
00812a0300c12983,
0201011300058513,
00a4041300008067,
fa9ff06f00900a13,
f41ff06f00000593,
80013537800136b7,
00000613df468693,
e40505130d300593,
564010ef01512223,
0001073700050793,
00e7f66300000513,
0100051301079793,
00e7f66301000737,
0087979300850513,
00e7f66310000737,
0047979300450513,
00e7ea6340000737,
01f7d793fff7c793,
0000806700f50533,
0007ca6300279793,
00074a6300179713,
0000806702000513,
0000806700250513,
0000806700350513,
0005071300052783,
020684630077f693,
000005130017f693,
0027f69304069e63,
0017d7930a068863,
0010051300f72023,
0107969300008067,
000005130106d693,
0ff7f69306068e63,
00f7f69306068063,
0037f69304068263,
0017f69302068463,
0017d79300069c63,
0007966300150513,
0000806702000513,
0000806700f72023,
0017f6930027d793,
fe0696e300250513,
0047d793fd5ff06f,
004505130037f693,
fddff06ffa069ee3,
00f7f6930087d793,
fa0690e300850513,
0107d793fddff06f,
010005130ff7f693,
fddff06ff80692e3,
00f720230027d793,
0000806700200513,
ff01011304452783,
0091222300812423,
0005041300112623,
02078c6300058493,
060502630047a503,
00e7a22300052703,
0081240300c12083,
00952a2300100793,
00f5282300052623,
0101011300412483,
0210061300008067,
414010ef00400593,
0005079304a42223,
800136b7fa051ce3,
df46869380013537,
1450059300000613,
384010efe4050513,
0010059301c00613,
3dc010ef00040513,
00100793fc050ae3,
0020079300f52223,
f85ff06f00f52423,
01212823fe010113,
0105a90301312623,
00912a2301062983,
00112e2301412423,
00058a1300812c23,
01394c6300060493,
0005849300098713,
00060a1300090993,
0084a78300070913,
012984330044a583,
00f585b30087a7b3,
1a050e63a45ff0ef,
0024189301450313,
00030793011308b3,
0007a02301137863,
ff17ece300478793,
00291e13014a0813,
0029959301448e93,
00be85b301c80e33,
0154879313c87663,
16f5f06300400f13,
fff68693000106b7,
010fdf930180006f,
00480813080f9863,
11c8706300430313,
00dff3b300082f83,
00030293fe0382e3,
00000493000e8f93,
0002a603000fa783,
00d7f73300428293,
0107d79302770733,
0106561300d67933,
027787b3004f8f93,
0097073301270733,
00d7773301075493,
009787b300c787b3,
00e6673301079613,
0107d493fee2ae23,
01e307b3fabfe8e3,
00082f830097a023,
f60f8ce3010fdf93,
0003029300032703,
00070493000e8613,
0006278300000393,
00d777330104d993,
03f787b300d7f7b3,
004282930042a483,
00d4f93300460613,
013787b3007787b3,
00e3e73301079393,
ffe65703fee2ae23,
03f707330107d793,
00f7073301270733,
fab668e301075393,
00e7a02301e307b3,
0043031300480813,
00804863f1c864e3,
fff404130180006f,
ffc8a78300040863,
fe0788e3ffc88893,
0085282301c12083,
0141248301812403,
00c1298301012903,
0201011300812a03,
409587b300008067,
ffc7f793feb78793,
e95ff06f00478f13,
80013537800136b7,
00000613df468693,
e405051316200593,
fe010113128010ef,
0121282300812c23,
00112e2301312623,
0006041300367793,
0005891300050993,
402454130a079c63,
00912a2306040a63,
0c0486630409a483,
0207906300147793,
04040a6340145413,
060506630004a503,
0014779300050493,
00048613fe0784e3,
0009851300090593,
02090063d61ff0ef,
0449a78300492703,
00e787b300271713,
00e920230007a703,
401454130127a023,
fa041ae300050913,
01c1208301412483,
00c1298301812403,
0101290300090513,
0000806702010113,
0004859300048613,
d05ff0ef00098513,
0005202300a4a023,
f81ff06f00050493,
80013737fff78793,
00279793e7870713,
0007a60300f707b3,
849ff0ef00000693,
f29ff06f00050913,
0009851300100593,
00050493f5cff0ef,
2710079302050063,
0010079300f52a23,
04a9a02300f52823,
f0dff06f00052023,
80013537800136b7,
00000613df468693,
e405051314500593,
fe0101137d9000ef,
0105aa8301512223,
013126230085a783,
01598ab340565993,
00912a2300812c23,
0141242301212823,
001a891300112e23,
0006041300058493,
00050a130045a583,
001797930127d863,
ff27cce300158593,
ec0ff0ef000a0513,
0145081310050c63,
0059899303305463,
0135073300299993,
0047879300080793,
fee79ce3fe07ae23,
01380833fec98993,
014487930104a883,
0028989301f47613,
0a060463011788b3,
40c585b302000593,
0000069300080313,
004303130007a703,
00c7173300478793,
fee32e2300d76733,
00b6d6b3ffc7a683,
01548793ff17e0e3,
00f8ea6300400713,
feb78793409887b3,
00478713ffc7f793,
00d8202300e80833,
000a891300069463,
044a27830044a703,
0027171301c12083,
0007a70300e787b3,
0181240301252823,
0097a02300e4a023,
0141248301012903,
00812a0300c12983,
0201011300412a83,
0007a70300008067,
0048081300478793,
fb17f4e3fee82e23,
004787930007a703,
fee82e2300480813,
f91ff06ffd17eee3,
80013537800136b7,
00000613df468693,
e40505131de00593,
01052703649000ef,
000508130105a783,
04f7126340f70533,
0148081300279793,
00f8073301458593,
0080006f00f587b3,
ffc7260302e87463,
ffc70713ffc7a683,
fed606e3ffc78793,
00d6766300100513,
00008067fff00513,
0105a70300008067,
ff01011301062783,
0091222300812423,
0121202300112623,
0006049300058413,
18f71e6340f706b3,
0145861300279693,
00d607b301448713,
0080006f00d70733,
ffc7a58318f67c63,
ffc78793ffc72683,
fed586e3ffc70713,
00d5ea6300100913,
0000091300048793,
0007841300040493,
cb8ff0ef0044a583,
0104a8831a050663,
01448f9301042283,
0144081300289313,
0145059300229293,
0125262300010e37,
005802b3006f8333,
000f8e9300058f13,
fffe0e1300000693,
00082603000ea703,
01c777b3004f0f13,
407787b301c673b3,
0107571300d787b3,
4107d69301065613,
00d7073340c70733,
01c7f7b301071693,
0048081300d7e7b3,
004e8e93feff2e23,
fa586ae341075693,
4082843301540713,
00e2b2b3feb40413,
002454130012cf13,
0a02846300400713,
00e5883300ef8fb3,
00080e1300010eb7,
fffe8e93000f8613,
000627830c6ff463,
00460613004e0e13,
00d7073301d7f733,
410757130107d593,
00d787b300b70733,
0107169301d7f7b3,
fefe2e2300d7e7b3,
fc6664e341075693,
41f30333fff30313,
00680733ffc37313,
ffc7278300079a63,
ffc70713fff88893,
00c12083fe078ae3,
0115282300812403,
0001290300412483,
0000806701010113,
e806dee300100913,
00140713ea9ff06f,
f55ff06f00271713,
b50ff0ef00000593,
00c1208306050063,
0010079300812403,
00052a2300f52823,
0001290300412483,
0000806701010113,
000f166300000713,
f7dff06f00e58733,
00e5873300241713,
800136b7f71ff06f,
df46869380013537,
2450059300000613,
3ad000efe4050513,
80013537800136b7,
00000613df468693,
e405051323700593,
7ff007b7391000ef,
fcc007b700b7f5b3,
0000079300f585b3,
0007851300b05663,
40b005b300008067,
013007934145d593,
000807b700b7cc63,
0000079340b7d5b3,
0000806700078513,
01e00713fec58593,
00b7466300100793,
00b7d7b3800007b7,
0007851300000593,
fe01011300008067,
0105248300912a23,
0145041300812c23,
009404b300249493,
ffc4a90301212823,
0141242301312623,
0005899300090513,
d8cff0ef00112e23,
40a707b302000713,
00a0079300f9a023,
08a7dc63ffc48a13,
05447063ff550613,
04060c63ff84a783,
00d7d73340c706b3,
00e9693300c91933,
3ff00737ff848593,
00c797b300e96733,
ff44a60302b47e63,
00d7e7b300d656b3,
00b0079302c0006f,
00c9193300f50c63,
00e967333ff00737,
0100006f00000793,
3ff0073700000793,
01c1208300e96733,
0141248301812403,
00c1298301012903,
0007851300812a03,
0201011300070593,
00b0069300008067,
3ff007b740a686b3,
00f7673300d95733,
0144766300000793,
00d7d7b3ff84a783,
00a9193301550513,
fa9ff06f00f967b3,
01512a23fd010113,
0010059300058a93,
01312e2302912223,
0211262301412c23,
0321202302812423,
00068a1300060493,
918ff0ef00070993,
0010073710050263,
fff707930144d913,
000504137ff97913,
000904630097f7b3,
00f1262300e7e7b3,
00c10513060a9263,
00c12703cb8ff0ef,
0094282300100493,
0205079300e42a23,
bcd9091308090863,
0350049300f90933,
40f48533012a2023,
02c1208300a9a023,
0281240300040513,
0201290302412483,
01812a0301c12983,
0301011301412a83,
0081051300008067,
c54ff0ef01512423,
0005079300c12703,
0081260304050e63,
40a686b302000693,
00a7573300d716b3,
00e1262300c6e6b3,
0014849300e034b3,
00e42c2300d42a23,
f6091ce300942823,
00e4073300249713,
bce7879301072503,
b84ff0ef00fa2023,
40a4853300549493,
00812683f69ff06f,
800136b7fc1ff06f,
df46869380013537,
30f0059300000613,
0b5000efe4050513,
03212023fd010113,
0081059300058913,
0281242302112623,
01312e2302912223,
d69ff0ef00050993,
0005841300050493,
00c1059300090513,
01092703d55ff0ef,
00c126830109a783,
0081270340e787b3,
40d7073300579793,
0005071300e787b3,
0147979302f05e63,
0005869300878433,
0004059300048513,
099010ef00070613,
0281240302c12083,
0201290302412483,
0301011301c12983,
0147979300008067,
fc9ff06f40f585b3,
01212023ff010113,
0170079300112623,
04a7da6300050913,
f141a583f101a783,
0091222300812423,
f1c1a483f181a403,
0004061300078513,
250020ef00048693,
00050793fff90913,
00812403fe0914e3,
0041248300c12083,
0007851300012903,
0000806701010113,
0035191380013737,
01270733e7870713,
00c1208301072783,
0001290301472583,
0101011300078513,
0106268300008067,
4055d593fff58593,
0146079300158593,
0025959300269693,
00b505b300d786b3,
0005071302d7f863,
004787930007a803,
ff072e2300470713,
40c687b3fed7e8e3,
ffc7f793feb78793,
00f5053300478793,
0045051300b57863,
feb56ce3fe052e23,
0105270300008067,
014506934055d613,
0027171302c75263,
04f6f26300e687b3,
ffc78793ffc7a703,
00100513fe070ae3,
0026179300008067,
fee650e300f687b3,
fc058ce301f5f593,
001005130007a603,
00b7173300b65733,
00008067fce602e3,
0000806700000513,
02912223fd010113,
0006049302112623,
028124231e058863,
0005841303212023,
01512a2301312e23,
0005091301412c23,
ffc42703f58f70ef,
0160069300b48793,
ffc77993ff840a93,
ff87fa1310f6f263,
109a60631007c263,
800137b71349d263,
18878c1301812423,
013a86b3008c2603,
1cd608630046a783,
00c68633ffe7f613,
0016761300462603,
ffc7f79314061a63,
0d46586300f98633,
02071c6300177713,
ff842b8301712623,
417a8bb301612823,
ffc77713004ba703,
01378b3300e787b3,
00e98b33334b5c63,
01012b03294b5863,
0004859300c12b83,
efdf60ef00090513,
4005086300050493,
ff850713ffc42783,
00fa87b3ffe7f793,
ffc9861324e78663,
2ec7e46302400793,
20c76a6301300713,
0004071300050793,
00d7a02300072683,
00d7a22300472683,
00e7a42300872703,
0009051300040593,
00090513df5f80ef,
00812c03e4cf70ef,
01000a1306c0006f,
00c00793f09a74e3,
0000049300f92023,
00c6a7830540006f,
00812c030086a703,
00f7262300060993,
004aa78300e7a423,
00f00613414986b3,
013a87330017f793,
0137e7b308d66263,
0047278300faa223,
00f722230017e793,
de0f70ef00090513,
0281240300040493,
0201290302c12083,
01812a0301c12983,
0004851301412a83,
0301011302412483,
0017771300008067,
01712623ee071ae3,
01612823ff842b83,
004ba703417a8bb3,
ec9ff06fffc77713,
0241248302c12083,
0301011300060593,
0147e7b3dc9f606f,
014a85b300faa223,
00d5a2230016e693,
0085859300472783,
0017e79300090513,
cf1f80ef00f72223,
ffc7f793f69ff06f,
010a0613013786b3,
0017771326c6d063,
01712623e6071ee3,
01612823ff842b83,
004ba703417a8bb3,
00e787b3ffc77713,
e4cb44e301378b33,
008ba70300cba783,
02400693ffc98613,
00e7a42300f72623,
28c6e463008b8493,
0004879301300713,
0004270302c77263,
00eba42301b00793,
00eba62300442703,
0084041326c7ea63,
00042703010b8793,
0044270300e7a023,
0084270300e7a223,
014b873300e7a423,
00ec2423414b0b33,
00f72223001b6793,
00090513004ba783,
0147e7b30017f793,
c80f70ef00fba223,
00c12b8301012b03,
e99ff06f00812c03,
01b0071300042683,
0044268300d52023,
14c76e6300d52223,
0085079300840713,
ffc52783dd9ff06f,
ffc7f79300812c03,
e29ff06f00f989b3,
008ba70300cba783,
02400693ffc98613,
00e7a42300f72623,
10c6e663008b8493,
0004879301300713,
0004270302c77c63,
00eba42301b00793,
00eba62300442703,
0084278314c7f863,
00c4278300fba823,
0ad60c6300fbaa23,
018b879301040413,
00e7a02300042703,
00e7a22300442703,
00e7a42300842703,
000b8a93000b0993,
00c12b8301012b03,
0004841300812c03,
00040593d95ff06f,
d3dff06ff19fc0ef,
0086a70300c6a783,
02400693ffc98613,
00e7a42300f72623,
00cba783008ba703,
00f72623008b8493,
04c6ee6300e7a423,
0004879301300713,
00042703f8c774e3,
00eba42301b00793,
00eba62300442703,
008427030ac7f063,
00eba82302400793,
00ebaa2300c42703,
01042703f4f618e3,
01840413020b8793,
ffc4270300ebac23,
f3dff06f00ebae23,
0004851300040593,
f45ff06fe81fc0ef,
00e5242300842703,
00e5262300c42703,
0104071306f60463,
c6dff06f01050793,
414686b3014a8ab3,
0016e793015c2423,
ffc4278300faa223,
0004049300090513,
0147e7b30017f793,
ab0f70effef42e23,
cd1ff06f00812c03,
010b879300840413,
00090513ec9ff06f,
00000493a94f70ef,
cb1ff06f00812c03,
0184071301042683,
00d5282301850793,
00d52a2301442683,
00040593bf9ff06f,
dddfc0ef00048513,
00842783db5ff06f,
00c4278300fba823,
00d6086300fbaa23,
018b879301040413,
01042703d7dff06f,
01840413020b8793,
ffc4270300ebac23,
d61ff06f00ebae23,
00078067e401a783,
0ff0079302058463,
00c5802300c7e863,
0000806700100513,
00f5202308a00793,
00008067fff00513,
0000806700000513,
00812c23fe010113,
00112e2300912a23,
00050413e401a783,
0205826300068493,
fff00793000780e7,
01c1208302f50663,
0141248301812403,
0000806702010113,
0041059300000613,
fff00793000780e7,
0004a023fcf51ee3,
01c1208308a00793,
0181240300f42023,
0201011301412483,
fe01011300008067,
00912a2300812c23,
f441a48300112e23,
00060413e401a783,
0005861302050a63,
0005059300040693,
000780e700048513,
02f50a63fff00793,
0181240301c12083,
0201011301412483,
0006069300008067,
0000061300410593,
000780e700048513,
fcf51ae3fff00793,
01c1208300042023,
08a0079301812403,
0141248300f4a023,
0000806702010113,
ff010113f441a703,
0006081300068793,
00c7288300112623,
0005871300050693,
0208006300078613,
0a478793800137b7,
0b458593800135b7,
14c000ef00088513,
8001183719c000ef,
05c8081305c80793,
ff010113fe1ff06f,
0000061300060693,
f9dff0ef00112623,
ff01011302c5b7b3,
0081242300112623,
0a07906302c585b3,
000504138b1f60ef,
ffc526030a050063,
ffc6761302400713,
04c76863ffc60613,
0005079301300693,
0005202302c6f263,
01b0079300052223,
0005242304c7f863,
0105079300052623,
0007a02306e60c63,
0007a4230007a223,
0004051300c12083,
0101011300812403,
0000059300008067,
00c12083984f80ef,
0081240300040513,
0000806701010113,
0007a02300850793,
0007a4230007a223,
0b8000effc1ff06f,
00f5202300c00793,
00c1208300000413,
0081240300040513,
0000806701010113,
0185079300052823,
f81ff06f00052a23,
02c10313fc010113,
0003069302d12623,
02e1282300112e23,
03012c2302f12a23,
0061262303112e23,
01c12083b51fa0ef,
0000806704010113,
fc01011300050e13,
02810313f441a503,
02d1262302c12423,
0003069300058613,
00112e23000e0593,
02f12a2302e12823,
03112e2303012c23,
b05fa0ef00612623,
0401011301c12083,
f441a50300008067,
ff01011300008067,
0011262300600513,
001005132a8000ef,
11852783849f20ef,
0000051300078663,
ff01011300008067,
0081242308000593,
0005041300112623,
10a42c23f18f60ef,
0805079302050463,
0045051300052023,
00000513fef51ce3,
0081240300c12083,
0000806701010113,
fedff06ffff00513,
00912a23fe010113,
01f0079300112e23,
02b7ec6300050493,
00812c2311852783,
02078c6300058413,
008787b300241413,
0007a50301812403,
01c1208300c7a023,
0201011301412483,
0160079300008067,
fff0051300f52023,
08000593fe5ff06f,
e7cf60ef00c12623,
00c1260310a4ac23,
0005071300050793,
00050a6308050693,
0047071300072023,
f9dff06ffed71ce3,
fff0051301812403,
ff010113fa5ff06f,
0011262300912223,
0005049301f00793,
118527830ab7e063,
0005841300812423,
0025971304078463,
0007a70300e787b3,
0010069302070c63,
fff0069300d70c63,
0007a02304d70863,
000700e700058513,
0000051300812403,
0041248300c12083,
0000806701010113,
43c000ef00048513,
0081240300040613,
0005059300c12083,
0041248300048513,
3b80006f01010113,
00c1208300812403,
00f5202301600793,
0010051300412483,
0000806701010113,
00f5202301600793,
f9dff06ffff00513,
0cb7ea6301f00793,
ff01011311852783,
0091222300812423,
0005841300112623,
0807806300050493,
00e787b300241713,
02070c630007a703,
06d70063fff00693,
04d7006300100693,
0007a02300040513,
00000513000700e7,
0081240300c12083,
0101011300412483,
00c1208300008067,
0041248300812403,
0101011300100513,
00c1208300008067,
0041248300812403,
0101011300300513,
0020051300008067,
08000593fb9ff06f,
10a4ac23cd8f60ef,
00050e6300050793,
0805069300050713,
0047071300072023,
f5dff06ffed71ce3,
f85ff06ffff00513,
00008067fff00513,
00912223ff010113,
01f0079300112623,
08a7ee63f441a483,
008124231184a783,
0407826300050413,
00e787b300251713,
02070a630007a703,
00d70a6300100693,
04d70663fff00693,
000700e70007a023,
0000051300812403,
0041248300c12083,
0000806701010113,
29c000ef00048513,
0081240300040613,
0005059300c12083,
0041248300048513,
2180006f01010113,
00c1208300812403,
00f4a02301600793,
0041248300100513,
0000806701010113,
00f4a02301600793,
f9dff06ffff00513,
01212023ff010113,
01f0079300112623,
04a7e263f441a903,
0005041300812423,
0091222311892503,
02050e6300058493,
008507b300241413,
008124030007a503,
004124830097a023,
0001290300c12083,
0000806701010113,
00f9202301600793,
fe5ff06ffff00513,
0009051308000593,
10a92c23b70f60ef,
0805071300050793,
0007a02300050a63,
fef71ce300478793,
00812403fa1ff06f,
fff0051300412483,
ff010113fa9ff06f,
f441a40300812423,
1184278300112623,
0000051300078c63,
0081240300c12083,
0000806701010113,
0004051308000593,
10a42c23b08f60ef,
0805079300050c63,
0045051300052023,
fc9ff06ffef51ce3,
fc5ff06ffff00513,
00912223ff010113,
01f0079300112623,
0ca7e463f441a483,
008124231184a783,
0807826300050413,
00e787b300241713,
02070c630007a703,
06d70063fff00693,
04d7006300100693,
0007a02300040513,
00812403000700e7,
00c1208300000513,
0101011300412483,
0081240300008067,
0041248300c12083,
0101011300100513,
0081240300008067,
0041248300c12083,
0101011300300513,
0081240300008067,
fb9ff06f00200513,
0004851308000593,
10a4ac23a30f60ef,
00050e6300050793,
0805069300050713,
0047071300072023,
f55ff06ffee69ce3,
fff0051300812403,
ff010113f7dff06f,
0081242300058713,
0005041300912223,
0007051300060593,
f401ae2300112623,
fff00793b80f20ef,
00c1208300f50c63,
0041248300812403,
0000806701010113,
fe0784e3f5c1a783,
00f4202300c12083,
0041248300812403,
0000806701010113,
001007b7b10f206f,
fff78e93fe010113,
00def7b300bef833,
012128230146d313,
003797930145d913,
0038181300812c23,
01d5571301f5d413,
7ff9791301d65893,
00112e237ff37313,
0131262300912a23,
00f8e8b301f6d693,
0035159301076733,
406907b300361f13,
16f052631ed40463,
7ff0069328030663,
0380069342d90663,
02f6ce6300100613,
00d8e8b3008006b7,
52f6ce6301f00693,
40f686b302000693,
00ff553300d89633,
00a6663300df16b3,
00f8d8b300d036b3,
4117073300d66633,
00c5b5b340c58633,
40b709b300060493,
3207da6300899793,
fff78793008007b7,
2c09886300f9f9b3,
011020ef00098513,
02000693ff850793,
00e4d73340f68733,
0137673300f999b3,
4b27c86300f494b3,
00178793412787b3,
00d4963340f686b3,
00c0363300f4d9b3,
00d716b301366633,
00f759b300c6e4b3,
0074f79300000913,
00f4f79302078063,
00e78a6300400713,
0097b63300448793,
0007849300c989b3,
6e07da6300899793,
7ff0071300190793,
2ae7866300040e13,
fff70713ff800737,
7ff7f79300e9f733,
0034d61301d71813,
00c8683300971713,
01c1208300c75713,
0147979301812403,
01fe171300e7e7b3,
0141248300e7e7b3,
00c1298301012903,
0007859300080513,
0000806702010113,
412307b314078c63,
00b765333c091263,
fff785134c050463,
7ff0081360050263,
0380079357078663,
02a7cc6300100613,
01f0061300050793,
0200051356f64c63,
00a7163340f50533,
00a5953300f5d833,
00a0353301066633,
00a6663300f75733,
40cf063340e888b3,
0006049300cf3733,
0003091340e889b3,
e85ff06f00068413,
140310631ef05063,
26068c6301e8e6b3,
48068063fff78693,
22c78c637ff00613,
0010099303800793,
0006879302d7cc63,
4af6c06301f00693,
40f686b302000693,
00ff563300d899b3,
00c9e9b300df16b3,
00f8d8b300d036b3,
0117073300d9e9b3,
0135b9b300b985b3,
00e989b300058493,
1407d26300899793,
7ff0079300190913,
ff8007b736f90c63,
0014f613fff78793,
0014d71300f9f7b3,
01f7961300c76733,
0017d99300e664b3,
01e8e6b3e45ff06f,
fff786931c068a63,
7ff0061340068063,
0380079318c78a63,
dad7c2e300100613,
d6dff06f00068793,
7fe8781300190813,
00b7633322081c63,
3809106301e8e833,
4008066346030e63,
0135b53341e589b3,
40a6063341170633,
50055e6300861513,
40e8873340bf05b3,
41e7073300bf3f33,
0005849300871613,
ff8007b752065e63,
00f77733fff78793,
0010079300068e13,
7ff00693df9ff06f,
0380069310d90663,
f0f6c6e300100993,
00d8e8b3008006b7,
00048513ed1ff06f,
01850793544020ef,
d2f6d8e301f00693,
00e49733ff850713,
412789332327c663,
48f6d66300190793,
02000693fe190913,
00d78c63012754b3,
40f687b304000693,
00e0373300f71733,
0000091300e4e4b3,
d2079ce30074f793,
0034d61300090793,
0c00006f00098713,
000007137ff00793,
d71ff06f00000813,
412307b30c078a63,
7ff006931e090263,
0380069332d30863,
02f6ce6300100993,
00d76733008006b7,
3cf6c86301f00693,
40f686b302000693,
00f5d63300d719b3,
00c9e9b300d596b3,
00f7573300d036b3,
00e888b300d9e9b3,
013739b301e98733,
011989b300070493,
e25ff06f00030913,
0035161302081063,
01d7181300365613,
0037571300c86833,
1807066301076733,
7ff0079300000e13,
0000081300080737,
00351613ccdff06f,
01d7181300365613,
00c868337ff00693,
fcd786e300375713,
00c7571300c71713,
00040e137ff7f793,
00190693c9dff06f,
140818637fe6f813,
28091c6300b766b3,
01e8e6b330068263,
01e587b322068863,
0117073300b7b5b3,
0037d81300b70733,
00040e1300871793,
ff8007b73407de63,
00f77733fff78793,
0037571301d71793,
01d777330107e833,
c39ff06f00100793,
0105b7b341e58833,
40f989b3411709b3,
0008049300899793,
013868331007c663,
00000e13b4081ee3,
0000071300000793,
7ff00513c05ff06f,
038005131aa30e63,
c8f544e300100613,
00c7673300800637,
ff8009b7c4dff06f,
40f90933fff98993,
b71ff06f013779b3,
02000613fe078693,
00c78a6300d8d6b3,
40f607b304000613,
00ff6f3300f897b3,
00d6663301e03633,
ff8006b7ac9ff06f,
40f907b3fff68693,
01d7181300d77733,
0037571301386833,
00b766b3ed9ff06f,
fff786931e068663,
7ff005130a068e63,
0380079314a78063,
e4d7c6e300100993,
e15ff06f00068793,
7ff0079300040e13,
0000081300000713,
7ff00793b45ff06f,
01e58f33fef684e3,
011707b300bf35b3,
01f7961300b787b3,
01e664b3001f5f13,
000689130017d993,
40bf0633ab5ff06f,
00cf373340e887b3,
40e789b300060493,
a41ff06f00068413,
0036561300361613,
0008871300068413,
de0312e3e25ff06f,
0038d7131c080663,
01d8989300361613,
0036561301176733,
0006841300c76733,
01e58f33dddff06f,
00bf35b3011708b3,
0089979300b889b3,
0e07d463000f0493,
bd1ff06f00200913,
411708b341e58f33,
000f049301e5b5b3,
0010091340b889b3,
fe0786939b1ff06f,
00d8d6b302000613,
0400061300c78a63,
00f897b340f607b3,
01e039b300ff6f33,
b65ff06f00d9e9b3,
0036599300351613,
00361613eb5ff06f,
0006841300365613,
d41ff06f00088713,
0036561300361613,
d31ff06f00088713,
02000613fe078513,
00c78a6300a75533,
40f607b304000613,
00f5e5b300f717b3,
00a6663300b03633,
fc0682e3a8dff06f,
d00f16e301e8ef33,
dc0808e3cedff06f,
01d8979300361813,
0038d71300385813,
01d7773300f86833,
0000079300068e13,
001007939bdff06f,
40bf05b3c2dff06f,
00bf373340e888b3,
40e889b300058493,
0010091300068413,
003616138c9ff06f,
0008871300365613,
00361613cc5ff06f,
0008871300365993,
fe078693de5ff06f,
00d756b302000613,
0400061300c78a63,
00f717b340f607b3,
00b039b300f5e5b3,
c35ff06f00d9e9b3,
000907930034d613,
c79ff06f00098713,
40f686b302000693,
8b5ff06f00000613,
d00808e300c9e833,
000607130039d993,
00000e13d85ff06f,
000807377ff00793,
01d71793905ff06f,
0107e83300375713,
0000079301d77733,
01d718138edff06f,
00b868330035d593,
0006841300375713,
fd010113c29ff06f,
0145d99301312e23,
0291222302812423,
01412c2303212023,
00c5949301712623,
01512a2302112623,
0181242301612823,
000504137ff9f993,
0006891300060b93,
01f5da1300c4d493,
7ff0079318098a63,
0034949308f98863,
0097e7b301d55793,
00e7eab300800737,
c019899300351b13,
00000c1300000493,
00c9141301495793,
00c454137ff7f793,
0807826301f95913,
18e78a637ff00713,
01dbd71300341413,
c017879300876733,
0087643300800437,
40f989b3003b9893,
00f0071300000613,
24976463012a46b3,
00249493800137b7,
00f484b30e478793,
000700670004a703,
1c0a9e6300a4eab3,
00c9141301495793,
00000b137ff7f793,
7ff0099300800493,
00c4541300200c13,
f80792e301f95913,
1c088263017468b3,
000405134a040a63,
0005079370d010ef,
01d00713ff550693,
40d70733ff878893,
00ebd73301141433,
011b98b300876433,
3f378993013787b3,
f69ff06f00000613,
0380061340f70733,
000007934ee65a63,
0000071300000613,
0281240302c12083,
00c7e7b301479793,
00d7e7b301f69693,
0201290302412483,
01812a0301c12983,
01012b0301412a83,
00812c0300c12b83,
0007859300070513,
0000806703010113,
000006137ff00793,
fadff06f00000713,
7ff0079300000693,
0000071300080637,
00a4eab3f99ff06f,
40048863100a8c63,
641010ef00048513,
ff55069300050713,
ff870b1301d00793,
016494b340d787b3,
0097eab300f457b3,
c0d0099301641b33,
0000049340e989b3,
e55ff06f00000c13,
80198993017468b3,
0024e4930a089c63,
0020061300000413,
000a0913e7dff06f,
000b0893000a8413,
4efc086300200793,
f6fc06e300300793,
0009069300100793,
3ff98793eefc0ee3,
0078f7132af05663,
007417134a071663,
ff0007b700075a63,
00f47433fff78793,
7fe0071340098793,
0038d893f2f740e3,
0094161301d41713,
00c6561301176733,
ebdff06f7ff7f793,
f95ff06f00060c13,
00050b1300048a93,
7ff0099300c00493,
da5ff06f00300c13,
000004130014e493,
dd9ff06f00100613,
000b88930034e493,
dc9ff06f00300613,
0040049300000b13,
00100c1300000993,
2b546463d71ff06f,
000b03132a8a8063,
000a8793fff98993,
0084171300000b13,
02a7d43301075513,
00e666330188d613,
0108581301061813,
0103571300889593,
028808b302a7f7b3,
00f767b301079793,
00f607b30117fa63,
2ec7f063fff40713,
411787b300070413,
0103171302a7d8b3,
02a7f7b301075713,
0107979303180fb3,
01f77a6300f76733,
fff8879300e60733,
0007889328c77e63,
000102b701041413,
fff2831301146433,
01045e93006478b3,
0065f3330105de13,
41f7073303130f33,
010f5793031e08b3,
01f888b3026e8fb3,
03ce8eb3011787b3,
005e8eb301f7f463,
ffff8f9300010fb7,
01f7f7b30107d893,
01ff7f3301079793,
01e787b301d888b3,
17170a6317176e63,
4117073340fb07b3,
4167073300fb3b33,
02a758b32ee60063,
02a777330107de93,
0107171303180f33,
01e77e6300eee733,
fff88e9300e60733,
2fe778632ec76a63,
00c70733ffe88893,
02a75eb341e70733,
0107d79301079793,
03d8083302a77733,
00e7e7b301071713,
00f607b30107fe63,
2ac7e863fffe8713,
ffee8e932b07f663,
0108989300c787b3,
0108951301d8e8b3,
010555130108df13,
410787b302650eb3,
010ed71302ae0533,
00650533026f0333,
03ee0e3300a70733,
0001053700677663,
0001083700ae0e33,
01075513fff80813,
0107171301077733,
01c50533010efeb3,
12a7f26301d70733,
fff8831300f607b3,
1cc7e46300078813,
26a7866324a7e863,
0018e89300030893,
00100713d55ff06f,
41e98993c2079ce3,
00f037b3013897b3,
0137e7b3013419b3,
00f8e8b300e8d8b3,
00e454330078f793,
00f8f79302078063,
00e78a6300400713,
0117b8b300488793,
0007889301140433,
0010079300841593,
0000071300000613,
1340006fbe05cce3,
00bb0eb3e8fb78e3,
00cf0fb3016ebf33,
000e8b1301f70733,
08e67463fff40f93,
12e88e6315176263,
e65ff06f000f8413,
001b5713d71b62e3,
001ad79301fa9313,
01fb1b1300e36333,
000b8513d5dff06f,
0155069325d010ef,
0205079301c00713,
ff850513b4d756e3,
00ab943300000893,
239010efb59ff06f,
01c0079301550693,
bed7dae302050713,
00f41ab3ff850793,
c01ff06f00000b13,
c40708e3eea79ee3,
f8e612e3ed9ff06f,
000f8413f60f0ce3,
d7f774e3de1ff06f,
00c70733ffe88893,
d317f2e3d61ff06f,
00c787b3ffe40413,
01f00613d1dff06f,
fe100613ece656e3,
0200061340f607b3,
00c7086300f457b3,
013419b343e98993,
011038b30138e8b3,
0078f71300f8e8b3,
0207086300000613,
0040071300f8f793,
00e78a6300000413,
0117b8b300488793,
0007889301103433,
01d4171300941613,
0038d89300c65613,
0000079300e8e733,
00030893aa9ff06f,
b8b70ce3e4a812e3,
b91ff06f0018e893,
01d58eb3ecfef4e3,
00cf0f3300bebf33,
000e8b13ffe40413,
d15ff06f01e70733,
3ff98793c0200713,
e0e9c8e3fff00893,
011738b300488713,
0007089301140433,
00f8f713b5dff06f,
b4c708e300400613,
00070e93fe1ff06f,
000e8893d5dff06f,
00090693d19ff06f,
000006137ff00793,
a1dff06f00000713,
00b3383300159313,
0107883300c80833,
00030593ffe88893,
da1ff06ff6a802e3,
00030893fee5e0e3,
ae9ff06ff4b71ce3,
001007b70145d713,
0146d813fff78793,
7ff003137ff77713,
0005089300b7fe33,
01f5d59300d7f7b3,
01f6d6937ff87813,
00670c6300100513,
0107146300680863,
0000806702fe0663,
fee81ce300008067,
00c7e7b300fe67b3,
fe0794e30117e7b3,
00b0353340d585b3,
fcc89ce300008067,
fc0718e300d58a63,
01c03533011e6e33,
0000051300008067,
0145d89300008067,
fff78793001007b7,
7ff8f8930146d713,
00b7f3337ff00e13,
00050e9300050813,
01f5d59300d7f7b3,
7ff7751300060f13,
05c8886301f6d693,
06089a6303c50463,
0605106301036833,
08060c6300c7e633,
001005130a081263,
0000806708068263,
0806146300c7e633,
0103633300089663,
06d58063fe0302e3,
0010051306059263,
0103633300008067,
ff1516e306031263,
04079c6300c7e7b3,
00000513fed590e3,
fa0808e300008067,
0280006ffcd598e3,
fcd592e3fc0504e3,
00a8cc63fd1540e3,
00f31863fa67ece3,
00000513fbdf68e3,
00100513f9eef6e3,
fff00513f80592e3,
f8081ae300008067,
ffe0051300008067,
fcd586e300008067,
0145d893f81ff06f,
fff78793001007b7,
7ff8f8930146d713,
00b7fe337ff00313,
00050e9300050813,
01f5d59300d7f7b3,
7ff7751300060f13,
04688a6301f6d693,
0608986302650463,
08051e63010e6833,
0a06046300c7e633,
001005130a081663,
0000806708068063,
0020051300c7e633,
00089663fe061ae3,
fe0e00e3010e6e33,
04059e6304d58c63,
0000806700100513,
060e1063010e6e33,
00c7e7b3ff1516e3,
fc0790e300200513,
00000513fcd59ee3,
fc0508e300008067,
fd1544e3fcd596e3,
fdc7e0e300a8cc63,
fbdf6ce300fe1863,
f9eef8e300000513,
f80594e300100513,
00008067fff00513,
f8d59ce3f6080ae3,
00200513fe9ff06f,
f80814e300008067,
fcd580e300008067,
fd010113f7dff06f,
028124230145d793,
0321202302912223,
01512a2301312e23,
0211262300c59493,
0161282301412c23,
0181242301712623,
000504137ff7f793,
0006899300060a93,
01f5d91300c4d493,
7ff0071342078463,
003496930ae78663,
00d7673301d55713,
00d764b3008006b7,
c0178c1300351a13,
00000b9300000b13,
00c997130149d793,
000a8f137ff7f793,
01f9d99300c75413,
7ff007130a078063,
0034171314e78e63,
00e5e5b301dad593,
00800737c0178793,
003a9f1300e5e433,
00000313018788b3,
0018851300a00713,
013945b30b674c63,
0005881300200793,
fffb0b131567c663,
1767606300100713,
000404933cf30a63,
00030b93000f0a13,
00a4ea3309c0006f,
0149d7933c0a1863,
7ff7f79300c99713,
00800b1300000493,
00200b937ff00c13,
00c75413000a8f13,
f60794e301f9d993,
3c078263015467b3,
000405134a040063,
000508934cc010ef,
01d00793ff550713,
40e787b3ff888f13,
01e4173300fad7b3,
01ea9f3300e7e433,
c0d88893411c08b3,
0000031300a00713,
f56758e300188513,
0020079300090593,
0030079332fb8a63,
0010079348fb8c63,
46fb9a6300058813,
0000069300000793,
02c1208300000713,
0147979302812403,
01f8169300d7e7b3,
0241248300d7e7b3,
01c1298302012903,
01412a8301812a03,
00c12b8301012b03,
0007051300812c03,
0301011300078593,
0154673300008067,
30070a637ffc0893,
0139483300001737,
003b6b1380070713,
0008059300a00693,
3966c06300ec0533,
0010061300300313,
5306771301661633,
24067793f4071ae3,
088676133c079463,
00010fb72e061263,
01da77b3ffff8e93,
01df7eb3010a5693,
03d78733010f5e13,
0107559303d68333,
0066063302fe0633,
03c68f3300c585b3,
01ff0f330065f463,
fff38613000103b7,
01045f9300c5f333,
00c4743300c77733,
028782b301031313,
0105d59300e30333,
0102d61302868733,
00e787b302ff87b3,
03f687b300f60633,
007787b300e67463,
fff9099300010937,
0104d39301367733,
0132f2b30134f6b3,
02de84b301071713,
0106561300570733,
00e585b300f60633,
0104d79302de02b3,
01d282b303d38eb3,
027e0e33005787b3,
012e0e3301d7f463,
fff98e93000109b7,
0107d79301d7f2b3,
01d4feb301c787b3,
02d4093301029293,
0283843301d282b3,
02df86b301095e13,
00de0e33008686b3,
008e7463027f8eb3,
00010fb7013e8eb3,
01fe76b3ffff8f93,
01f9793301069693,
012686b301e585b3,
00e5b73300c68633,
00558f3300e60733,
00bf35b300f707b3,
00d636b300b785b3,
00c6e6b300c73633,
010e5e1300e7b733,
01c686b300f5b7b3,
009f179300f76733,
0067e7b300d70733,
00f037b301d70733,
00971713017f5613,
00c7e7b30175d693,
00b7ea3300959593,
00d764b300771793,
001a57130207d063,
01f49693001a7793,
00d7ea3300f767b3,
000508930014d493,
12c056633ff88613,
02078063007a7793,
0040071300fa7793,
004a071300e78a63,
00f484b3014737b3,
0074979300070a13,
ff0007b70007da63,
00f4f4b3fff78793,
7fe0079340088613,
003a57931cc7c463,
0094969301d49713,
00c6d69300f76733,
d41ff06f7ff67793,
060a086300a4ea33,
0004851312048e63,
0005061318c010ef,
01d00713ff550693,
40d70733ff860793,
00f496b300e45733,
00f41a3300d764b3,
40c78c33c0d00793,
00000b9300000b13,
00058813bc1ff06f,
000006937ff00793,
ce1ff06f00000713,
00c00b1300050a13,
00300b937ff00c13,
00000493b99ff06f,
00000c1300400b13,
b85ff06f00100b93,
000c0893001b6b13,
00000f1300000413,
bb5ff06f00100313,
00000413002b6b13,
0020031300000f13,
00040493ba1ff06f,
00030b93000f0a13,
c51ff06f00098593,
1006106300100713,
011a163341e88893,
011498b300c03633,
0116663300ea57b3,
0076779300f66633,
0207806300e4d5b3,
0040071300f67793,
0046079300e78a63,
00c585b300c7b633,
0085951300078613,
0000069300100793,
c0054ce300000713,
00f0071310c0006f,
0000081312eb1063,
00000713000806b7,
058010efbfdff06f,
01c0079301550693,
ecd7d4e302050613,
00000a13ff850513,
ed5ff06f00a414b3,
030010ef000a8513,
01c0079301550713,
b6e7d0e302050893,
00000f13ff850513,
b6dff06f00aa9433,
7ff0079300000813,
ba1ff06f000806b7,
df5ff06f00050893,
000006937ff00793,
b89ff06f00000713,
7ff0079300000813,
00000713000806b7,
40c70733b75ff06f,
b4e7cee303800793,
eee7dae301f00793,
40c787b3fe100793,
00f4d7b302000693,
43e8889300d70863,
011a6a33011498b3,
00f6663301403633,
0000069300767713,
00f6779302070863,
0000059300400713,
0046079300e78a63,
00c035b300c7b633,
0095969300078613,
00c6d69301d59713,
00e6673300365613,
af1ff06f00000793,
000a8a1300040493,
0009859300300b93,
001007b7ab5ff06f,
fe010113fff78793,
00d7f83300b7f8b3,
003898930146d793,
0131262300812c23,
0145d99301f5d413,
0038181301d55713,
00112e2301d65593,
0121282300912a23,
7ff003137ff7ff13,
7ff9f99301176733,
0035189300040e13,
0105e5b301f6d693,
206f0c6300361e93,
41e987b30016c693,
00f05ae316d40263,
3c698463240f0a63,
0010051303800693,
008006b702f6ce63,
01f0069300d5e5b3,
020006934ef6c463,
00d5953340f686b3,
00de96b300fed633,
00d036b300c56533,
00d5653300f5d7b3,
40a8853340f70733,
0005049300a8b633,
0089179340c70933,
008007b73407d863,
00f97933fff78793,
000905132e090663,
ff850793645000ef,
40f6873302000693,
00f9193300e4d733,
00f494b301276733,
413787b33f37c463,
40f686b300178793,
00f4d93300d49633,
00c9663300c03633,
00c6e4b300d716b3,
0000099300f75933,
020780630074f793,
0040071300f4f793,
0044879300e78a63,
00a909330097b533,
0089179300078493,
001987936c07d063,
24e786637ff00713,
fff70713ff800737,
7ff7f79300e97733,
0034d51301d71813,
00a8683300971713,
00147e1300c75713,
0181240301c12083,
00e7e7b301479793,
00e7e7b301fe1713,
0101290301412483,
0008051300c12983,
0201011300078593,
70f0526300008067,
01d5e6b31c0f1663,
fff7869326068e63,
24678c6346068863,
0010091303800793,
0006879302d7cc63,
48f6ca6301f00693,
40f686b302000693,
00fed63300d59933,
00c9693300de96b3,
00f5d7b300d036b3,
00f7073300d96933,
0126393301190633,
00e9093300060493,
1e07d26300891793,
7ff0079300198993,
ff8007b716f98863,
0014f513fff78793,
0014d71300f977b3,
01f7951300a76733,
0017d91300e564b3,
01d5e833ec9ff06f,
0608086380198313,
0e03046306d40a63,
0036151326098e63,
0006841300355513,
01d7181300058713,
0037571300a86833,
1007066301076733,
7ff0079300000e13,
0000081300080737,
01d5e6b3ed9ff06f,
fff7869318068663,
166784633a068263,
0010051303800793,
00068793dcd7cee3,
0016c693da5ff06f,
18030863f8d41ae3,
7ff007932c099063,
48068863011766b3,
34068263fff78693,
2aa782637ff00513,
0010091303800793,
01f0079302d7ca63,
020007934cd7c663,
00f7193340d787b3,
00f897b300d8d633,
00f037b300c96933,
00f9693300d756b3,
01d9073300d585b3,
0007049301273933,
000f099300b90933,
00198793ed1ff06f,
140794637fe7f793,
011767b301d5e833,
38078e632a099463,
003515133c081063,
0000079300355913,
0a6980631140006f,
0010091303800693,
008006b7e8f6c0e3,
e45ff06f00d5e5b3,
7ff0079300147e13,
0000081300000713,
00048513dd1ff06f,
0185079335d000ef,
d0f6dae301f00693,
00e49733ff850713,
413789b31b37ce63,
42f6de6300198793,
02000693fe198993,
00d78c63013754b3,
40f687b304000693,
00e0373300f71733,
0000099300e4e4b3,
d0079ee30074f793,
0034d51300098793,
0280006f00090713,
00351513e6081ce3,
0035551301d71813,
0037571300a86833,
00351513e59ff06f,
01d7181300355513,
00a868337ff00693,
e2d78ee300375713,
00c7571300c71713,
00147e137ff7f793,
00198693d19ff06f,
12079e637fe6f793,
24099a63011767b3,
01d5e7b330078663,
0035151330079a63,
01d7181300355913,
0037571301286833,
41d88833fb9ff06f,
40b709330108b7b3,
0089179340f90933,
1207c26300080493,
c00812e301286833,
0000079300000e13,
cadff06f00000713,
fff90913ff800937,
0127793340f989b3,
7ff00793c39ff06f,
1005046301176533,
1e080263fff78813,
d6a788e37ff00513,
0006841303800793,
0307ca6300100513,
1907c46301f00793,
410787b302000793,
0108d6b300f71533,
00d5653300f897b3,
0107583300f037b3,
410585b300f56533,
00aeb73340ae8533,
40e5893300050493,
b59ff06f000f0993,
02000613fe078693,
00c78a6300d5d6b3,
40f607b304000613,
00feeeb300f597b3,
00d5653301d03533,
ff8006b7b1dff06f,
40f987b3fff68693,
ef9ff06f00d77733,
0035551300361513,
cd9ff06f00058713,
def686e37ff00793,
011eb63301d88eb3,
00c787b300b707b3,
001ede9301f79513,
0017d91301d564b3,
b45ff06f00068993,
40e587b3411e8633,
0006049300ceb733,
0006841340e78933,
00361613ad1ff06f,
0006841300365513,
e39ff06f00058713,
22080663e00798e3,
003616130035d713,
00b7673301d59593,
00c7673300365613,
c61ff06f00068413,
00b705b301d88eb3,
00c58933011eb633,
000e849300891793,
002009930a07d863,
41d88eb3bddff06f,
01d8b63340b705b3,
40c58933000e8493,
a41ff06f00100993,
02000613fe078693,
00c78a6300d5d6b3,
40f607b304000613,
00feeeb300f597b3,
00d9693301d03933,
fe080793b71ff06f,
00f757b302000693,
0400069300d80a63,
00d71733410686b3,
0110353300e8e8b3,
e7dff06f00f56533,
01d5eeb3ec0788e3,
d49ff06fbc0e90e3,
40e585b3411e8633,
0006049300ceb733,
0006841340e58933,
9b9ff06f00100993,
d11ff06f00100793,
00361613dc0800e3,
01d5981300365793,
00f8683300959713,
00068e1300c75713,
a55ff06f00000793,
0128b7b341d88933,
40f6063340b70633,
0e07d26300861793,
40e58733411e8633,
41d7073300cebeb3,
0006049300871793,
ff8007b71207de63,
00f77733fff78793,
0010079300068413,
003616139f1ff06f,
0005871300365513,
00361613cbdff06f,
0005871300365913,
01d886b3cfdff06f,
0116b63300b707b3,
0087971300c787b3,
08075e630036d813,
fff70713ff800737,
01d7971300e7f7b3,
0107683300979793,
0010079300c7d713,
fe0687939a9ff06f,
00f757b302000613,
0400061300c68a63,
00d7173340d606b3,
0110393300e8e8b3,
b39ff06f00f96933,
000987930034d513,
c31ff06f00090713,
40f686b302000693,
8e9ff06f00000613,
c8080ee300c96833,
0000079300395913,
c59ff06f00060713,
7ff0079300000e13,
935ff06f00080737,
0097979301d79713,
00c7d71301076833,
91dff06f00000793,
413f0833ae0786e3,
c6098ee300080793,
0107ca6303800793,
00f76733008007b7,
c8dff06f00068413,
0010051300068413,
01d71813cb1ff06f,
00c8683300365613,
0000079300375713,
ba5ff06f00068413,
413f06b3ba078ae3,
0006879300099663,
03800793a21ff06f,
a6d7c4e300100913,
00f76733008007b7,
0145d713a2dff06f,
fff78793001007b7,
0146d813fff74713,
00d7f7b300b7f5b3,
7ff8781301571693,
7ff0071302068063,
00e8046300000513,
00c7e7b300008067,
0000806700f03533,
0010051300a5e5b3,
00008067fc058ee3,
001006b70145d793,
7ff7f793fff68713,
00b777333fe00613,
00f65e6301f5d593,
00f65e6341d00613,
fff5051380000537,
0000806700a58533,
0000806700000513,
40f6063343300613,
00d7673301f00813,
4130069302c85063,
00f7573340f687b3,
fc059ce340e00533,
0000806700070513,
00f71733bed78793,
00a7673300c55533,
ff010113fe1ff06f,
0081242300112623,
04050a6300912223,
00a744b341f55713,
0005079340e484b3,
01f7d41300048513,
41e0079352c000ef,
00a0071340a787b3,
06a740637ff7f793,
40a7073300b00713,
0155051300e4d733,
00a494b300c71713,
0140006f00c75713,
0000079300000413,
0000049300000713,
01f4141301479793,
00c1208300e7e7b3,
008124030087e7b3,
0007859300048513,
0101011300412483,
ff55051300008067,
00c7171300a49733,
0000049300c75713,
ff010113fc1ff06f,
0011262300812423,
04050c6300050413,
41e0079348c000ef,
00a0071340a787b3,
06a744637ff7f793,
40a7073300b00713,
00e4573301550513,
00c1208300a41433,
00c7171300040513,
00c7571300812403,
00e7e7b301479793,
0101011300078593,
00c1208300008067,
0000079300040513,
0000071300812403,
00e7e7b301479793,
0101011300078593,
ff55051300008067,
0000041300a41733,
0004051300c12083,
0081240300c71713,
0147979300c75713,
0007859300e7e7b3,
0000806701010113,
0085278300c52583,
0045268300052803,
fe01011301059613,
0106561300159713,
00b1262300f12423,
0101202300f12c23,
0101282300d12223,
00c12e2300d12a23,
01f5d59301175713,
01c1079301010893,
ffc7a60300361513,
01d65693ffc78793,
00d7a22300a6e6b3,
00170693fef894e3,
0116961300381813,
0126561301012823,
ffffc6b704060263,
00d7073340068693,
10e6d4637fe00693,
000006137ff00793,
0147979300000693,
00c7e7b301f59593,
0006851300b7e7b3,
0201011300078593,
0141260300008067,
01c1250301812883,
00a6e6b3011666b3,
040714630106e6b3,
0050069314068263,
0036d79300000613,
00f6e6b301d61693,
7ff7779300961613,
0147979300c65613,
00c7e7b301f59593,
0006851300b7e7b3,
0201011300078593,
1206846300008067,
0045151301c8d793,
008006b700a7e7b3,
1c06826300d7f6b3,
01c65693ff800737,
fff7071300489893,
0116e6b300e7f633,
00f66633004007b7,
00000793ff86f693,
01d616930036d713,
00c6561300961613,
01f5959301479793,
00e6e6b300c7e7b3,
0006851300b7e7b3,
0201011300078593,
0ce05c6300008067,
0181250301412783,
0047969301c12603,
01c7d7930106e6b3,
0046161300451813,
00d036b301c55513,
00a666330107e7b3,
0076f79300f6e6b3,
00f6f79302078063,
00a78a6300400513,
00d7b6b300468793,
0007869300d60633,
00f677b3008007b7,
00170713ee0786e3,
e8f706e37ff00793,
fff78793ff8007b7,
7ff7779300f67633,
00000793f49ff06f,
0147979300000613,
00c7e7b301f59593,
0006851300b7e7b3,
0201011300078593,
7ff0079300008067,
0147979300000613,
00c7e7b301f59593,
0006851300b7e7b3,
0201011300078593,
fcc0069300008067,
03d0069308d74c63,
01c1270340e686b3,
00080eb74056de13,
002e151300eeeeb3,
01f6f69301d12e23,
0008861300a88833,
0006230300000713,
0067673300460613,
00300613fec81ae3,
04069a6341c60633,
0016869300082803,
ff07ae2300478793,
00a7883300d64e63,
0016869300082803,
ff07ae2300478793,
00400793fed656e3,
0840006f41c787b3,
7ff0079300000593,
d99ff06f00080637,
dd1ff06f00000713,
0028083302050813,
02000f13ff082803,
01e8183340df0f33,
08060e6301076733,
00f80fb300261813,
0006250300a88633,
0047879300462303,
01e3133300d55533,
fea7ae2300656533,
feff90e300460613,
41c787b300400793,
0026063302080613,
ffd6282300dedeb3,
40f686b300400693,
0027979300269693,
00f888b300800613,
0008a02300c6ea63,
ff8686930008a223,
0040079300888893,
0008a02300f6e463,
00e0373301012783,
00f766b301412603,
e09ff06f00000713,
0000081300100793,
000107b7f99ff06f,
1005371302f57a63,
0037171300173713,
00e55533800137b7,
00a787b398878793,
020006930007c503,
40a6853340e686b3,
010007b700008067,
0100071302f57463,
00e55533800137b7,
00a787b398878793,
010006930007c503,
0000806740a68533,
800137b701800713,
9887879300e55533,
0007c50300a787b3,
40a6853300800693,
0000000000008067,
206c6167656c6c69,
7463757274736e69,
65637865206e6f69,
6168206e6f697470,
6e652072656c646e,
65000a6465726574,
637865206c6c6163,
68206e6f69747065,
652072656c646e61,
000a64657265746e,
65206b6165726265,
6e6f697470656378,
72656c646e616820,
64657265746e6520,
776f6e6b6e75000a,
747065637865206e,
646e6168206e6f69,
65746e652072656c,
206f6e000a646572,
6f69747065637865,
656c646e6168206e,
6c6174736e692072,
000000000a64656c,
6d656c706d696e55,
7973206465746e65,
6c6163206d657473,
64656c6c6163206c,
fffefb5000000a21,
fffefaccfffefb50,
fffefaccfffefacc,
fffefaccfffefacc,
fffefb50fffefacc,
fffefaccfffefb40,
fffefaccfffefacc,
fffefb40fffefacc,
fffefc18fffefb40,
fffefaccfffefacc,
fffefaccfffefacc,
fffefaccfffefacc,
fffefaccfffefacc,
fffefaccfffefacc,
fffefaccfffefacc,
fffefaccfffefacc,
fffefbc8fffefb50,
fffefaccfffefacc,
fffefaccfffefacc,
fffefaccfffefacc,
fffefaccfffefacc,
fffefaccfffefacc,
fffefaccfffefacc,
fffefaccfffefbfc,
fffefaccfffefacc,
fffefaccfffefacc,
fffefaccfffefacc,
fffefaccfffefacc,
fffefaccfffefacc,
fffefaccfffefacc,
fffefaccfffefacc,
fffefaccfffefacc,
fffefaccfffefacc,
fffefaccfffefacc,
fffefaccfffefacc,
fffefaccfffefacc,
fffefaccfffefacc,
fffefaccfffefacc,
fffefaccfffefacc,
fffefaccfffefacc,
fffefaccfffefacc,
fffef9f8fffefc0c,
fffefaa8fffefa9c,
fffef984fffef984,
fffef984fffef984,
fffef984fffef984,
fffef984fffefa08,
fffef984fffef984,
fffefa80fffef984,
20544646fffefa08,
616620636f6c6c61,
0000000064656c69,
6e6e757220544646,
00002e2e2e676e69,
696e696620544646,
0000000064656873,
7466665f7373696b,
7525206b6f6f7420,
63757274736e6920,
6e6120736e6f6974,
6379632075252064,
000000000a73656c,
66203a204c494146,
6c75736572207466,
7365756c61762074,
6572726f636e6920,
2072756f590a7463,
756c61762074756f,
6c6165520a3a7365,
00000067616d4909,
00000a6425096425,
2053534543435553,
657220746666203a,
6c617620746c7573,
72726f6320736575,
00007fff00746365,
4f1b65942aa279c6,
731b20df68644693,
5acfdfc96e20ff31,
185bb9c63cacc7ee,
d2f4bd43f2ecb677,
a928e133b977cc6b,
aacf131ca402fa04,
d9793a02bd3b2947,
19b8435ef84c4301,
50b62b4a38583b25,
6691fcee60ac1570,
525bce3461aee390,
1b1db98e3a05bfd4,
e534c637ff50bbe6,
c3bcec6cd100d70d,
bfb91c21bdf40481,
d7e840ecc8a2310b,
02eb4ac0ec1149ab,
29bc36fe18ed445d,
3a4d0c8b352923ed,
3164dbe538fdf3b3,
1203b872244bc750,
ecbbb1acff84b0f9,
d35cc944dd76ba2d,
cec8f2f6ce89dd48,
ddb31bc6d3e80865,
fd39354dec072b22,
205139590f8339f4,
36592a652d4733e3,
39b10fcb3aa21ddd,
285bf269336c00f7,
0831d984199ee514,
e5f3caabf675d053,
00007fffd826c884,
4f1b65942aa279c6,
731b20df68644693,
5acfdfc96e20ff31,
185bb9c63cacc7ee,
d2f4bd43f2ecb677,
a928e133b977cc6b,
aacf131ca402fa04,
d9793a02bd3b2947,
19b8435ef84c4301,
50b62b4a38583b25,
6691fcee60ac1570,
525bce3461aee390,
1b1db98e3a05bfd4,
e534c637ff50bbe6,
c3bcec6cd100d70d,
bfb91c21bdf40481,
d7e840ecc8a2310b,
02eb4ac0ec1149ab,
29bc36fe18ed445d,
3a4d0c8b352923ed,
3164dbe538fdf3b3,
1203b872244bc750,
ecbbb1acff84b0f9,
d35cc944dd76ba2d,
cec8f2f6ce89dd48,
ddb31bc6d3e80865,
fd39354dec072b22,
205139590f8339f4,
36592a652d4733e3,
39b10fcb3aa21ddd,
285bf269336c00f7,
0831d984199ee514,
e5f3caabf675d053,
00007fffd826c884,
4f1b65942aa279c6,
731b20df68644693,
5acfdfc96e20ff31,
185bb9c63cacc7ee,
d2f4bd43f2ecb677,
a928e133b977cc6b,
aacf131ca402fa04,
d9793a02bd3b2947,
19b8435ef84c4301,
50b62b4a38583b25,
6691fcee60ac1570,
525bce3461aee390,
1b1db98e3a05bfd4,
e534c637ff50bbe6,
c3bcec6cd100d70d,
bfb91c21bdf40481,
d7e840ecc8a2310b,
02eb4ac0ec1149ab,
29bc36fe18ed445d,
3a4d0c8b352923ed,
3164dbe538fdf3b3,
1203b872244bc750,
ecbbb1acff84b0f9,
d35cc944dd76ba2d,
cec8f2f6ce89dd48,
ddb31bc6d3e80865,
fd39354dec072b22,
205139590f8339f4,
36592a652d4733e3,
39b10fcb3aa21ddd,
285bf269336c00f7,
0831d984199ee514,
e5f3caabf675d053,
00007fffd826c884,
4f1b65942aa279c6,
731b20df68644693,
5acfdfc96e20ff31,
185bb9c63cacc7ee,
d2f4bd43f2ecb677,
a928e133b977cc6b,
aacf131ca402fa04,
d9793a02bd3b2947,
19b8435ef84c4301,
50b62b4a38583b25,
6691fcee60ac1570,
525bce3461aee390,
1b1db98e3a05bfd4,
e534c637ff50bbe6,
c3bcec6cd100d70d,
bfb91c21bdf40481,
d7e840ecc8a2310b,
02eb4ac0ec1149ab,
29bc36fe18ed445d,
3a4d0c8b352923ed,
3164dbe538fdf3b3,
1203b872244bc750,
ecbbb1acff84b0f9,
d35cc944dd76ba2d,
cec8f2f6ce89dd48,
ddb31bc6d3e80865,
fd39354dec072b22,
205139590f8339f4,
36592a652d4733e3,
39b10fcb3aa21ddd,
285bf269336c00f7,
0831d984199ee514,
e5f3caabf675d053,
00007fffd826c884,
4f1b65942aa279c6,
731b20df68644693,
5acfdfc96e20ff31,
185bb9c63cacc7ee,
d2f4bd43f2ecb677,
a928e133b977cc6b,
aacf131ca402fa04,
d9793a02bd3b2947,
19b8435ef84c4301,
50b62b4a38583b25,
6691fcee60ac1570,
525bce3461aee390,
1b1db98e3a05bfd4,
e534c637ff50bbe6,
c3bcec6cd100d70d,
bfb91c21bdf40481,
d7e840ecc8a2310b,
02eb4ac0ec1149ab,
29bc36fe18ed445d,
3a4d0c8b352923ed,
3164dbe538fdf3b3,
1203b872244bc750,
ecbbb1acff84b0f9,
d35cc944dd76ba2d,
cec8f2f6ce89dd48,
ddb31bc6d3e80865,
fd39354dec072b22,
205139590f8339f4,
36592a652d4733e3,
39b10fcb3aa21ddd,
285bf269336c00f7,
0831d984199ee514,
e5f3caabf675d053,
00007fffd826c884,
4f1b65942aa279c6,
731b20df68644693,
5acfdfc96e20ff31,
185bb9c63cacc7ee,
d2f4bd43f2ecb677,
a928e133b977cc6b,
aacf131ca402fa04,
d9793a02bd3b2947,
19b8435ef84c4301,
50b62b4a38583b25,
6691fcee60ac1570,
525bce3461aee390,
1b1db98e3a05bfd4,
e534c637ff50bbe6,
c3bcec6cd100d70d,
bfb91c21bdf40481,
d7e840ecc8a2310b,
02eb4ac0ec1149ab,
29bc36fe18ed445d,
3a4d0c8b352923ed,
3164dbe538fdf3b3,
1203b872244bc750,
ecbbb1acff84b0f9,
d35cc944dd76ba2d,
cec8f2f6ce89dd48,
ddb31bc6d3e80865,
fd39354dec072b22,
205139590f8339f4,
36592a652d4733e3,
39b10fcb3aa21ddd,
285bf269336c00f7,
0831d984199ee514,
e5f3caabf675d053,
00007fffd826c884,
4f1b65942aa279c6,
731b20df68644693,
5acfdfc96e20ff31,
185bb9c63cacc7ee,
d2f4bd43f2ecb677,
a928e133b977cc6b,
aacf131ca402fa04,
d9793a02bd3b2947,
19b8435ef84c4301,
50b62b4a38583b25,
6691fcee60ac1570,
525bce3461aee390,
1b1db98e3a05bfd4,
e534c637ff50bbe6,
c3bcec6cd100d70d,
bfb91c21bdf40481,
d7e840ecc8a2310b,
02eb4ac0ec1149ab,
29bc36fe18ed445d,
3a4d0c8b352923ed,
3164dbe538fdf3b3,
1203b872244bc750,
ecbbb1acff84b0f9,
d35cc944dd76ba2d,
cec8f2f6ce89dd48,
ddb31bc6d3e80865,
fd39354dec072b22,
205139590f8339f4,
36592a652d4733e3,
39b10fcb3aa21ddd,
285bf269336c00f7,
0831d984199ee514,
e5f3caabf675d053,
00007fffd826c884,
4f1b65942aa279c6,
731b20df68644693,
5acfdfc96e20ff31,
185bb9c63cacc7ee,
d2f4bd43f2ecb677,
a928e133b977cc6b,
aacf131ca402fa04,
d9793a02bd3b2947,
19b8435ef84c4301,
50b62b4a38583b25,
6691fcee60ac1570,
525bce3461aee390,
1b1db98e3a05bfd4,
e534c637ff50bbe6,
c3bcec6cd100d70d,
bfb91c21bdf40481,
d7e840ecc8a2310b,
0aa002a0ec1149ab,
0004002ffffd0044,
001cffe6000c0011,
007eff0a0039ffa2,
fd82053401cafc42,
ff4f014fff0901f4,
ff7f00d7ff6d0107,
ffd00083ff9300b2,
fe67009b0995fdfc,
fe73002bfe940062,
fd79ff45fe1fffd6,
f51df7dcfbf2fdef,
048306090f830fc9,
01ce043a029e0492,
00d2053f014b0467,
f3643cb80001080e,
0251fe1a0343f9e8,
022a0041021cff79,
036101fc027b00f5,
f457f64e075e0569,
fea7feebfd5bfdb5,
ff56ffe0ff20ff7c,
ff0b0105ff5a004a,
0187fe1ff9d2086a,
00c7ff9c00e4ff39,
00fa001600d3ffdb,
031d015401680068,
fe8cff45f91efc8b,
ff7affeaff3bffaf,
ff9b005dff97001c,
fd71057cff7600e7,
0075ff3b00dafe36,
006bffb70065ff8a,
00bafffb0081ffd8,
fb6afeb8018a0042,
ff9afff0ff34ffc5,
ffd5002fffc2000d,
ffdc00d2ffde0061,
0047fe2eff780416,
002dff82002dff37,
0046ffbc0035ffa6,
00cdffda0064ffcc,
ff91fff6fca3fff3,
ffed0010ffd30003,
000a0049fffd0026,
0081029e00200099,
fff6ff59ffc8fe71,
0012ffb10008ff94,
0034ffc70021ffc0,
fd1600dd0070ffc1,
ffed000cffc2000e,
000e0025ffff0015,
0041007c001f003e,
ff62fe9500ec01dc,
ffe9ffa4ffcdff72,
0002ffc8fff7ffbc,
0026ffcc000effd0,
ffed0008fdd50165,
000f000c00020005,
002d0028001c0016,
0103012c00510055,
ffb9ff92ff21fed8,
ffe9ffccffd9ffba,
fffaffe0fff3ffd7,
fea101970001ffe7,
0013fff6000cffef,
00270003001bfffc,
0060002800390010,
fecdff3701170097,
ffccffd4ffa3ffb8,
ffe9ffe9ffdeffe0,
fff10004ffeffff4,
0014ffd2ff3901b6,
001affee0017ffe5,
0035fffb0026fff5,
00f40031005a0007,
ffa0ffdcfeaaff96,
ffddfff1ffcbffe9,
fff00003ffe9fffb,
ffcb01b7fff3001c,
000effd5000dffb4,
001dffe60014ffe1,
004bffec002cffe8,
fe9d000400c2ffeb,
ffd0fffeffa6fffc,
ffee0006ffe20002,
00020030fff60012,
fff3ff99003f0191,
000cffd70002ffc9,
001fffdd0011ffdd,
008dffc60037ffdb,
ffb70010feae005d,
ffec0008ffdd0007,
00030017fff9000c,
009b013e00160031,
fff0ffc6ffcfff8b,
0005ffd9fffcffd3,
0023ffd20011ffda,
fec700c5005dffb1,
ffe80010ffc9001e,
0001000ffff6000d,
0029002f00100017,
ffa2ff8d00d800ee,
ffecffd7ffdaffc8,
0002ffdcfff9ffdc,
002fffb8000fffd5,
ffdd0020ff0a0106,
ffff000cfff40010,
001700120009000c,
00eb009e00350024,
ffcaffd1ff78ff9b,
ffedffe0ffdfffdb,
fffdffdcfff3ffe0,
ff6e0137000bffc8,
fffe0009fff20016,
0010000500090005,
0042001100210008,
ff4bffb600f80052,
ffd8ffe7ffbdffde,
ffecffeaffe4ffe9,
fffaffdcfff2ffe8,
fffc0007ffbb0141,
000bfffa0003fffc,
0021fff80012fff8,
00defff30041fff7,
ffb6fff7ff2ffffa,
ffe2fff7ffd4fff7,
fff1fff5ffeafff6,
00200146fff7fff5,
0002fff3fffffff4,
0012ffee000afff1,
003cffe4001fffec,
ff1e003e00c0ffba,
ffd50007ffb7000e,
ffe90001ffe10001,
fffa0007fff30002,
fff5ffe30083012e,
0003ffe9fffeffea,
0017ffe3000bffe8,
008fff9c002effd7,
ffbf001fff25007d,
ffe8000affda0010,
fffa000bfff10009,
00da00f8000b0014,
ffefffe2ffddffd2,
0002ffe3fffaffe3,
001dffcc000bffdb,
ff3b00ca0060ff87,
ffe30019ffcb002f,
fffa000cfff00010,
001b00170006000e,
ffbdffcd010a00b0,
ffebffe2ffe0ffe1,
0000ffdafff5ffe1,
002dff84000affc8,
ffde0039ff740111,
fffa0012ffef001f,
000f000d0001000e,
0125005c002c0011,
ffd1ffe9ff98ffda,
ffe9ffe5ffe1ffe8,
fffaffcdfff3ffde,
ffba014a0008ff92,
fffa001cfff20039,
0009000b00020011,
003a000600180007,
ff6ffff00134001a,
ffd5fff0ffbffff3,
ffe6ffe8ffdfffec,
ffedffb2ffeaffdc,
ffff00280011013f,
000500040001000f,
001efff7000f0000,
011bffb00040ffeb,
ffb60009ff520023,
ffdafff7ffce0000,
ffe2ffe7ffdffff2,
007a014dffdcffcf,
000500060006001a,
000efff50007fffd,
0039ffd6001bffea,
ff48006100e6ff6a,
ffcd000effb5001e,
ffe0fffeffd90004,
ffe0ffeaffe2fff8,
0003000800e10135,
0005fff20002fffb,
0015ffdc000cffea,
00abff32002dffc1,
ffbb003aff4f00b2,
ffdf0014ffd3001e,
ffe80004ffe5000b,
015f00e7ffedffff,
fff7fff0fff4fff5,
0003ffe1fffbffea,
001effae000bffd2,
ff63010b0073ff11,
ffdc002effc50052,
ffeb0013ffe4001c,
0001000afff3000c,
ffd4fff0019f0078,
ffecffe6ffe3ffef,
fff7ffc9fff0ffdd,
0018ff03fffeffa3,
ffe20068ffb6016c,
fff50027ffed0039,
0008000ffffb0019,
01f300090021000a,
ffcefff3ffa7fffa,
ffdfffdeffdaffeb,
ffe3ffa4ffe2ffcc,
001901c4ffd8ff0d,
fffe003e00000074,
000a001600020026,
0044fff8001a000a,
ff6500230249ff6d,
ffbefffbffaa0009,
ffc7ffdbffc7ffef,
ff99ff46ffc3ffb9,
0017006600a401cf,
0008001c00090033,
001bfff7000f000a,
01dbfebe0044ffd3,
ff9a002aff47006d,
ffb7ffffffb20013,
ffa9ffceffb7ffec,
01550201ff6dff6f,
0010002c002d0060,
000dfffb000a0011,
003dff9d0016ffdd,
ff2c01050174fdda,
ffa2004bff8e0076,
ffa20024ffa70036,
ff3ffff8ff8f0013,
00330026026a00c0,
fff3000400040012,
ffddffdaffe7fff2,
ffadfe54ffd3ffa4,
ffd60071ffea0109,
ffbb0038ffc70049,
ff7d0036ffa50032,
0682fc7fff010064,
002cff8d008aff76,
ffe4ff5d0005ff81,
ff60fe6dffb9ff18,
01f303d0fd82fa8c,
008600cf00c90162,
0056005400680087,
004cffc2004e0020,
003800a5ffc70905,
00410024003d0054,
005dffb8004afff8,
0190fc9f008dff33,
ff9a0175febd03a8,
ffda00c1ffc800f9,
ffed0083ffe6009c,
00007ffffff3006d,
fcdc7ff5fe6e7ffd,
f9b87fd8fb4a7fe9,
f6967fa6f8277fc1,
f3747f61f5057f86,
f0557f09f1e47f37,
ed387e9ceec67ed5,
ea1e7e1debab7e5f,
e7077d89e8927dd5,
e3f57ce3e57e7d39,
e0e67c29e26d7c88,
dddd7b5cdf617bc5,
dad87a7cdc5a7aee,
d7da7989d9587a05,
d4e17884d65d7909,
d1ef776bd36777fa,
cf057641d07976d8,
cc217504cd9275a5,
c94673b5cab3745f,
c6747254c7dc7307,
c3aa70e2c50e719d,
c0e96f5ec2487022,
be326dc9bf8d6e96,
bb866c23bcdb6cf8,
b8e46a6dba336b4a,
b64c68a6b797698b,
b3c166cfb50567bc,
b14164e8b27f65dd,
aecd62f1b00563ee,
ac6560ebad9861f0,
aa0b5ed7ab375fe3,
a7be5cb3a8e35dc7,
a57e5a82a69c5b9c,
a34d5842a4645964,
a12955f5a239571d,
9f15539ba01d54c9,
9d0f51339e105268,
9b184ebf9c124ffb,
99314c3f9a234d81,
975a49b498444afb,
9593471c96754869,
93dd447a94b645cd,
923741ce93084325,
90a23f17916a4073,
8f1e3c568fde3db8,
8dac398c8e633af2,
8c4b36ba8cf93824,
8afc33df8ba1354d,
89bf30fb8a5b326e,
88952e1189282f87,
877c2b1f88062c99,
8677282686f729a3,
8584252885fb26a8,
84a42223851223a6,
83d71f1a843b209f,
831d1c0b83781d93,
827718f982c71a82,
81e315e2822b176e,
816412c881a11455,
80f70fab812b113a,
809f0c8c80c90e1c,
805a096a807a0afb,
80280648803f07d9,
800b0324801704b6,
8001000080030192,
800bfcdc8003fe6e,
8028f9b88017fb4a,
805af696803ff827,
809ff374807af505,
80f7f05580c9f1e4,
8164ed38812beec6,
81e3ea1e81a1ebab,
8277e707822be892,
831de3f582c7e57e,
83d7e0e68378e26d,
84a4dddd843bdf61,
8584dad88512dc5a,
8677d7da85fbd958,
877cd4e186f7d65d,
8895d1ef8806d367,
89bfcf058928d079,
8afccc218a5bcd92,
8c4bc9468ba1cab3,
8dacc6748cf9c7dc,
8f1ec3aa8e63c50e,
90a2c0e98fdec248,
9237be32916abf8d,
93ddbb869308bcdb,
9593b8e494b6ba33,
975ab64c9675b797,
9931b3c19844b505,
9b18b1419a23b27f,
9d0faecd9c12b005,
9f15ac659e10ad98,
a129aa0ba01dab37,
a34da7bea239a8e3,
a57ea57ea464a69c,
a7bea34da69ca464,
aa0ba129a8e3a239,
ac659f15ab37a01d,
aecd9d0fad989e10,
b1419b18b0059c12,
b3c19931b27f9a23,
b64c975ab5059844,
b8e49593b7979675,
bb8693ddba3394b6,
be329237bcdb9308,
c0e990a2bf8d916a,
c3aa8f1ec2488fde,
c6748dacc50e8e63,
c9468c4bc7dc8cf9,
cc218afccab38ba1,
cf0589bfcd928a5b,
d1ef8895d0798928,
d4e1877cd3678806,
d7da8677d65d86f7,
dad88584d95885fb,
dddd84a4dc5a8512,
e0e683d7df61843b,
e3f5831de26d8378,
e7078277e57e82c7,
ea1e81e3e892822b,
ed388164ebab81a1,
f05580f7eec6812b,
f374809ff1e480c9,
f696805af505807a,
f9b88028f827803f,
fcdc800bfb4a8017,
00008001fe6e8003,
0324800b01928003,
0648802804b68017,
096a805a07d9803f,
0c8c809f0afb807a,
0fab80f70e1c80c9,
12c88164113a812b,
15e281e3145581a1,
18f98277176e822b,
1c0b831d1a8282c7,
1f1a83d71d938378,
222384a4209f843b,
2528858423a68512,
2826867726a885fb,
2b1f877c29a386f7,
2e1188952c998806,
30fb89bf2f878928,
33df8afc326e8a5b,
36ba8c4b354d8ba1,
398c8dac38248cf9,
3c568f1e3af28e63,
3f1790a23db88fde,
41ce92374073916a,
447a93dd43259308,
471c959345cd94b6,
49b4975a48699675,
4c3f99314afb9844,
4ebf9b184d819a23,
51339d0f4ffb9c12,
539b9f1552689e10,
55f5a12954c9a01d,
5842a34d571da239,
5a82a57e5964a464,
5cb3a7be5b9ca69c,
5ed7aa0b5dc7a8e3,
60ebac655fe3ab37,
62f1aecd61f0ad98,
64e8b14163eeb005,
66cfb3c165ddb27f,
68a6b64c67bcb505,
6a6db8e4698bb797,
6c23bb866b4aba33,
6dc9be326cf8bcdb,
6f5ec0e96e96bf8d,
70e2c3aa7022c248,
7254c674719dc50e,
73b5c9467307c7dc,
7504cc21745fcab3,
7641cf0575a5cd92,
776bd1ef76d8d079,
7884d4e177fad367,
7989d7da7909d65d,
7a7cdad87a05d958,
7b5cdddd7aeedc5a,
7c29e0e67bc5df61,
7ce3e3f57c88e26d,
7d89e7077d39e57e,
7e1dea1e7dd5e892,
7e9ced387e5febab,
7f09f0557ed5eec6,
7f61f3747f37f1e4,
7fa6f6967f86f505,
7fd8f9b87fc1f827,
7ff5fcdc7fe9fb4a,
7fff00007ffdfe6e,
7ff503247ffd0192,
7fd806487fe904b6,
7fa6096a7fc107d9,
7f610c8c7f860afb,
7f090fab7f370e1c,
7e9c12c87ed5113a,
7e1d15e27e5f1455,
7d8918f97dd5176e,
7ce31c0b7d391a82,
7c291f1a7c881d93,
7b5c22237bc5209f,
7a7c25287aee23a6,
798928267a0526a8,
78842b1f790929a3,
776b2e1177fa2c99,
764130fb76d82f87,
750433df75a5326e,
73b536ba745f354d,
7254398c73073824,
70e23c56719d3af2,
6f5e3f1770223db8,
6dc941ce6e964073,
6c23447a6cf84325,
6a6d471c6b4a45cd,
68a649b4698b4869,
66cf4c3f67bc4afb,
64e84ebf65dd4d81,
62f1513363ee4ffb,
60eb539b61f05268,
5ed755f55fe354c9,
5cb358425dc7571d,
5a825a825b9c5964,
58425cb359645b9c,
55f55ed7571d5dc7,
539b60eb54c95fe3,
513362f1526861f0,
4ebf64e84ffb63ee,
4c3f66cf4d8165dd,
49b468a64afb67bc,
471c6a6d4869698b,
447a6c2345cd6b4a,
41ce6dc943256cf8,
3f176f5e40736e96,
3c5670e23db87022,
398c72543af2719d,
36ba73b538247307,
33df7504354d745f,
30fb7641326e75a5,
2e11776b2f8776d8,
2b1f78842c9977fa,
2826798929a37909,
25287a7c26a87a05,
22237b5c23a67aee,
1f1a7c29209f7bc5,
1c0b7ce31d937c88,
18f97d891a827d39,
15e27e1d176e7dd5,
12c87e9c14557e5f,
0fab7f09113a7ed5,
0c8c7f610e1c7f37,
096a7fa60afb7f86,
06487fd807d97fc1,
03247ff504b67fe9,
0000000401927ffd,
0000000400000080,
0000000400000020,
0000000400000008,
0000000200000002,
5252455b00000001,
7373696b205d524f,
323a632e7466665f,
6f6d654d00203630,
636f6c6c61207972,
6166206e6f697461,
0000002e64656c69,
205d524f5252455b,
7466665f7373696b,
00203538333a632e,
6675622074756f66,
4c4c554e20726566,
5252455b0000002e,
7373696b205d524f,
333a632e7466665f,
6f6d654d00203139,
636f6c6c61207972,
7265206e6f697461,
000000002e726f72,
0303030302020100,
0404040404040404,
0505050505050505,
0505050505050505,
0606060606060606,
0606060606060606,
0606060606060606,
0606060606060606,
0707070707070707,
0707070707070707,
0707070707070707,
0707070707070707,
0707070707070707,
0707070707070707,
0707070707070707,
0707070707070707,
0808080808080808,
0808080808080808,
0808080808080808,
0808080808080808,
0808080808080808,
0808080808080808,
0808080808080808,
0808080808080808,
0808080808080808,
0808080808080808,
0808080808080808,
0808080808080808,
0808080808080808,
0808080808080808,
0808080808080808,
0808080808080808,
00464e490000000a,
004e414e00666e69,
33323130006e616e,
4241393837363534,
0000000046454443,
3736353433323130,
6665646362613938,
6c756e2800000000,
000000300000296c,
800069e480006fa8,
80006f9c800069e4,
800069e4800069e4,
800069e4800069e4,
800069e4800069e4,
80006f8c80006ea0,
80006eb8800069e4,
800069e480006ec4,
800069b080006f4c,
800069b0800069b0,
800069b0800069b0,
800069b0800069b0,
800069b0800069b0,
800069e4800069e4,
800069e4800069e4,
800069e4800069e4,
800069e4800069e4,
800069e4800069e4,
80006d0c80006f20,
80006d0c800069e4,
800069e4800069e4,
800069e4800069e4,
800069e480006fc0,
800070a4800069e4,
800069e4800069e4,
800069e4800069e4,
80006fcc800069e4,
800069e4800069e4,
800069e480007bb8,
800069e4800069e4,
800069e4800069e4,
800069e4800069e4,
800069e4800069e4,
80006f64800069e4,
80006d0c80006dfc,
80006d0c80006d0c,
80006dfc80006f58,
800069e4800069e4,
800069e480006bbc,
80007190800071c0,
80006bbc80007158,
800070f0800069e4,
800070c0800069e4,
800069e4800069e4,
2020202080007c10,
2020202020202020,
3030303020202020,
3030303030303030,
80008f5030303030,
80008bb080008bb0,
80008bb080008f44,
80008bb080008bb0,
80008bb080008bb0,
80008ea480008bb0,
80008bb080008f34,
80008ec080008eb4,
80008f2880008bb0,
80008b7c80008b7c,
80008b7c80008b7c,
80008b7c80008b7c,
80008b7c80008b7c,
80008bb080008b7c,
80008bb080008bb0,
80008bb080008bb0,
80008bb080008bb0,
80008bb080008bb0,
80008f1480008bb0,
80008bb080008bb0,
80008bb080008bb0,
80008bb080008bb0,
80008bb080008bb0,
80008bb080008bb0,
80008bb080008fd4,
80008bb080008bb0,
80008bb080008bb0,
80008bb080008f88,
8000966c80008bb0,
80008bb080008bb0,
80008bb080008bb0,
80008bb080008bb0,
80008bb080008bb0,
80008bb080008bb0,
80008e0080008f68,
80008bb080008bb0,
8000909c80008bb0,
80008bb080008e00,
80008d0880008bb0,
8000906480008bb0,
800091308000903c,
80008bb080008d08,
80008bb0800090d0,
80008bb0800090a8,
800096c080008bb0,
2020202020202020,
2020202020202020,
3030303030303030,
3030303030303030,
49534f5000000043,
69666e4900000058,
000000007974696e,
6c6c6142004e614e,
656363757320636f,
0000000064656465,
2e2e2f2e2e2f2e2e,
2e2f2e2e2f2e2e2f,
656e2f6372732f2e,
77656e2f62696c77,
6362696c2f62696c,
2f62696c6474732f,
0000632e616f7464,
2e2e2f2e2e2f2e2e,
2e2f2e2e2f2e2e2f,
656e2f6372732f2e,
77656e2f62696c77,
6362696c2f62696c,
2f62696c6474732f,
00632e636572706d,
0000001900000005,
000000000000007d,
3ff0000000000000,
4024000000000000,
4059000000000000,
408f400000000000,
40c3880000000000,
40f86a0000000000,
412e848000000000,
416312d000000000,
4197d78400000000,
41cdcd6500000000,
4202a05f20000000,
42374876e8000000,
426d1a94a2000000,
42a2309ce5400000,
42d6bcc41e900000,
430c6bf526340000,
4341c37937e08000,
4376345785d8a000,
43abc16d674ec800,
43e158e460913d00,
4415af1d78b58c40,
444b1ae4d6e2ef50,
4480f0cf064dd592,
44b52d02c7e14af6,
44ea784379d99db4,
3c9cd2b297d889bc,
3949f623d5a8a733,
32a50ffd44f4a73d,
255bba08cf8c979d,
0ac8062864ac6f43,
4341c37937e08000,
4693b8b5b5056e17,
4d384f03e93ff9f5,
5a827748f9301d32,
75154fdd7f73bf3c,
2020202020202000,
2028282828282020,
2020202020202020,
2020202020202020,
1010101010108820,
1010101010101010,
0404040404040410,
1010101010040404,
4141414141411010,
0101010101010101,
0101010101010101,
1010101001010101,
4242424242421010,
0202020202020202,
0202020202020202,
1010101002020202,
0000000000000020,
0000000000000000,
0000000000000000,
0000000000000000,
0000000000000000,
0000000000000000,
0000000000000000,
0000000000000000,
0000000000000000,
0000000000000000,
0000000000000000,
0000000000000000,
0000000000000000,
0000000000000000,
0000000000000000,
0000000000000000,
7566202c00000000,
203a6e6f6974636e,
6573736100000000,
2522206e6f697472,
656c696166202273,
20656c6966203a64,
696c202c22732522,
257325642520656e,
8000efec00000a73,
8000ee448000ee98,
8000ee448000ef98,
8000ee448000eea8,
8000ee988000ef98,
8000eea88000ee98,
8000ef248000ef98,
8000ef248000ef24,
000000108000eea8,
00527a0300000000,
00020d1b01017c01,
0000001800000010,
000004dcffff0aa4,
0000001000000000,
ffff0f6c0000002c,
0000000000000490,
0000000010000000,
0000000000000000,
0000000000000000,
0000000000000000,
0000000000000000,
0000000000000000,
8001318880013188,
8001319080013190,
8001319880013198,
800131a0800131a0,
800131a8800131a8,
800131b0800131b0,
800131b8800131b8,
800131c0800131c0,
800131c8800131c8,
800131d0800131d0,
800131d8800131d8,
800131e0800131e0,
800131e8800131e8,
800131f0800131f0,
800131f8800131f8,
8001320080013200,
8001320880013208,
8001321080013210,
8001321880013218,
8001322080013220,
8001322880013228,
8001323080013230,
8001323880013238,
8001324080013240,
8001324880013248,
8001325080013250,
8001325880013258,
8001326080013260,
8001326880013268,
8001327080013270,
8001327880013278,
8001328080013280,
8001328880013288,
8001329080013290,
8001329880013298,
800132a0800132a0,
800132a8800132a8,
800132b0800132b0,
800132b8800132b8,
800132c0800132c0,
800132c8800132c8,
800132d0800132d0,
800132d8800132d8,
800132e0800132e0,
800132e8800132e8,
800132f0800132f0,
800132f8800132f8,
8001330080013300,
8001330880013308,
8001331080013310,
8001331880013318,
8001332080013320,
8001332880013328,
8001333080013330,
8001333880013338,
8001334080013340,
8001334880013348,
8001335080013350,
8001335880013358,
8001336080013360,
8001336880013368,
8001337080013370,
8001337880013378,
8001338080013380,
8001338880013388,
8001339080013390,
8001339880013398,
800133a0800133a0,
800133a8800133a8,
800133b0800133b0,
800133b8800133b8,
800133c0800133c0,
800133c8800133c8,
800133d0800133d0,
800133d8800133d8,
800133e0800133e0,
800133e8800133e8,
800133f0800133f0,
800133f8800133f8,
8001340080013400,
8001340880013408,
8001341080013410,
8001341880013418,
8001342080013420,
8001342880013428,
8001343080013430,
8001343880013438,
8001344080013440,
8001344880013448,
8001345080013450,
8001345880013458,
8001346080013460,
8001346880013468,
8001347080013470,
8001347880013478,
8001348080013480,
8001348880013488,
8001349080013490,
8001349880013498,
800134a0800134a0,
800134a8800134a8,
800134b0800134b0,
800134b8800134b8,
800134c0800134c0,
800134c8800134c8,
800134d0800134d0,
800134d8800134d8,
800134e0800134e0,
800134e8800134e8,
800134f0800134f0,
800134f8800134f8,
8001350080013500,
8001350880013508,
8001351080013510,
8001351880013518,
8001352080013520,
8001352880013528,
8001353080013530,
8001353880013538,
8001354080013540,
8001354880013548,
8001355080013550,
8001355880013558,
8001356080013560,
8001356880013568,
8001357080013570,
8001357880013578,
8001358080013580,
0000000300000000,
00000000800138f0,
800138f000000000,
800139c080013958,
0000000000000000,
0000000000000000,
0000000000000000,
0000000000000000,
0000000000000000,
0000000000000000,
0000000000000000,
0000000000000000,
0000000000000000,
0000000000000000,
0000000000000000,
0000000000000000,
0000000000000000,
0000000000000000,
0000000000000000,
0000000000000000,
0000000000000000,
0000000000000001,
e66d1234abcd330e,
0000000b0005deec,
0000000000000000,
0000000000000000,
0000000000000000,
0000000000000000,
0000000000000000,
0000000000000000,
0000000000000000,
0000000000000000,
0000000000000000,
0000000000000000,
0000000000000000,
0000000000000000,
0000000000000000,
0000000000000000,
0000000000000043,
0000000000000000,
0000000000000000,
0000000000000000,
0000000000000043,
0000000000000000,
0000000000000000,
0000000000000000,
0000000000000043,
0000000000000000,
0000000000000000,
0000000000000000,
0000000000000043,
0000000000000000,
0000000000000000,
0000000000000000,
0000000000000043,
0000000000000000,
0000000000000000,
0000000000000000,
0000000000000043,
0000000000000000,
0000000000000000,
0000000000000000,
0000000000000043,
0000000000000000,
0000000000000000,
0000000000000000,
8000c3548000db48,
80012fa000000000,
8001105c80012950,
8001105c8001105c,
8001105c8001105c,
8001105c8001105c,
8001105c8001105c,
ffffffffffffffff,
0000ffffffffffff,
0049494353410001,
0000000000000000,
0000000000000000,
0000000000000000,
0049494353410000,
0000000000000000,
0000000000000000,
0000000000000000,
ffffffff00000000,
0000000000000000,
800138a4800120cc,
00000000800128cc,
7fefffffffffffff,
3ff8000000000000,
3fd287a7636f4361,
3fc68a288b60c8b3,
3fd34413509f79fb,
3ff0000000000000,
4024000000000000,
401c000000000000,
4014000000000000,
3fe0000000000000,
ffffffff80013bc0,
800135a000020000;
