:0200000480007A
:100000006F00804A6F00C02A6F0000496F00C0482F
:100010006F0080486F0040486F0000486F00C04785
:100020006F0080476F0040476F0000476F00C04679
:100030006F0080466F0040466F0000466F00C0456D
:100040006F0080456F0040456F0000456F00C04461
:100050006F0080446F0040446F0000446F00C04355
:100060006F0080436F0040436F0000436F00C04249
:100070006F0080426F0040426F0000426F000053EB
:10008000974101009381018E17010300130181F74D
:1000900017050000130505F713651500731055309B
:1000A000138581F4138681253306A640930500004D
:1000B000EF50D063176500001305C5DDEF404049E0
:1000C000EF50505313050000930500001306000085
:0C00D000EF0000016F4000496780000055
:1000E000130101812326117E2324817E2322917E08
:1000F0002320217F232E317D93060000130101FD73
:10010000130600009305000013050020EF30405C4B
:10011000630A05161304050017150100130585EF82
:10012000EF508054732920B0F32900B097150100D7
:10013000938505FA1306010013050400EF3040799A
:10014000F32420B0B3842441F32200B0171501003A
:10015000130545ED33893241EF5000511307090073
:100160009386040013060900938504001715010007
:10017000130545ECEF50402A3716000013060680A1
:10018000971501009385C57413050100EF50901376
:1001900093090500631E050217150100130505F1FB
:1001A000EF50804C13050400EF40403F1301010362
:1001B0008320C17E138509000324817E8324417E30
:1001C0000329017E8329C17D1301017F678000001F
:1001D00017150100130505E9EF500049B717000096
:1001E00013830780130401003309230097140100CF
:1001F000938444EB03162400831504001385040044
:1002000013040402EF504021031664FE831544FEDC
:1002100013850400EF5040200316A4FE831584FECE
:1002200013850400EF50401F0316E4FE8315C4FE3F
:1002300013850400EF50401E031624FF831504FFAE
:1002400013850400EF50401D031664FF831544FF1F
:1002500013850400EF50401C0316A4FF831584FF90
:1002600013850400EF50401B0316E4FF8315C4FF01
:1002700013850400EF50401AE31E24F79309100081
:100280006FF0DFF217150100130585D7EF50C03D61
:10029000930910006FF09FF10000000000000000C3
:1002A0001305000067800000130000001300000029
:1002B0001305000067800000130000001300000019
:1002C0001305000067800000130000001300000009
:1002D00013050000678000001300000013000000F9
:1002E00013050000678000001300000013000000E9
:1002F00013050000678000001300000013000000D9
:1003000013050000678000001300000013000000C8
:1003100013050000678000001300000013000000B8
:1003200013050000678000001300000013000000A8
:100330001305000067800000130000001300000098
:100340001305000067800000130000001300000088
:100350001305000067800000130000001300000078
:100360001305000067800000130000001300000068
:100370001305000067800000130000001300000058
:100380001305000067800000130000001300000048
:100390001305000067800000130000001300000038
:1003A0001305000067800000130000001300000028
:1003B0001305000067800000130000001300000018
:1003C0001305000067800000130000001300000008
:1003D00013050000678000001300000013000000F8
:1003E00013050000678000001300000013000000E8
:1003F00013050000678000001300000013000000D8
:1004000013050000678000001300000013000000C7
:1004100013050000678000001300000013000000B7
:1004200013050000678000001300000013000000A7
:100430001305000067800000130000001300000097
:100440001305000067800000130000001300000087
:100450001305000067800000130000001300000077
:100460001305000067800000130000001300000067
:100470001305000067800000130000001300000057
:100480001305000067800000130000001300000047
:10049000130500006780000017150100130555992A
:1004A000EF50801C6FF05FFF130101FC232011004F
:1004B0002322A1002324B1002326C1002328D10038
:1004C000232AE100232CF100232E01012320110314
:1004D0002322510223246102232671022328C1030F
:1004E000232AD103232CE103232EF103F32220340A
:1004F00013032000638862021303B0006388620064
:1005000013033000638862006F00C002EF00403EBA
:100510006F004003171501001305458DEF50C014FF
:100520006F0040021715010013054587EF50C013F7
:100530006F004001171501001305658DEF50C012C3
:100540006F004002F32210340383020013053000D1
:100550003373A3006314A3009382220093822200CA
:10056000739012348320010003254100832581000C
:100570000326C1008326010103274101832781014E
:100580000328C1018328010283224102032381023F
:100590008323C102032E0103832E4103032F810312
:1005A000832FC10313010104730020307300203036
:1005B0003305A04023AEA1F41305F0FF67800000CF
:1005C0009717010093870789130850053707001014
:1005D0002320070183C61700638006062320D70067
:1005E00083C22700638A02042320570003C3370015
:1005F000630403042320670083C34700638E030260
:100600002320770003C55700630805022320A700B5
:1006100083C56700638205022320B70003C6770005
:1006200093878700630A06002320C70003C80700DA
:10063000E31008FA678000006780000013000000E4
:100640009307800523AEF1F41305F0FF67800000E7
:100650009307800523AEF1F41305F0FF67800000D7
:100660009307800523AEF1F41305F0FF67800000C7
:100670009307800523AEF1F41305F0FF67800000B7
:100680009307800523AEF1F41305F0FF67800000A7
:100690001305F0FF67800000130000001300000046
:1006A0009307C00023AEF1F41305F0FF678000004C
:1006B000B707048023A0A700730050106F0000004C
:1006C0009307800523AEF1F41305F0FF6780000067
:1006D0009307B00023AEF1F41305F0FF678000002C
:1006E000B727000023A2F500130500006780000073
:1006F0009307800523AEF1F41305F0FF6780000037
:100700009307800523AEF1F41305F0FF6780000026
:10071000930780FA23AEF1F4130500006780000010
:100720001305100067800000130000001300000094
:10073000930780FA23AEF1F41305F0FF6780000001
:100740001305F5FF13351500678000001300000046
:100750009307600123AEF1F41305F0FF67800000FA
:100760009307F00123AEF1F41305F0FF678000005A
:100770001305000067800000130000001300000054
:100780009307800523AEF1F41305F0FF67800000A6
:100790001305F0FF67800000130000001300000045
:1007A0009307800523AEF1F41305F0FF6780000086
:1007B0001305000067800000130000001300000014
:1007C000B727000023A2F500130500006780000092
:1007D0001305F0FF67800000130000001300000005
:1007E0001305F0FF678000001300000013000000F5
:1007F0009307200023AEF1F41305F0FF678000009B
:100800009307800523AEF1F41305F0FF6780000025
:100810009307A00023AEF1F41305F0FF67800000FA
:10082000130101FF23202101138981F4832709008B
:1008300023248100232291002326110093840500A4
:1008400013040600638A070213060400938504005C
:100850001735010013050591EF0080598320C10071
:1008600013050400032481008324410003290100AF
:100870001301010167800000B7C5010013063000B5
:1008800093850520173501001305C58DEF004049FC
:1008900093021000232059006FF01FFB130000008B
:1008A00023ACA1F2130500006780000013000000D4
:1008B000138781F3032307003305A3002320A70038
:1008C000637C250097F202009382C2736376550021
:1008D00013050300678000009307C0001303F0FFB7
:1008E00023AEF1F41305030067800000130000003D
:1008F000130101FF23229100232611009307100802
:100900009384050063CC170D9307F00263D6170399
:10091000938008FD9302100563E41202170301009F
:1009200013038355939820003387680083230700BF
:10093000B385630067800500930E1001638AD80FAA
:1009400093045005170701001307C750B70F001095
:1009500023A09F0083471700638E070423A0FF0096
:10096000834027006388000423A01F0083423700D0
:100970006382020423A05F0003434700630C030269
:1009800023A06F00834857006386080223A01F013D
:10099000834367006380030223A07F0083457700C1
:1009A000638A05001307870023A0BF008344070064
:1009B000E39004FA8320C100832441001301010164
:1009C000678000008320C100130E800523AEC1F5AF
:1009D0008324410013010101678000009300F0406F
:1009E000E3C010F79302F03F63D61203938808C068
:1009F0001303F000E36613F5170701001307475CC4
:100A0000939328003385E300832505003386E500B2
:100A100067000600130EC00AE38EC8F963461E0382
:100A2000130F9009E388E8F9930F900AE39AF8F11D
:100A3000130F80FA23AEE1F56FF0DFF737250000E2
:100A400023A2A4006FF01FF7930E600DE39AD8EF76
:100A500023ACA1F26FF01FF61308F00123AE01F5ED
:100A60006FF05FF59306200023AED1F46FF09FF492
:100A7000370404802320A400730050106F0000008E
:100A80009304600123AE91F46FF0DFF22320210183
:100A9000138981F42324810013040600032609002E
:100AA00063060602130604000324810003290100E3
:100AB0008320C10093850400832441001725010091
:100AC0001305456A130101016F008032B7C60100AA
:100AD000130630009385062017250100130585684D
:100AE000EF00002413081000232009016FF09FFB82
:100AF0008327C500638807208328050163840820B5
:100B00000328050003469500032745018346480155
:100B1000B3E2C600A304550013F306026302031EEA
:100B2000B383E84093050001138F030063F475005D
:100B3000130F0001638AE81C338EE700834E0E001A
:100B4000930F1700130610002300D801232AF50184
:100B50006370761AB386F70183C206001303270079
:100B60009305200023005800232A650063F27518BE
:100B7000338E6700834E0E00130637009306300055
:100B80002300D801232AC50063F47616B382C70078
:100B900003C3020093054700130E400023006800C2
:100BA000232AB50063767E14B38EB70083C60E0089
:100BB00013065700930250002300D800232AC500D3
:100BC00063F872123383C70083450300930E6700F6
:100BD000130E60002300B800232AD501637A7E102B
:100BE000B386D70183C20600130677001303700093
:100BF00023005800232AC500637C730EB385C70009
:100C000083CE050093068700130E80002300D801D1
:100C1000232AD500637E7E0CB382D70003C3020073
:100C2000130697009305900023006800232AC5004F
:100C300063F0750CB38EC70083C60E009302A70045
:100C4000130EA0002300D800232A550063727E0AE9
:100C500033835700834503001306B700930EB0009B
:100C60002300B800232AC50063F47E08B386C700BA
:100C700083C206001303C700130EC00023005800F0
:100C8000232A650063767E06B385670083CE050060
:100C90001306D7009306D0002300D801232AC500ED
:100CA00063F87604B382C70003C302009305E7002C
:100CB000130EE00023006800232AB500637A7E0249
:100CC000B38EB70083C60E001306F7009302F00040
:100CD0002300D800232AC50063FC7200B387C70035
:100CE00003C307001307070123006800232AE50058
:100CF00093050000638403009305FFFF3387F5012C
:100D00006384E800678000008348480023280500CA
:100D100013F5D80F2302A80067800000130000001D
:100D2000130101FE232A910083240500232C810056
:100D30002328210123263101232E110023820400C0
:100D400023840400930770FC2384F40023880400A8
:100D50002322B5001304050013890500930906003A
:100D6000930600001386050037D512139305000083
:100D7000EF300035B7028000637455029350F500E0
:100D8000130700F82386E40013F3F00F13557500E2
:100D9000238264009373F50F23807400238604007C
:100DA0002386340123043401A304040097050000C2
:100DB000938545D4232224018320C10123280400E4
:100DC00023260400232A0400232E0400232C0400DD
:100DD000232204022320B40203248101832441013D
:100DE000032901018329C10013010102678000006A
:100DF000130101FF23260100638C0522630A0622EA
:100E0000032505003386C5009307100303474501FA
:100E1000232601008326C1009372F70F63E2D70AED
:100E20000323C10093031300232671000328C1008C
:100E300063E807098328C100138E18002326C10127
:100E4000832EC10063EED707032FC100930F1F004D
:100E50002326F1010327C10063E4E7068326C100CE
:100E600013831600232661008323C10063EA7704FD
:100E70000328C1009308180023261101032EC10086
:100E800063E0C705832EC100138F1E002326E101F6
:100E9000832FC10063E6F7030327C1009306170001
:100EA0002326D1000323C10063EC67008323C10024
:100EB00013881300232601018328C100E3F217F7EA
:100EC00093F20202E38402F423260100032EC10000
:100ED00063E2C70B832EC100138F1E002326E1019E
:100EE000832FC10063E8F7090327C10093061700A9
:100EF0002326D1000323C10063EE67068323C100CC
:100F000013881300232601018328C10063E4170717
:100F10008322C100138E12002326C101832EC1003B
:100F200063EAD705032FC100930F1F002326F101A9
:100F30000327C10063E0E7048326C1001383160082
:100F4000232661008323C10063E677020328C100E2
:100F500093081800232611018322C10063EC570077
:100F6000032EC100930E1E002326D101032FC100C2
:100F7000E3F2E7F783CF05002300F5012326010004
:100F80000327C10063E2E70A8326C100138316002A
:100F9000232661008323C10063E877080328C1008A
:100FA00093081800232611018322C10063EE57061F
:100FB000032EC100930E1E002326D101032FC10072
:100FC00063E4E707832FC10013871F002326E10096
:100FD0008326C10063EAD7040323C10093031300EF
:100FE000232671000328C10063E007058328C100A0
:100FF0009382180023265100032EC10063E6C70325
:10100000832EC100138F1E002326E101832FC10010
:1010100063ECF7010327C100930617002326D100D4
:101020000323C100E3F267F693851500E390C5DE64
:10103000130101016780000013000000130000008D
:101040006388050E03C605006304060E83270500AA
:10105000130101FF9386150003C747019372F70F31
:10106000A30751000343F100937303026396030A3D
:1010700003C547019375F50FA307B1000348F100BD
:1010800093780802639A080803CE4701937EFE0F07
:10109000A307D101034FF100937F0F02639E0F0658
:1010A00003C747019372F70FA30751000343F100F1
:1010B000937303026392030603C547019375F50F0B
:1010C000A307B1000348F10093780802639608046F
:1010D00003CE4701937EFE0FA307D101034FF1001A
:1010E000937F0F02639A0F0203C747019372F70FB2
:1010F000A30751000343F10093730302639E0300AF
:1011000003C547019375F50FA307B1000348F1002C
:1011100093780802E38208F4938616002380C700C0
:1011200003C6F6FFE31A06F213010101678000000F
:10113000678000001300000013000000130000008F
:10114000630C0602638A0502032705009706000068
:101150009386469A2326B500834747002328C50077
:10116000232A05002320D50293E2270023025700FB
:10117000732340F16304030067800000B723000C71
:1011800017260100130606FE83A503003305C5409C
:101190001338150093081000339E0801B36EBE008B
:1011A00023A0D3016780000013000000130000009B
:1011B00083270500034795008326050183C2470165
:1011C00033E3E200A304650093F3F20F6398060093
:1011D00013D5630013751500678000001305000028
:1011E00067800000130000001300000013000000DF
:1011F0009307050063800518630E06160327050094
:101200000345950083464701B3E2A600A384570037
:1012100013F31600630003169373360013050000E2
:10122000638C0308130810006380030793082000F1
:101230006386130303470700130510002380E500AE
:1012400003A7070003CE9700834E470133EFCE017B
:10125000A384E70193FF1E0063820F1283460700F9
:10126000B382A500130515002380D20003A7070051
:1012700003C397008343470133E86300A384070156
:1012800093F81300638C080E034E07003387A50004
:10129000130515002300C70103A7070083CE97009D
:1012A000034F4701B36FDF01A384F70193761F005B
:1012B0006386060C6306A60C83420700B383A50071
:1012C000130515002380530003A8070003CE9700E1
:1012D0003383A5000347480193080500B36EC70197
:1012E000A384D701137F1700630A0F08834F0800F8
:1012F00013051500B382A5002300F30183A30700A3
:1013000083C6970003C343013368D300A384070156
:10131000137E130063040E0603C703001385280021
:10132000B38EA5002380E20003AF070083CF9700B0
:1013300083424F01B3E3F201A384770093F61200D6
:10134000638E060203430F001385380023806E006E
:1013500003A7070083C89700034E470133681E01A7
:10136000A3840701937E1E00638A0E00E316A6F491
:1013700067800000130500006780000067800000A0
:10138000678000001300000013000000130000003D
:10139000F32740F163960702B726000C17270100D8
:1013A000130747DC03A60600B302E54013B312009F
:1013B0009303100033986300B368C80023A016019C
:1013C000370E0100930EFEFF638CD5010325050047
:1013D00093F5F500034F4500B36FBF002302F501FD
:1013E00067800000130000001300000013000000DD
:1013F000638E05029307000C63EAC702032705000A
:10140000232EB5008342870013F3F203B363C300B6
:1014100093F5F30F2304B7000346470093661600C5
:101420002302D700732840F163040800678000009E
:10143000B728000C972E0100938ECED203AE080081
:101440003305D541133F1500930F1000B397EF01FB
:1014500033E7C70123A0E800678000001300000005
:1014600063840502032705002320B5022326050017
:10147000834747002328050093E2270023025700F3
:10148000732340F16304030067800000B723000C5E
:1014900097250100938505CD83A603003305B5404C
:1014A0001336150013081000B318C80033EED80027
:1014B00023A0C30167800000130000001300000098
:1014C00063800502032705002322B50283474700F6
:1014D00093E2870023025700732340F16304030063
:1014E00067800000B723000C97250100938585C70E
:1014F00083A603003305B54013361500130810000A
:10150000B318C80033EED80023A0C30167800000E1
:10151000638805126306061283270500834695003B
:1015200003C74701B362D700A30455001373070232
:1015300063080310930300011305060063F4C3005E
:101540001305000103C8050093081000238007015C
:1015500063FAC80E03CE1500930E20002380C70146
:1015600063F2CE0E03CF2500930F30002380E701F6
:1015700063FACF0C83C63500130740002380D700E1
:101580006372C70C83C245001303500023805700C9
:10159000637AC30A83C35500130860002380770071
:1015A0006372C80A83C86500130E70002380170198
:1015B000637ACE0883CE7500130F80002380D70195
:1015C0006372CF0883CF8500930690002380F701D4
:1015D00063FAC60683C295001307A0002380570054
:1015E0006372C70603C3A5009303B000238067009E
:1015F00063FAC30403C8B5009308C0002380070141
:1016000063F2C80403CEC500930ED0002380C70147
:1016100063FACE0203CFD500930FE0002380E701E9
:1016200063F2CF0283C6E5009302F0002380D70067
:1016300063FAC20083C5F5002380B700678000000D
:101640001305000067800000130000001300000075
:10165000832705000347950083C24701A3040500C3
:1016600033E5E2001375E509678000001300000010
:101670008327050003C58701678000001300000071
:1016800003270500834795008342470133E3F200B7
:10169000A304650013F50206678000001300000034
:1016A000032705008347C70093E20704230657007A
:1016B000678000001300000013000000130000000A
:1016C000032705008347C70093F2F70B2306570053
:1016D0006780000000000000000000000000000023
:1016E000130101F8232441072328A105032A070039
:1016F000032D47002326B105938D06003308AA0366
:10170000232A9105232E1106232C8106232A9106D4
:101710002328210723263107232C81052322510763
:1017200023206107B38CCD0293102800232E71056E
:101730009306100093090600130405009384050026
:10174000138C070033091500939C2C006306DD4CB5
:10175000330BCA02930787002320F100931B2D004F
:10176000930A0500032701009385040013850A00EE
:1017700093070C0093860D0013060B00EFF05FF645
:10178000B38A7A01B38494010327010093070C0004
:1017900093860D0013060B0013850A009385040041
:1017A00063025911EFF0DFF3B38A7A01B384940135
:1017B0000327010093070C0093860D0013060B000E
:1017C00013850A0093850400630E590DEFF05FF155
:1017D000B38A7A01B38494010327010093070C00B4
:1017E00093860D0013060B0013850A0093850400F1
:1017F000630A590BEFF0DFEEB38A7A01B3849401E8
:101800000327010093070C0093860D0013060B00BD
:1018100013850A009385040063065909EFF05FEC15
:10182000B38A7A01B38494010327010093070C0063
:1018300093860D0013060B0013850A0093850400A0
:1018400063025907EFF0DFE9B38A7A01B3849401A8
:101850000327010093070C0093860D0013060B006D
:1018600013850A0093850400630E5903EFF05FE7C8
:10187000B38A7A01B38494010327010093070C0013
:1018800093860D0013060B0013850A009385040050
:10189000630A5901B38A7A01EFF09FE4B38494019B
:1018A000E31259ED930C40000329CC00E30E9A514A
:1018B00063C84C4F9300200063001A26930E30003B
:1018C000E31ADA2393080D00139D2900B38FA803B0
:1018D000130F1000139528003306F901831C26000E
:1018E0006384E9016F104029B306A400373D00006E
:1018F000B380A600130E0900930DADAA3743000074
:10190000831904000318240013044400B385B903A9
:10191000938646009380400013094900130E8E0001
:101920009388F8FF330FB80333876500135AF740E5
:10193000231E44FF330B6F00935FFB40231FF4FF14
:101940000396C6FF839EE6FFB30BB603B387BE03C1
:10195000B38A6B0093D2FA40239E56FEB38367008E
:1019600013D5F340239FA6FE039CC0FF8394E0FFA2
:10197000330DBC03B389B40333086D009355F840AD
:10198000239EB0FE338F6900935BFF40239F70FF5F
:10199000831FC9FF83128EFF8313AEFF8317E9FFF6
:1019A0000397C6FF039AE6FFB38E55020355C4FFA3
:1019B0003306F703330BFA02B38A7B02330C66411A
:1019C000B3046C0013DDF44093190D0113D8090121
:1019D000B307F702338F5E4133076F00935EF74022
:1019E00013960E01135B0601330C6801931A0C0168
:1019F00093D40A4113DD1440338A4F033305A541C4
:101A0000B3096841239EA6FE13980901935E08411D
:101A1000835FE4FFB3857502B3834701B387630037
:101A200013DFF74013170F01135B0701B38B5B0242
:101A3000B382750133866200935AF64093940A018B
:101A400013DD04013305AB41131A050193590A4113
:101A50003308AB01B38599039313080193D703416E
:101A600013DF1740B38FEF41239FF6FF0357E4FFC7
:101A7000035BC4FFB30BE800B3829E03330C6C011D
:101A8000231E84FF231F74FF3386650083DEC6FF99
:101A9000935AF64093940A0113DD04013305DD01E6
:101AA000239EA0FEB389620003DAE6FF13D8F94053
:101AB0009315080193D30501B3077A40239FF0FEE5
:101AC00003DFC6FFB30FAF41239EF6FF03DBE6FF44
:101AD00033876301239FE6FEE39408E28320C10776
:101AE0000324810783244107032901078329C106B1
:101AF000032A8106832A4106032B0106832BC10595
:101B0000032C8105832C4105032D0105832DC10480
:101B10001301010867800000131E2D0093071000B9
:101B20003306C401B74E00006384F9006F108024AF
:101B3000031F04000315240013094900131AEF00C2
:101B4000931CE500B30BEA41B38DAC40B389DB01D4
:101B5000338CDD0193DAF9409358FC402310540193
:101B600023111401831406000313260013064600F4
:101B70001397E4001318E300B3029740B3066840DC
:101B8000338BD201B383D6019355FB4093D0F340FE
:101B9000231F16FE231EB6FE031EC9FF831FE9FF87
:101BA000035F04003305BE0213044400130DFDFF60
:101BB000338AF003B3041E02B30C4541B38BDC013E
:101BC00093DDFB4093990D0113DC0901B30A8F41AA
:101BD000231E56FF8358E4FFB387F5033383970032
:101BE0003307D3011358F7409312080113DB0201A6
:101BF000B3866841231FD6FE8353C4FF8355E4FF99
:101C0000B3007C00330EBB00231E14FE231FC4FF51
:101C1000E3100DF26FF09FECB302A9401383C2FFF3
:101C20009353230013851300937575001307040065
:101C30006382050C6382A50B130620006382C5082E
:101C40009308300063821507130E40006382C505B8
:101C5000930E50006382D503130F6000E390E5718B
:101C600083DD040013074700231EB7FF83D624003B
:101C7000B3849401231FD7FE83D0040013074700C9
:101C8000231E17FE03DB2400B3849401231F67FF88
:101C900083D7040013074700231EF7FE83DB2400CD
:101CA000B3849401231F77FF83DA040013074700EE
:101CB000231E57FF83D22400B3849401231F57FEB1
:101CC00003D3040013074700231E67FE83D32400B9
:101CD000B3849401231F77FE03D504001307470044
:101CE000231EA7FE83D52400B3849401231FB7FECF
:101CF000E30AE9BA03D60400338E940113070702FE
:101D00002310C7FE83D42400B30E9E01338F9E019F
:101D1000231197FE83580E00B30F9F01B38D9F01CF
:101D2000231217FF03582E00B3869D01B38096013E
:101D3000231307FF03DB0E00B3849001231467FF16
:101D400083D72E002315F7FE835B0F00231677FF42
:101D5000835A2F00231757FF83D20F00231857FEF3
:101D600003D32F00231967FE83D30D00231A77FEB8
:101D700003D52D00231BA7FE83D50600231CB7FE29
:101D800003D62600231DC7FE03DE0000231EC7FF67
:101D900083DE2000231FD7FFE31EE9F46FF09FB01E
:101DA000130750006318EA54B380A903131E2D00D3
:101DB000B30EC401338FCE01B30FCF01338ACF01ED
:101DC00013932000B308690033856800039B080063
:101DD000039C28008314050023286101232281012C
:101DE0002324910283102500E35AA0CF9392190077
:101DF000930C090033893201939B2900939D39008C
:101E0000B7260000931529009399490023267103F2
:101E10002328B103232CB102232A3103938B0C0016
:101E200023240100138E9699B7470000232EA103A7
:101E3000232A910123209101031D04008313240010
:101E4000130444003303CD03938E4E00130F4F0051
:101E500003268100938F4F00130A4A0013071600D0
:101E60002324E100B388C3033305F300135BF5407B
:101E7000231E64FF338CF8009354FC40231F94FE10
:101E80008392CEFF0399EEFFB386C203B30DC9035D
:101E9000B385F60093D9F540239E3EFFB38AFD003B
:101EA00013D8FA40239F0EFF031DCFFF8313EFFFCC
:101EB0003306CD033387C3033303F6009358F3404F
:101EC000231E1FFF832841013305F700135BF540F4
:101ED000231F6FFF039CCFFF8394EFFF138B08003A
:101EE000B302CC033389C403B386F20093DDF6401A
:101EF000239EBFFF83240100B305F90093D9F54069
:101F0000239F3FFF831ACAFF0318EAFF338DCA03DA
:101F1000B303C8033306FD001353F640231E6AFEC5
:101F20003387F300135CF740231F8AFF8392EFFF90
:101F300003950800839628000398040083952400E5
:101F4000031DCFFF8313EFFF8398CFFF23205102A0
:101F5000839D0B008324C10283920C002322B103D2
:101F6000832D010303972C00B38C9C00330BBB0122
:101F700083248103832D0100232CA100232A6101E6
:101F80003305AD02338B9D0083244103232061017F
:101F900003962B00B38B9B00232E11010399CEFFD8
:101FA000839AEEFF8359C4FFB38DD3022326210108
:101FB0000359E4FF3305B541330BF5009354FB405F
:101FC000032B0102939D0401B388080313D50D016F
:101FD000B30DBB02B306DD02338DB841B308FD007B
:101FE00093D4F840939D040193D80D01330D15014E
:101FF00033051541931805010325810193140D0143
:1020000013DD040193D408418328C101B303750291
:1020100023209102232C5101931D0D01330D3D010D
:1020200093DD0D4133086803B3867600B384F60070
:1020300013D5F4409313050193D40301B385B8027B
:102040008328C100B38505013385F5009353F5401E
:10205000139B030113580B01B3865802B388040184
:10206000B384044193950801139B040193D30501A4
:1020700093550B41032B41021395030193580541DE
:102080003388EA02B3832301B3860641B384F600A2
:102090003305630393DAF44013980A01832AC100DD
:1020A00093560801B304CC02330595403308F5007C
:1020B0009354F8403387EA02939A040113D80A0133
:1020C000338506019314050113D50401931A050104
:1020D00093D40A41832A8101330DA5013303C3023E
:1020E000B3860641231EA4FF1398060193560841A8
:1020F000B3825203330C6C03330657003307F600E8
:102100001355F74013180501935A0801B3028301D0
:10211000338DF2001353FD4013160301032D81028A
:10212000135706013385EA00131805013385AD0303
:10213000135B0801131C0B0113530C41032C010109
:10214000B38AEA4093920A0113D70241B3037B009A
:10215000231F74FE3308F50033858403135BF840B6
:10216000B38A69013386A8033308F5001355F84094
:10217000B38AAA00B3028303B303F60013D6F34075
:1021800093930A01832A410013D80301330BC9003A
:10219000B382F20093D3F24033055703330B7B0035
:1021A00013160B01135B0601B38315023305F5000B
:1021B0001356F540B383F30013D5F3403306A6005E
:1021C000B3825603931A060113D50A01832A01022A
:1021D000B303A8403305A800239E7EFE33881A026D
:1021E000B382F20013D6F240B38888033308F800B4
:1021F0009352F840330656009313060113D8030197
:10220000B3026801239F5EFE231EAAFE330B0B411F
:10221000B38D8D033386F800832841009353F64035
:1022200033097900231F6AFFB384A4033385FD00BB
:10223000935DF540B389B9013303A303338DF400F3
:102240001358FD40B3820901139B0201135C0B017B
:10225000B38515033305F300935DF540B309B90168
:102260009394090193D30401330717023386F500D1
:102270001359F64013130901135D0301B3861602C7
:102280003308F7009352F840139B020193550B015A
:102290003305BD40B389A541B30DAC008325C1030F
:1022A00003258100B38A1A03B388F60093D4F8405B
:1022B0001397040113560701231EBFFF330C3C0183
:1022C0003389FA001353F940131D030193560D018E
:1022D0003308D640B3820301338BC640231F5FFE11
:1022E000B3836301239E8FFF239F7FFEE396A5B4F4
:1022F0006FF0CFFE931C2A0013850C0083240C0082
:10230000EF200029631405006F104033E35AA00149
:10231000930D1000E316BD35E35440019380CCFFCC
:1023200093D32000378800009306F8FFB70A010016
:1023300093FD13003383AC00B3CF4603130E0400A8
:102340001306050093080400B74C0000138BFAFF36
:1023500063940D04031F0400831224001306450038
:1023600093084400B305FF033387F203B387950155
:1023700093DBF740939E0B0113DC0E01337D6C0160
:10238000B300970193D3F040939D03013368BD01DF
:10239000232005016300C30883960800839A480040
:1023A000039F280083926800B385F6031306860016
:1023B00093888800B387FA0333879501935BF740CE
:1023C000939E0B0113DC0E01337D6C01B300FF0300
:1023D000B383970193DDF34013980D0193560801E1
:1023E000B3FA6601B382F203338F90019355FF4035
:1023F000939705013367FD00232CE6FEB38B920112
:1024000093DEFB40139C0E0133ED8A01232EA6FFC1
:10241000E314C3F8835F050083522500930C10007A
:102420002310F40123115400630C9A6F130F000062
:1024300093080000930E450037480000330BD3414A
:102440001306CBFF9350260093F31000831604006D
:102450008317240093850E0013060000639403067F
:102460001386080063C4980033869840931D2600A5
:10247000B30AB901839C2A00039D0A0003970E004A
:10248000839B2E0093854E00330BA703338C9B0355
:10249000B3009703B3038B41B38D030193DAFD407F
:1024A000B386DA00939C060193D60C412310D40026
:1024B000330D7D033387A001B30B070193D0FB409D
:1024C0006F00400D330616016344960033069640B4
:1024D000131C2600B3008901839A2000839D00000D
:1024E000839C0500039D250033061601B383BC03BE
:1024F00093854500B30B5D0333875C03338B7341D6
:10250000330C0B019350FC40B386D000939A060124
:1025100093DC0A4123109401B38DAD03330DB70151
:10252000B3030D0193DBF340B387FB00139707015F
:1025300093500741231114006344960033069640DC
:10254000131B2600330C6901831D2C00831A0C0019
:10255000039D05008393250093854500B3065D0325
:10256000B38BB303B307BD0333877641330B070146
:10257000135CFB40B30C9C01939D0C0193D60D4161
:102580002310D400B38A7A02338D5701B3030D01AF
:1025900093D7F340B3871700139B070193570B4161
:1025A0002311F400E39065F2130F1F00130E4E0089
:1025B000B38838016306EA5713040E002310FE01A6
:1025C00023115E006FF09FE7032A4C00139F290040
:1025D000139C1900939F390013070D002320E1017C
:1025E000330D3C012322F1019314270093102D0099
:1025F00063160A2833039400130E1000B3089300E7
:10260000E39EC93333859800930E0900130E090029
:10261000B74000008313040083122400130E8E00C1
:102620009394D3009397D200B38B7440338F574069
:10263000B3891B00B3051F0093DDF94013DBF540A0
:102640002310B40123116401831A0300031623002D
:1026500013094900939CDA001318D600B3865C4135
:10266000330CC840B38F1600330D1C0013DAFF4043
:102670009353FD40231043012311730083920800FC
:1026800083942800938ECE00939BD2009397D4001E
:10269000338F5B40B3899740B3051F00B38D19009A
:1026A00013DBF54093DAFD40239068012391580134
:1026B00003160500831C2500130444001318D600DC
:1026C000139CDC00B306C840B30F9C41338D160049
:1026D000338A1F009355FD409352FA402310B500F2
:1026E00023115500039F0800031C8EFF831BAEFFC0
:1026F000839C280033088F0383130300831D23006A
:10270000031BC9FF8317E9FF8354C4FF8356E4FF0B
:1027100083994EFF839A6EFF93884800B38F7C03A2
:1027200013034300130545001307F7FF330D7F0321
:10273000330AF841B30B1A0013DFFB4013180F01E3
:10274000935F0801338AF401931B0A01B384F441B7
:1027500013DA0B01B30C9C03139F040193540F0174
:10276000231E44FF338CFD02330D9D0133081D00F1
:10277000935FF840939B0F0113DF0B01B38CE601CD
:10278000139D0C01B386E64113580D013386630394
:10279000939F060193DB0F01231F04FF330686413D
:1027A000330C1600135FFC40131D0F0193560D01EF
:1027B000B38C3503338FDB00B38FDB40B38B520315
:1027C000B387F302B3837C41B38C130013D6FC4070
:1027D000131C0601135D0C01B386A601939B060131
:1027E000B30FFD0193DC0B01B30DBB03330BAF4102
:1027F000330A9A41239E48FFB3855503B38AB70134
:10280000338F1A009357FF409393070113D60301A8
:10281000338CC400B384C440B3823203B3895500FF
:10282000338D19009356FD40939B060113DA0B017B
:10283000B30D460193950D0193DA05013308584114
:10284000239F08FF035FC4FF8357E4FFB3034C419A
:10285000B38CEC013386FA00231E94FF231FC4FEC1
:10286000231FF3FF231E73FEB30F9A00231EF5FFF1
:10287000231F65FFE31007DA6FF04FA633039400C0
:10288000930D1000B3089300E39AB9333386980090
:10289000930E0900130E0900B740000083130400D3
:1028A00083142400130E8E009399D3009397D400C1
:1028B000B38B7940B38D9740B38F1B00B3821D005B
:1028C00013DFFF4013DCF2402310E40123118401E5
:1028D000831A03008315230013094900139BDA00B0
:1028E000939CD50033085B41338DBC40B306180080
:1028F00033051D0013DAF6409353F54023104301CE
:10290000231173008394080083992800938ECE00CE
:10291000939BD4009397D900B38D9B40B38F3741DD
:10292000B3821D00338F1F0013DCF240935AFF4027
:10293000239088012391580183150600031B26006C
:1029400013044400939CD5001318DB00338DBC4066
:1029500033056841B3061D00330A150093DDF640C8
:102960009353FA402310B60123117600039F080009
:10297000031C8EFF031BAEFF839C280033088F03CC
:10298000831B0300831A23008319C9FF8317E9FF00
:102990008352C4FF835FE4FF83944EFF03956EFF71
:1029A00093884800338D6C031303430013064600DD
:1029B0001307F7FFB3066F03330AA841330B1A005E
:1029C000135FFB4013180F01135D0801338AA20146
:1029D000131B0A01135A0B01B382A241B30C9C03CF
:1029E000139F0201135D0F01231E44FF338CFA0273
:1029F000B386960133881600135BF84093120B01DF
:102A000013DF0201B38CEF01B38FEF4193960C01FA
:102A100013D80601B3853B03139B0F0193520B019F
:102A2000231F04FFB3858541338F9D02338C15002E
:102A3000935CFC4093960C0113DB0601B38F62019B
:102A4000B3826241B385A302B38BFB02B307BF40DD
:102A5000338F1700135CFF40931C0C0193D60C01BD
:102A6000330BDB0093150B01B38FDF40338F560020
:102A7000B38DAD0213DC0501330A8A41239E48FF62
:102A8000B38A5903B3839302B3895B013385190079
:102A90009352F540939B020193D70B01B30CFD4079
:102AA000330DFD00B3847D00B386140013DBF640C4
:102AB00093150B0113DA0501B38A4701939D0A01AF
:102AC00013D50D013308A840239F08FF8352C4FF8C
:102AD000835BE4FFB3099A01330C5C00B307750113
:102AE000231E84FF231FF4FE231FF3FF231E33FF47
:102AF000B30F4D41231EF6FF231FE6FFE31007DA55
:102B00006FE0DFFD032D81000325C100032C0101CF
:102B10009386160013044400330C9C01631EDD36BB
:102B2000032481078320C107832441070329010768
:102B30008329C106032A8106832A4106032B010645
:102B4000832BC105032C8105832C4105032D010531
:102B5000832DC104130101086F10502483DF04008A
:102B6000130744002310F40103D82400B384940114
:102B7000231104016FF0CF8E3308A400373A000010
:102B8000939D3900B305A800130E09009309AAAA62
:102B900037430000831B0400831724001304440000
:102BA000338C3B0313084800938545009388F8FF56
:102BB000B38A3703B3046C0013D7F440231EE4FE3A
:102BC000B3826A0013DBF240231F64FF8316C8FF41
:102BD0008313E8FFB3803603B38E3303B38F6000F3
:102BE00013DFFF40231EE8FF33856E001356F540C8
:102BF000231FC8FE039AC5FF839BE5FFB3073A0373
:102C0000338C3B03B38A670093D0FA40239E15FEB2
:102C1000B3046C0093D3F440239F75FE8312090024
:102C200003150E0003162E00831E29000317C8FF8C
:102C3000031BE8FFB38FA002035AC4FF3309A901A5
:102C4000330EBE01B3065702330FDB03B38BC3024F
:102C5000B387E641338C6700935AFC4093940A0192
:102C600093D60401B30ED70333877F41B30F6700B8
:102C700013DFFF40931B0F0193D70B01338CF6003A
:102C8000931A0C0193D40A4113D71440338B620377
:102C9000330AEA40231E48FFB386F640939F06019D
:102CA00013DF0F418352E4FFB380C00233866E010D
:102CB000B30E660093DBFE4093970B0193DA070196
:102CC000B383A30233857000B304650013D7F440C7
:102CD000131A0701135B0A01B3866A41939F060129
:102CE00093D00F4133866A01B38E9003931B060184
:102CF00093D70B4193DA1740B3825241231F58FEFA
:102D00008353C4FF0355E4FF330C7C0033079F0358
:102D1000B304A600231F94FE231E84FF338A6E0093
:102D2000035FC8FF135BFA4093160B0193DF0601A4
:102D3000B380EF01239E15FEB30E67000356E8FF34
:102D400093DBFE4093970B0193DA0701B3025641E0
:102D5000239F55FE8353C8FF3385F341231EA8FEEE
:102D6000035CE8FFB3848A01231F98FEE39408E222
:102D70006FE0DFD6139F2900831F0400031A24008D
:102D800013044400939CEF00931BEA00B38DFC41B5
:102D9000B3894B41338CDD01B38AD9019358FC4090
:102DA00093D4FA40231E14FF231F94FE031306003E
:102DB00003172600130646001318E3009316E700D6
:102DC000B3026840338BE640B383D201B305DB0125
:102DD00093D0F34013DEF540231E16FE231FC6FFDB
:102DE000831F0900831729000355C4FF338AF003AA
:102DF000130DFDFF3309E901B30CFE02B38BF002A2
:102E0000B30D9A41B389DD0113DCF940931A0C012B
:102E100093D80A01B3041541231E96FE0353E4FF21
:102E20003307FE033388EB00B306D80193D2F64094
:102E3000139B020193530B01B3057340231FB6FE8E
:102E40008350C4FF035EE4FFB38F1800B387C30150
:102E5000231EF4FF231FF4FEE3100DF26FE01FC8E2
:102E6000B380A90337830000370E01009308F3FFF6
:102E7000930BFEFF3388AC0093132D00130C00005E
:102E80009306000023221101B74D00002320710199
:102E9000930F4500938C0900E35C40C7B302A84040
:102EA00083294100938EC2FF13D62E00937A160019
:102EB000B3C54903130B05009308040063960A0485
:102EC00083170400031F240003260100130B450091
:102ED000B30874003383B7023307BF02330EB30164
:102EE000935BFE4093920B0193DE0201B3FACE0096
:102EF000B309B70193D7F940139F070133E3EA0100
:102F000023206500630C0B07B38B78000397080040
:102F10008392280003960B00039E2B00B30AB7028E
:102F2000B3887B00032F0100130B8B00B38EB2021A
:102F3000B389BA0193D7F94033F3E701B30BB60273
:102F40003387BE019352F74013960201B36AC30060
:102F5000232C5BFF330EBE02B38EBB0193D9FE4020
:102F6000B3F7E901330FBE011353FF40931B030175
:102F700033E77701232EEBFEE3180BF9835A0500A4
:102F8000035B2500930510002310540123116401F5
:102F9000130E0400E30EBAB6130F040093020C00E4
:102FA000930900002324A1012326A10023288101E5
:102FB000330DF8411305CDFF135C250093781C00F9
:102FC000831B0E0083172E0093850F00130600004D
:102FD000639408061386020063C49200338692400D
:102FE000931E26003303D90183180300031C23001A
:102FF00003970F00839E2F0093854F00330517031F
:10300000338D8E0333038703330CA5413307BC0193
:103010001355F740B30B7501139D0B01935B0D41E5
:1030200023107E01B388D803B30E13013383BE018E
:103030001357F3406F00400D33065600634496006B
:1030400033069640131726003305E90003132500C5
:1030500083180500039C0500839E25003306560057
:1030600033051C039385450033076C02338D6E02D4
:10307000B388D8033303A541330CB3011355FC4087
:10308000B30B7501139D0B0113530D4123106E00FB
:10309000B30E17013387BE01135CF740B307FC0082
:1030A00013950701135705412311EE006344960061
:1030B00033069640931B2600330D7901831E0D00C5
:1030C00083172D0003950500039C2500938545007B
:1030D000B308D503B30BFC02330DF502B387784177
:1030E0003385B7019358F54033836800931B030180
:1030F00093DB0B4123107E01B38E8E03330CDD0175
:10310000330DBC019357FD40B387E700139C0701C3
:1031100093570C412311FE00E310B8F29389190074
:10312000330F7F00B3821200E30E3A9D130E0F009F
:1031300023105F0123116F016FF09FE7B3879800A1
:103140009302090093040900B7430000831E0400A2
:10315000031F2400938848001396DE00931CDF00B1
:10316000330DD641B386EC41330B7D00B385760039
:10317000135AFB4093DAF540231044012311540104
:10318000831D030003152300130343001398DD0080
:10319000931BD500B309B841338CAB40B38F790092
:1031A000330E7C0093DEFF40135FFE40231ED3FFEF
:1031B000231FE3FF839CC8FF039DE8FF1304440023
:1031C0001396DC009316DD00330B9641B385A641C0
:1031D000330A7B00B38A7500935DFA4013D5FA4039
:1031E000239EB8FF239FA8FE03980700839B270018
:1031F000832D01009319D800139CDB00B38F094184
:10320000330E7C41B38E7F00330F7E0013D5FE401A
:10321000935AFF402390A70023915701039C02007B
:10322000839C2200039DC8FF039EE8FF83160900CC
:10323000031B2900330FAC033309B901831BC3FF00
:10324000831FE3FF03284100835EC4FF035AE4FFAA
:10325000B38202010396040083992400B38DCC034A
:10326000938747001307F7FFB3841400B38CAC03B4
:10327000330E8E03330CBF4133087C00135FF840DC
:10328000931D0F0113D80D01330CD801131F0C012E
:10329000B38E0E4113980E01330DFB03330E9E01C6
:1032A000330C7E00935EFC40935D0F01135F0801B9
:1032B00013980E01935C0801338E4C01131C0E0110
:1032C000B385760313580C01330A9A41931E0A0101
:1032D00093DC0E01231EB4FF231F04FFB385A54119
:1032E000330CA602338D7500135EFD40131A0E01D8
:1032F000935E0A01338EDC41B38C9E01B385590382
:10330000B386DF02B30FBC40338C7F00135DFC40FB
:10331000131A0D01935F0A01B38EDF0193950E011D
:1033200013DD0501B38DAD41330B7B03B38BFC4142
:10333000239EB8FF338ECF01B30A5603338666014E
:10334000B30C760093D6FC40139C0601935F0C01EE
:10335000338AEF01330FFF413385A902B389AA00F5
:10336000B38E790093D5FE40939D050113DB0D01CB
:10337000B30AFB0113960A01935C060133089841D6
:10338000239F08FF8356C4FF035CE4FFB30F6A4129
:10339000330DDD00338A8C01231EA4FF231F44FF5D
:1033A000231FC3FF231EF3FF330EEB01239EC7FF32
:1033B000239F77FFE31C07D86FE04FF2B387980095
:1033C0009309090093040900B7430000031804009F
:1033D000031B240093884800931BD8009316DB003E
:1033E000B38A0B41B382664133857A00B38572009C
:1033F0001356F54013DEF5402310C4002311C40119
:10340000831E0300831C230013034300139ADE0072
:10341000139CDC00330DDA41330F9C41B30F7D0068
:10342000B30D7F0013D8FF4013DBFD40231E03FFC5
:10343000231F63FF839BC8FF839AE8FF13044400A4
:103440009392DB009396DA0033857241B38556413F
:1034500033067500338E7500935EF640935CFE4034
:10346000239ED8FF239F98FF039A0700039C270001
:1034700093874700131DDA00131FDC00B30D4D4185
:10348000B30F8F4133887D00338B7F009355F84015
:10349000935FFB40239EB7FE239FF7FF839C24008E
:1034A00003960400039DE8FF039EC8FF032C010060
:1034B000831A0900831629003308CE0233098901D3
:1034C000831EC3FF831BE3FF832D4100035FC4FF03
:1034D00083920900B384B401039B2900035AE4FFDB
:1034E000330C9D031307F7FFB38919003306A603B6
:1034F000330E9E03B30C8841B38D7C0013D8FD407E
:10350000131C0801935C0C01B30D9F0113980D016E
:10351000135C0801330F9F41338DDB02330ECE0065
:1035200033087E00931C0F01135FF84093DD0C01FC
:10353000931C0F0113D60C01330ECA00330ACA4084
:1035400033855E0313180E01131F0A01935C0F01EC
:1035500013580801231E84FF231F04FF3305A541D0
:1035600033865502330D7500135EFD40131A0E01AC
:10357000135F0A01338EEC01B38CEC4133856F038A
:10358000B386DE02B30EA64033867E00135DF6409E
:10359000131A0D0113560A01330FCF0013150F0133
:1035A000935E0501330ECE40B38A7A03B30B9601C6
:1035B000330CDC41239E88FFB3856503338B5601B2
:1035C000B30C7B0093D6FC40139D060113550D01EF
:1035D000338AAD40B38DAD00B38F5F02B382F50186
:1035E00033867200135FF640131C0F01935A0C01CF
:1035F000B3055501139B0501935C0B0133089841FA
:10360000239F08FF8356C4FF035DE4FF33854A010F
:10361000B38EDE00338AAC01231ED4FF231F44FF88
:10362000231FC3FF231EA3FE338E5D41239EC7FFCE
:10363000239F77FFE31C07D86FE04FCA17040100F0
:1036400003240420032904001306700193051000CD
:103650008326C90017F500001305052AEF10D04A8C
:10366000032A040093051000130690018326CA0064
:1036700017F500001305C529EF1010498324040035
:10368000032481078320C10783A5C4000329010700
:10369000832441078329C106032A8106832A410620
:1036A000032B0106832BC105032C8105832C4105C7
:1036B000032D0105832DC1041305A000130101088A
:1036C0006F1090251300000013000000130000008D
:1036D000130101FE232C810093073500232E1100D6
:1036E0001304050013952700638006066302060491
:1036F00083A0060063EEA00223A0A6001305060027
:103700008320C10123208500032481019702010049
:1037100083A2C212170301000323C3122322B500A0
:103720002326550023246500130101026780000051
:1037300023A0A600130500008320C10103248101FA
:1037400013010102678000002326B100EF005064DE
:103750008325C100E31605FA130500006FF0DFFDB5
:10376000130101FE232C8100232E110013040500F8
:103770006382C502032784009307040003248101A8
:103780008320C10113050600130610001301010276
:103790006FD01FF5232A91009384050063880506E6
:1037A00003250500232821012326310113152500B7
:1037B00013890600EF00D05D930905006308050A30
:1037C00003278400930704009306090093850400EF
:1037D00013061000EFD0DFF00326040093850900E4
:1037E0001385040013162600EF20007E03248101B8
:1037F00083244101032901018320C10113850900AC
:103800008329C100130101026F0050599704010080
:1038100083A4040383A00400130670019305100021
:1038200083A6C00017F5000013054510EF10D02D3A
:1038300083A30400930510001306100183A6C300A0
:1038400017F5000013050510EF10102C83A50400D8
:10385000832441011305A00083A5C5000324810131
:103860008320C101130101026F10100B1704010026
:10387000032404FD83270400130670019305100040
:1038800083A6C70017F500001305050DEF10D0271C
:1038900083220400930510001306800183A6C20052
:1038A00017F500001305C50CEF10102603230400C4
:1038B00083244101032901018325C3008329C10019
:1038C0001305A0006FF09FF9130000001300000023
:1038D000130101FF23248100232611001304050096
:1038E0006384C50203278400930704000324810036
:1038F0008320C10013050600930610001306100074
:10390000130101016FD0DFDD2322910093840500B4
:1039100063820506032505002320210113152500D8
:10392000EF001047130905006306050A032784000A
:1039300093070400938504009306100013061000FB
:10394000EFD01FDA03260400930509001385040055
:1039500013162600EF2040670324810083244100D2
:103960008320C1001305090003290100130101018F
:103970006F00D0429704010083A484EC83A004006C
:10398000130670019305100083A6C00017F5000010
:103990001305C5F9EF10501783A304009305100019
:1039A0001306100183A6C30017F50000130585F95F
:1039B000EF10901583A50400832441001305A00097
:1039C00083A5C500032481008320C10013010101E8
:1039D0006F10807417040100032484E68327040019
:1039E000130670019305100083A6C70017F50000A9
:1039F000130585F6EF105011832204009305100083
:103A00001306800183A6C20017F50000130545F6D2
:103A1000EF10900F032304008324410003290100C9
:103A20008325C3001305A0006FF0DFF91300000029
:103A30006780000013000000130000001300000066
:103A400093771500930630001307500013081000F9
:103A5000639407189307050013D6F701B302F60025
:103A600093D7124013D3F70193F51700B303F30074
:103A70006394050893D7134093D8F70193FE17007A
:103A8000338EF800639A0E0693571E4013DFF7013A
:103A900013F61700B30FFF006310060693D71F40FD
:103AA00093D2F70193F317003383F2006396030474
:103AB0009357134093D5F70113FE1700B388F50011
:103AC000631C0E0293D7184093DEF70193FF170093
:103AD000338FFE0063920F0293571F4013D6F701F6
:103AE00013F31700B302F6006318030093D71240D4
:103AF00093F31700E38203F6B3E5D702639205065A
:103B0000B3C7D702B3E8D702639C0804B3C7D70290
:103B100033EED70263160E04B3C7D702B3EED70253
:103B200063900E04B3C7D70233EFD702631A0F02B4
:103B3000B3C7D702B3EFD70263940F02B3C7D7025C
:103B400033E6D702631E0600B3C7D702B3E2D7023B
:103B500063980200B3C7D70233E3D702E30203FA44
:103B6000B3E3E70263920306B3C7E702B3E5E702F4
:103B7000639C0504B3C7E702B3E8E7026396080451
:103B8000B3C7E70233EEE70263100E04B3C7E702E0
:103B9000B3EEE702639A0E02B3C7E70233EFE70220
:103BA00063140F02B3C7E702B3EFE702639E0F008F
:103BB000B3C7E70233E6E70263180600B3C7E702BC
:103BC000B3E2E702E38202FA635CF8001305150032
:103BD00093771500E38007E8930705006FF0DFF1A6
:103BE000678000001308000063C6051263DC06004E
:103BF000B337C000B306D0401348F8FFB386F64091
:103C00003306C04093080600130705001383050020
:103C1000639A060E63F4C516B70701006364F622C3
:103C2000B7070001930680016374F6009306000154
:103C3000B7370180335ED60093878798B387C70173
:103C400083C70700130E0002B387D700B306FE40F8
:103C5000630CFE003393D500B357F500B318D600BC
:103C600033E367003317D50013D608013355C30279
:103C70009396080193D60601935707013373C30245
:103C8000B385A60213130301B3E7670063FCB70013
:103C9000B387F8001303F5FF63E4170163E6B74049
:103CA00013050300B387B740B3D5C7021317070145
:103CB00013570701B3F7C702B386B60293970701FC
:103CC0003367F700637ED7003387E8009387F5FFFB
:103CD000636617019385E5FF6364D700938507004A
:103CE000131505013365B50093050000630A08004C
:103CF000B337A000B305B040B385F5403305A0400D
:103D00006780000063F4D5029305000013050000EE
:103D10006FF0DFFDB337A000B305B040B385F540C9
:103D20003305A0401308F0FF6FF05FECB707010008
:103D300063E8F61EB70700019308800163F4F600FC
:103D400093080001B737018033D71601938787980E
:103D5000B387E70003C70700930700023307170183
:103D6000B388E7406396E71C63E4B6303335C5009B
:103D700013351500930500006FF05FF7630C060C18
:103D8000B7070100637CF62C1333061013331300BE
:103D900013133300B3566600B737018093878798B3
:103DA000B387D70083C6070093070002B386660077
:103DB000B38ED7406394D70CB386C5401353060126
:103DC00013160601135606019305100033D566023B
:103DD00093570701B3F66602330EC50293960601A8
:103DE000B3E7D70063FCC701B387F8009306F5FF7C
:103DF00063E4170163E4C72B13850600B387C7414B
:103E0000B3D667021317070113570701B3F7670209
:103E10003386C602939707013367F700637EC700B6
:103E20003387E8009387F6FF636617019386E6FF02
:103E30006364C70093860700131505013365D50039
:103E40006FF0DFEA9336061093B6160093963600AD
:103E50006FF01FDEB73701809306000093878798C5
:103E6000B387D70083C6070013030000930700023F
:103E7000B3866600B38ED740E380D7F4B318D6017B
:103E800033DED50013D30801B3576E021396080131
:103E900013560601B356D5003317D501B395D50196
:103EA000B3E6B60093D50601337E6E023305F60203
:103EB000131E0E01B3E5C50163FEA500B385B8006E
:103EC000138EF7FF63E4151D63F2A51C9387E7FFCC
:103ED000B3851501B385A54033D5650293960601D8
:103EE00093D60601B3F56502330EA602939505013C
:103EF000B3E6B60063FEC601B386D8009305F5FFAE
:103F000063EE161763FCC6171305E5FFB3861601AB
:103F100093950701B386C641B3E5A5006FF01FEB8B
:103F200093B8061093B81800939838006FF09FE18B
:103F3000B35EE600B3961601B3EEDE0033D3E500C0
:103F400013DF0E01B357E303139E0E01B395150162
:103F5000135E0E013357E5003367B7009356070130
:103F6000331616013373E303B305FE021313030183
:103F7000B3E6660063FEB600B386DE001383F7FF88
:103F800063EAD61163F8B6109387E7FFB386D601CC
:103F9000B386B640B3D5E6031317070113570701DD
:103FA000B3F6E6033303BE02939606013367D700E8
:103FB000637E67003387EE009386F5FF6364D70D59
:103FC0006372670C9385E5FF3307D7019397070169
:103FD000370F0100B3E7B7009306FFFFB3F5D70033
:103FE00013DE0701B376D60013560601B38ED50251
:103FF00033076740B306DE0213D30E01B385C50253
:10400000B385D500B305B300330ECE0263F4D500FB
:10401000330EEE0193D60501B386C601636AD7025B
:104020006308D70013850700930500006FF01FCCCD
:10403000B70601009386F6FF33F7D5001317070183
:10404000B3FEDE00331515013307D701E37CE5FC31
:104050001385F7FF930500006FF05FC9B7070001F4
:10406000637AF60493560601130300016FF0DFD262
:1040700093050000130510006FF05FC7138505005E
:104080006FF01FE9938506006FF05FF493070E0051
:104090006FF05FE4930703006FF09FEF1305E5FFF8
:1040A000B38717016FF09FD51305E5FFB38717019D
:1040B0006FF05FBF93568601130380016FF0DFCD71
:1040C0001308060093080500138705006390060E89
:1040D00063FEC512B7070100636EF61EB707000145
:1040E000930680016374F60093060001B7370180E0
:1040F0003353D60093878798B387670083C7070039
:1041000013030002B387D700B306F340630CF30038
:104110003397D500B357F5003318D60033E7E700DF
:10412000B318D500135608013355C702931608017A
:1041300093D6060193D708013377C702B385A60249
:1041400013170701B3E7E70063FCB700B307F800F4
:104150001307F5FF63E4070163E0B73E13050700AB
:10416000B387B74033D7C7029398080193D80801A3
:10417000B3F7C702B386E60293970701B3E8F800E6
:1041800063FED800B30818019307F7FF63E6080140
:104190001307E7FF63E4D800138707001315050131
:1041A0003365E500930500006780000063F8D500E3
:1041B000930500001305000067800000B7070100A9
:1041C00063E8F61EB70700011308800163F4F600E8
:1041D00013080001B737018033D70601938787980A
:1041E000B387E70003C707009307000233070701FF
:1041F0003388E7406396E71C63E4B6303335C50087
:10420000133515009305000067800000630C060C51
:10421000B7070100637CF62C13370610133717001D
:1042200013173700B356E600B73701809387879896
:10423000B387D70083C7070093060002B387E70060
:10424000B38EF6406394F60CB387C54093560601CF
:1042500013160601135606019305100033D5D70235
:1042600013D70801B3F7D7023303C50293970701A9
:10427000B367F70063FC6700B307F8001307F5FFA7
:1042800063E4070163E4672A13050700B387674007
:1042900033D7D7029398080193D80801B3F7D70210
:1042A0003306C70293970701B3E8F80063FEC8001E
:1042B000B30818019307F7FF63E608011307E7FF48
:1042C00063E4C80013870700131505013365E50093
:1042D000678000009336061093B61600939636005A
:1042E0006FF0DFE0B737018093060000938787986F
:1042F000B387D70083C707001307000093060002A7
:10430000B387E700B38EF640E380F6F43318D601A6
:1043100033D3F50093560801335ED3021316080118
:10432000B395D50113560601B357F500B3E7B700AF
:1043300013D70701B318D5013373D302B305C603EE
:104340001313030133676700637EB7003307E80088
:104350001305FEFF6364071D6372B71C130EEEFFA7
:10436000330707013307B7403355D7029397070147
:1043700093D707013377D7023303A6021317070138
:10438000B3E7E70063FE6700B307F8001307F5FF24
:1043900063EE071763FC67161305E5FFB387070194
:1043A00093150E01B3876740B3E5A5006FF01FEBCF
:1043B00013B8061013381800131838006FF09FE177
:1043C000335EE600B3960601336EDE00B3D8E50037
:1043D000935E0E01B3D7D80313130E01B3950501F5
:1043E000135303013357E5003367B70093560701B2
:1043F00033160601B3F8D803B305F3029398080106
:10440000B3E6160163FEB600B306DE009388F7FF3D
:1044100063EAC61163F8B6109387E7FFB386C60157
:10442000B386B640B3D5D603131707011357070158
:10443000B3F6D603B308B302939606013367D700E9
:10444000637E17013307EE009386F5FF6364C70DA3
:104450006372170D9385E5FF3307C7019397070133
:10446000B70E0100B3E7B7009386FEFFB3F5D700A0
:1044700013D30701B376D60013560601338ED50247
:1044800033071741B306D30293580E01B385C50213
:10449000B385D500B385B8003303C30263F4D500F8
:1044A0003303D30193D60501B3866600636AD7024E
:1044B0006308D7001385070093050000678000009C
:1044C000B70601009386F6FF33F7D50013170701EF
:1044D000337EDE00331505013307C701E37CE5FCBD
:1044E0001385F7FF9305000067800000B707000100
:1044F000637AF60493560601130700016FF0DFD2CA
:1045000093050000130510006780000013050700E5
:104510006FF01FE9938506006FF05FF4130E05003E
:104520006FF05FE4938708006FF09FEF1305E5FFDE
:10453000B38707016FF09FD51305E5FFB387070128
:104540006FF01FC293568601130780016FF0DFCD15
:1045500093050500930600001306000013050000F4
:104560006F109049130101FF93050000232481007F
:104570002326110013040500EF10905183A781F545
:1045800063840700E780070013050400EFC04F9223
:104590009305050003A541F46F0000019305050094
:1045A00003A541F46F109075130101FD232E310115
:1045B0002326110223248102232291022320210396
:1045C0009387B50013076001930905006360F7083E
:1045D0009307000163E0B720EF00007893078001A4
:1045E000930520009304000113898182B307F90029
:1045F00003A44700138787FF6300E4348327440044
:104600008326C4000326840093F7C7FFB307F40092
:1046100003A747002326D60023A4C600136717006C
:104620001385090023A2E700EF00407313058400FF
:104630008320C10203248102832441020329010251
:104640008329C101130101036780000093F487FFF0
:1046500063C2071863E0B418EF0000709307701F7F
:1046600063F6973E93D79400638E071613074000B6
:10467000636CF73293D7640093859703138887039D
:1046800013963500138981823306C900032446003E
:10469000130686FF630886021305F0006F004001D1
:1046A0008326C40063560728630ED60013840600D1
:1046B0008327440093F7C7FF33879740E352E5FE13
:1046C000930508000324090193088900630E14254B
:1046D000832744009306F00093F7C7FF3387974082
:1046E00063CCE636232A19012328190163500734C5
:1046F0001307F01F032549006368F72413F787FFAA
:10470000130787003307E9008326070013D65700F5
:1047100093071000B397C7003365F500930787FF31
:104720002326F4002324D4002322A9002320870079
:1047300023A6860093D72540130610003316F600F3
:10474000636AC50AB377A6006394070213161600BE
:1047500093F5C5FFB377A60093854500639A0700DC
:1047600013161600B377A60093854500E38A07FE6B
:104770001308F00013933500330369001305030099
:104780008327C500138E05006302F52403A74700A5
:104790001384070083A7C7001377C7FFB3069740AA
:1047A0006342D824E3C206FE3307E40083264700B1
:1047B000032684001385090093E616002322D70000
:1047C0002326F60023A4C700EF00405913058400F8
:1047D0006FF01FE69307C00023A0F9001305000047
:1047E0006FF01FE513060020930500041308F00383
:1047F0006FF05FE9032489002328610183274400C7
:1048000013FBC7FF63689B0033079B409307F000CF
:1048100063CAE70C23229101232A510103A7C1F3A4
:1048200083AA41F5232C4101232671019307F0FF50
:10483000330A6401B38A54016306F73CB7170000DA
:104840009387F700B38AFA00B7F7FFFFB3FAFA00CD
:1048500093850A0013850900EF10804D9307F0FF40
:10486000930B0500630AF54423248101636E4523FD
:10487000138C81F683250C00B385BA002320BC007D
:10488000138705006316AA2A931745016392072A26
:10489000832B8900B3075B0193E7170023A2FB007A
:1048A00083A601F563F4B60023A8B1F483A6C1F48E
:1048B00063F4B60023A6B1F4032C810013840B002B
:1048C00093F7C7FF3387974063EA97389307F00061
:1048D00063D6E738032A8101832A4101832BC10073
:1048E000832C410093E714002322F400B3049400C6
:1048F00023249900136717001385090023A2E400FD
:10490000EF00C0458320C102130584000324810207
:10491000032B010183244102032901028329C101E0
:104920001301010367800000032549006FF09FE039
:10493000032684006FF09FCD03A4C7009385250054
:10494000E38287D86FF09FCB13D797009306400080
:1049500063F2E6149306400163E4E6321306C705EA
:104960009306B705131636003306C9000327060061
:10497000130686FF6318E6006F00402903278700AF
:104980006308E6008326470093F6C6FFE3E8D7FEF8
:104990000326C7002326C4002324E4002324860022
:1049A000232687006FF01FD9130740016378F710A3
:1049B000130740056364F72E93D7C4009385F70669
:1049C0001388E706139635006FF0DFCB130E1E0039
:1049D00093773E0013058500638007108327C50089
:1049E0006FF09FDA0326840093E514002322B400BD
:1049F0002326F60023A4C700B3049400232A9900B9
:104A00002328990093E7160023A6140123A4140178
:104A100023A2F4003307E400138509002320D70004
:104A2000EF00C033130584006FF09FC0B307F4009C
:104A300003A74700138509001367170023A2E700A7
:104A4000EF00C031130584006FF09FBE93D5340092
:104A5000938784006FF05FB993E614002322D4009B
:104A6000B3049400232A9900232899009366170021
:104A700023A6140123A4140123A2D400B307F40035
:104A80001385090023A0E700EF00402D13058400E3
:104A90006FF01FBA13D767001306970393068703B7
:104AA000131636006FF05FEC630C240703248900B3
:104AB000032C8100832744006FF09FE09385C70596
:104AC0001388B705139635006FF0DFBB832783008B
:104AD0009385F5FF639E672693F73500130383FFE5
:104AE000E39607FE032749009347F6FFB3F7E70075
:104AF0002322F90013161600E3EEC7CEE30C06CE10
:104B00003377F600631A0700131616003377F600A2
:104B1000130E4E00E30A07FE93050E006FF09FC5CB
:104B2000138C81F603270C003387EA002320EC0066
:104B300083A6C1F39307F0FF6386F618B3874B4152
:104B4000B387E7002320FC0093FC7B00638C0C0CF4
:104B5000B38B9B41B717000093878700938B8B0023
:104B6000B3859741B38A5B01B38555419395450160
:104B700013DA450193050A0013850900EF10401B65
:104B80009307F0FF6300F51833057541B30A45013B
:104B900003270C002324790193E71A00B305EA00E8
:104BA0002320BC0023A2FB00E30C24CF9306F000DB
:104BB00063F0660B0327440093074BFF93F787FFCF
:104BC000137717003367F7002322E4001306500021
:104BD0003307F4002322C7002324C70063E6F6004E
:104BE00083A74B006FF0DFCB93058400138509008A
:104BF000EF10D010832B890083250C0083A74B0076
:104C00006FF01FCA938A0A016FF09FC493D62640A3
:104C100093071000B397D7003365F5002322A9004E
:104C20006FF05FD7B3855B01B305B0409395450145
:104C300013DA450193050A0013850900EF10400FB0
:104C40009307F0FFE312F5F4130A00006FF05FF42E
:104C5000032C81009307100023A2FB001385090099
:104C6000EF00C00F13050000032A8101832A4101D0
:104C7000032B0101832BC100832C41006FF05F9B4C
:104C80009306400563E4E60413D7C7001306F7064E
:104C90009306E706131636006FF01FCD1307401575
:104CA0006364F70493D7F400938587071388770725
:104CB000139635006FF01F9D03248900832744005D
:104CC0006FF01FC023AE71F36FF01FE8930640151D
:104CD00063E4E60413D7F700130687079306770704
:104CE000131636006FF05FC8130740556364F7046E
:104CF00093D724019385D7071388C70713963500E8
:104D00006FF05F98938C8CFFB38A9A01B38A7A41D3
:104D1000130A00006FF0DFE79306405563E4E602F4
:104D200013D727011306D7079306C70713163600B4
:104D30006FF09FC31306803F9305F0071308E00749
:104D40006FF05F941306803F9306E0076FF0DFC1BA
:104D5000832749006FF01FDA67800000678000003A
:104D60001305000067800000B7A50080138601C30B
:104D70009385C58D138501C46F000041130101FFA8
:104D8000832545002324810023229100232611003E
:104D9000138401F99304050063848500EF40103407
:104DA00083A58400930784066386F50013850400B9
:104DB000EF40D03283A5C4001304040D638E850038
:104DC000032481008320C100138504008324410053
:104DD000130101016F4090308320C1000324810042
:104DE00083244100130101016780000013050000C6
:104DF00067800000130101FE232C8100B75700805B
:104E0000138401F9938787D6232E1100232A91005A
:104E100023282101232631012324410123ACF1F46D
:104E20001306800093074000930500001305C40596
:104E30002326F4002320040023220400232404005A
:104E40002322040623280400232A0400232C040020
:104E5000EF10C009B7070100375A0080B75900802A
:104E600037590080B7540080130A4A679389896DC7
:104E7000130909769384847D938797001306800035
:104E8000930500001305440C23204403232234031C
:104E90002324240323269402232AF406232E8400A9
:104EA0002324040623260406232804062326040CB0
:104EB000232C0406232E040623200408EF100003ED
:104EC000B707020013078406938727011305C4124E
:104ED0001306800093050000232444092326340987
:104EE00023282409232A9408232EF40C2322E408DF
:104EF0002328040C232A040C232C040C232A041238
:104F00002320040E2322040E2324040EEF00107E1F
:104F10009307040D2328440F232A340F232C240F36
:104F2000232E940E8320C1012326F40E0324810135
:104F300083244101032901018329C100032A81003F
:104F4000130101026780000083A781F5130101FEB0
:104F500023263101232E1100232C8100232A9100C6
:104F600023282101930905006386070E138901C3D5
:104F70009304F0FF83274900032489009387F7FFF8
:104F800063D807006F00000813048406638C97063B
:104F90000317C4009387F7FFE31807FEB707FFFF67
:104FA000938717002326F4002322040623200400FD
:104FB000232404002322040023280400232A0400BD
:104FC000232C040013068000930500001305C4057C
:104FD000EF00D07123280402232A040223220404B0
:104FE000232404048320C101130504000324810148
:104FF00083244101032901018329C1001301010216
:1050000067800000032409006306040013090400FC
:105010006FF05FF69305C01A13850900EFF0CFD843
:1050200013040500630C05021305C5009307400037
:10503000232004002322F4002324A4001306001AD2
:1050400093050000EF00906A2320890013090400F3
:105050006FF05FF2EFF01FDA6FF05FF123200900CD
:105060009307C00023A0F9006FF0DFF78327450303
:10507000638407006780000003A781F5B7570080AD
:105080009387C7D7232AF502E31607FE6FF09FD652
:105090006780000067800000B7550080138601C359
:1050A000938505D6130500006F00000EB7550080EC
:1050B000138601C39385C5DE130500006F00C00C85
:1050C000130101FE232C8100232E1100130405007F
:1050D0006306050083274503638C0700130504005E
:1050E000032481018320C101130101026F00803775
:1050F0002326C1002324B100EFF05FF7130504005D
:10510000032481010326C100832581008320C1017E
:10511000130101026F000035130101FE232A9100E3
:1051200083A441F4232C8100232E110013040500D5
:10513000138605006386040083A744036380070287
:1051400093050400032481018320C1011385040019
:1051500083244101130101026F00C0301385040054
:105160002326B100EFF09FF0930504000324810192
:105170000326C1008320C10113850400832441015B
:10518000130101026F00002E130101FD23202103F2
:10519000232E3101232C4101232A510123286101AF
:1051A0002326710123261102232481022322910246
:1051B000130B0500938B0500930A0600130A0000E9
:1051C000930910001309F0FF83A44A0003A48A0086
:1051D0009384F4FF63C804028357C40063FEF9009C
:1051E0008317E4009305040013050B006386270171
:1051F000E7800B00336AAA009384F4FF130484064B
:10520000E39C24FD83AA0A00E3900AFC8320C102E8
:105210000324810283244102032901028329C1015D
:10522000832A4101032B0101832BC10013050A00CE
:10523000032A81011301010367800000130101FBB0
:10524000232021053389C6029307C1012322F102DD
:10525000930710002324810423229104232E310379
:10526000232EB100232611042324F102232021033D
:1052700023262103930906001384060093040500E6
:105280009305070063060500832745036386070629
:105290008397C500139727016342070203A74506BA
:1052A000B7E6FFFF9386F6FF37260000B3E7C70097
:1052B0003377D7002396F50023A2E50613064102B3
:1052C00013850400EF405025630805008327C102C1
:1052D0003309F940335439038320C1041305040012
:1052E0000324810483244104032901048329C10385
:1052F00013010105678000002326E100EFF01FD7AE
:105300008325C1006FF0DFF8130101FB2322910414
:10531000B384C502232E310383A941F49307C1014D
:105320002322F10293071000232481042320210566
:1053300023261104232EA1002324F102232091020D
:1053400023269102138905001304060093850600A5
:105350006386090083A74903638607068397C50010
:10536000139727016342070203A74506B7E6FFFF2D
:105370009386F6FF37260000B3E7C7003377D700E0
:105380002396F50023A2E5061306410213850900C2
:10539000EF409018630805008327C102B384F440EE
:1053A00033D424038320C10413050400032481049F
:1053B00083244104032901048329C1031301010546
:1053C00067800000138509002326D100EFF01FCA73
:1053D0008325C1006FF09FF8130101FC2324C10253
:1053E0002326D1022328E102232AF102232C0103E0
:1053F000232E110313860500832585009306810261
:10540000232E11002326D100EF10803F8320C101FD
:10541000130101046780000003A341F4130101FCA0
:105420002324C1022326D1022322B1022328E10230
:10543000232AF102232C0103232E11038325830049
:10544000930641021306050013050300232E1100E5
:105450002326D100EF10C03A8320C10113010104BB
:1054600067800000130101FE232C8100232E110010
:1054700013040500630605008327450363800706C0
:10548000832786009387F7FF2324F60063DC070059
:105490000327860163CAE70293F7F50F1307A000FD
:1054A0006384E7028327060013F5F50F13871700BF
:1054B0002320E6002380B7008320C101032481015B
:1054C0001301010267800000130504000324810119
:1054D0008320C101130101026F0080302326C10027
:1054E0002324B100EFF09FB80326C100832581007B
:1054F0006FF01FF9130101FE232A210103A941F4D2
:10550000232C9100232E110093040500630609004B
:10551000832749036388070683A785009387F7FFDE
:1055200023A4F50063DC070003A7850163CCE70231
:1055300093F7F40F1307A0006386E70283A7050023
:1055400013F5F40F1387170023A0E50023809700BD
:105550008320C10183248101032941011301010238
:10556000678000008320C101138605001305090030
:105570009385040003294101832481011301010261
:105580006F000026130509002326B100EFF01FAEBF
:105590008325C1006FF05FF8130101FC232C810209
:1055A0001304050013850500232A9102232E1102FE
:1055B00093840500EF00903BB7370180938787A85D
:1055C0002324F102930710002326F102032744034A
:1055D0009307010293061500232AF1009307200088
:1055E000232091022322A102232ED100232CF1009B
:1055F00083258400630007068397C500139727015E
:105600006342070203A74506B7E6FFFF9386F6FF4E
:1056100037260000B3E7C7003377D7002396F5009D
:1056200023A2E5061306410113050400EF40C06EF6
:105630008320C10303248103133515003305A040E3
:105640001375B500832441031305F5FF130101040D
:1056500067800000130504002326B100EFF01FA1AE
:105660008325C1006FF05FF99305050003A541F4A0
:105670006FF09FF2130101FF2324810013840500C2
:105680008395E50023261100EF00006463400502C6
:10569000832704058320C100B387A7002328F404CF
:1056A0000324810013010101678000008357C400B7
:1056B00037F7FFFF1307F7FFB3F7E7008320C100B9
:1056C0002316F40003248100130101016780000008
:1056D00013050000678000008397C500130101FED9
:1056E000232C8100232A9100232821012326310124
:1056F000232E110013F707101384050093040500EF
:1057000013090600938906006310070437F7FFFFAB
:105710001307F7FFB3F7E7008315E4002316F4003F
:10572000032481018320C101938609001306090027
:105730008329C10003290101138504008324410149
:10574000130101026F0080648395E5009306200039
:1057500013060000EF00C0508317C4006FF01FFB5A
:10576000130101FF23248100138405008395E500C4
:1057700023261100EF00C04E9307F0FF6308F502E7
:105780008357C400371700008320C100B3E7E70048
:105790009397070193D707412328A4042316F40005
:1057A0000324810013010101678000008357C400B6
:1057B00037F7FFFF1307F7FFB3F7E70093970701EA
:1057C00093D707418320C1002316F40003248100EE
:1057D00013010101678000008395E5006F004036EA
:1057E000130101FE232C8100232A9100232821018B
:1057F000232E1100130905009384050013040600ED
:105800006306050083274503638007168327840109
:105810000317C4002324F4009377870063800708EC
:1058200083270401638C0706232631019316270181
:1058300093F9F40F93F4F40F63D8060803270400D8
:1058400083264401B307F74063D8D70A8326840030
:10585000130617002320C4009386F6FF2324D400E8
:105860002300370103274401938717006302F70CD5
:105870008357C40093F71700639A070C8329C1006C
:105880008320C10103248101032901011385040040
:105890008324410113010102678000009305040085
:1058A00013050900EF00000E631E05080317C4006E
:1058B00023263101832704019316270193F9F40F5E
:1058C00093F4F40FE3CC06F68326440637E6FFFF95
:1058D000B72500003367B7001306F6FFB3F6C6001E
:1058E0002316E400032704002322D4068326440160
:1058F000B307F740E3CCD7F4930504001305090080
:10590000EF40C033631E0502032704008326840092
:1059100093071000130617009386F6FF2320C40098
:105920002324D4002300370103274401E312F7F4B2
:105930009305040013050900EF404030E30005F42F
:105940008329C1009304F0FF6FF09FF39307A00039
:10595000E396F4F29305040013050900EF40002ECE
:10596000E30E05F06FF0DFFDEFF04FF06FF01FEA90
:105970009307050003A541F41386050093850700EE
:105980006FF01FE683A741F4130101FF2324810078
:10599000232291002326110093040500138405009F
:1059A0006386070003A74703630C070E8317C40031
:1059B00013F78700630A0706032704016306070835
:1059C00093F617006388060283264401232404000B
:1059D00013050000B306D040232CD400630A07024D
:1059E0008320C100032481008324410013010101AD
:1059F0006780000093F627001306000063940600FA
:105A0000032644012324C40013050000E31A07FC05
:105A100013F70708E30607FC93E707042316F400CF
:105A20001305F0FF6FF0DFFB13F7070163000708B2
:105A300013F74700631C07020327040193E787005D
:105A40002316F400E31E07F693F60728130600203A
:105A5000E388C6F69305040013850400EF40C07C7C
:105A60008317C400032704016FF09FF58325040307
:105A7000638E0500130704046388E50013850400A2
:105A8000EF00D0278317C400232804020327040152
:105A900093F7B7FD232204002320E4006FF01FFAE0
:105AA00013850700EFF08FDC6FF05FF013079000B5
:105AB00023A0E40093E707042316F4001305F0FF86
:105AC0006FF01FF29307300063FEC702B3E7A50033
:105AD00093F7370063940702930630006F0040018C
:105AE0001306C6FF130545009385450063FCC600F9
:105AF0000327050083A70500E304F7FE9306F6FFDE
:105B00006F00C0009306F6FF630806029386160036
:105B1000B306D5006F0080006380A60283470500AE
:105B200003C705001305150093851500E386E7FEFE
:105B30003385E740678000001305000067800000A0
:105B4000130101FF23248100232291001304050087
:105B5000138505002326110023AE01F4EFA05FB3E7
:105B60009307F0FF630CF5008320C100032481003C
:105B700083244100130101016780000083A7C1F560
:105B8000E38407FE8320C1002320F4000324810066
:105B900083244100130101016780000083A741F4C1
:105BA000638EA70A83254504130101FE232A910071
:105BB000232E110093040500638C05042328210182
:105BC00023263101232C81001309000093090008CA
:105BD000B387250103A40700630E040093050400A6
:105BE0000324040013850400EF005011E31804FEA1
:105BF00083A5440413094900E31C39FD13850400FF
:105C0000EF00D00F03248101032901018329C10082
:105C100083A584036386050013850400EF00100E3E
:105C200083A5C4046386050013850400EF00100DEE
:105C300083A74403638C07008320C10113850400FC
:105C40008324410113010102678007008320C10101
:105C50008324410113010102678000006780000076
:105C6000130101FF138705002324810023229100E3
:105C700093050600130405001386060013050700AC
:105C80002326110023AE01F4EFA09FAE9307F0FF8F
:105C9000630CF5008320C1000324810083244100AC
:105CA000130101016780000083A7C1F5E38407FEAB
:105CB0008320C1002320F4000324810083244100B9
:105CC0001301010167800000130101FF1387050024
:105CD000232481002322910093050600130405006C
:105CE00013860600130507002326110023AE01F4D6
:105CF000EFA01FAC9307F0FF630CF5008320C100F9
:105D00000324810083244100130101016780000006
:105D100083A7C1F5E38407FE8320C1002320F4009C
:105D200003248100832441001301010167800000E6
:105D3000130101FF23248100232291001304050095
:105D4000138505002326110023AE01F4EFA05FB6F2
:105D50009307F0FF630CF5008320C100032481004A
:105D600083244100130101016780000083A7C1F56E
:105D7000E38407FE8320C1002320F4000324810074
:105D8000832441001301010167800000130101FF1A
:105D90001387050023248100232291009305060028
:105DA00013040500138606001305070023261100BF
:105DB00023AE01F4EFA0DFA69307F0FF630CF5001C
:105DC0008320C100032481008324410013010101C9
:105DD0006780000083A7C1F5E38407FE8320C1002C
:105DE0002320F400032481008324410013010101D6
:105DF00067800000130101FF23248100B737018071
:105E000037340180232021019387071613070416D6
:105E100023261100232291003389E7406382E702A1
:105E20001359294013040416930400008327040027
:105E30009384140013044400E7800700E3E824FF80
:105E400037340180B737018093870716130704168C
:105E50003389E740135929406380E702130404168D
:105E60009304000083270400938414001304440067
:105E7000E7800700E3E824FF8320C10003248100BA
:105E80008324410003290100130101016780000000
:105E9000130101FF23248100B737018037340180CB
:105EA00093870716130404163304F4402322910049
:105EB0002326110093542440638004021304C4FF7A
:105EC0003304F400832704009384F4FF1304C4FF15
:105ED000E7800700E39804FE8320C10003248100CB
:105EE0008324410013010101678000001303F000C7
:105EF00013070500637EC3029377F7006390070AD8
:105F000063920508937606FF1376F600B386E600E3
:105F10002320B7002322B7002324B7002326B7008D
:105F200013070701E366D7FE6314060067800000CD
:105F3000B306C3409396260097020000B38656002E
:105F40006780C6002307B700A306B7002306B70083
:105F5000A305B7002305B700A304B7002304B700C7
:105F6000A303B7002303B700A302B7002302B700BF
:105F7000A301B7002301B700A300B7002300B700B7
:105F80006780000093F5F50F93968500B3E5D50083
:105F900093960501B3E5D5006FF0DFF693962700E1
:105FA00097020000B386560093820000E78006FA4D
:105FB00093800200938707FF3307F7403306F6000C
:105FC000E378C3F66FF0DFF3B3C7A50093F73700AC
:105FD000B308C500639407069307300063F0C70653
:105FE0009377350013070500639A070613F6C8FF79
:105FF000B306E6409307000263CED70893860500F8
:10600000930707006378C70203A806009387470039
:106010009386460023AE07FFE3E8C7FE9307F6FF2B
:10602000B387E74093F7C7FF938747003307F7002D
:10603000B385F5006368170167800000130705004A
:106040006378150583C705001307170093851500AE
:10605000A30FF7FEE398E8FE6780000083C6050003
:106060001307170093773700A30FD7FE938515000A
:10607000E38E07F683C605001307170093773700F2
:10608000A30FD7FE93851500E39A07FC6FF01FF668
:1060900067800000130101FF232681001304000222
:1060A00083A3050083A2450083AF850003AFC5002D
:1060B00083AE050103AE450103A3850103A8C50115
:1060C00083A6050213074702B307E640232E77FC99
:1060D000232057FE2322F7FF2324E7FF2326D7FFA1
:1060E0002328C7FF232A67FE232C07FF232ED7FE72
:1060F00093854502E346F4FA93860500930707006B
:106100006378C70203A8060093874700938646007A
:1061100023AE07FFE3E8C7FE9307F6FFB387E74028
:1061200093F7C7FF938747003307F700B385F50060
:10613000636817010324C100130101016780000097
:1061400083C705001307170093851500A30FF7FEFB
:10615000E382E8FE83C70500130717009385150047
:10616000A30FF7FEE39EE8FC6FF0DFFC93773500AA
:1061700013070500639C0704B7867F7F9386F6F7B5
:106180009305F0FF0326070013074700B377D600F7
:10619000B387D700B3E7C700B3E7D700E384B7FE00
:1061A0008346C7FFB307A740638406048346D7FF2F
:1061B000638C06020345E7FF3335A0003305F50085
:1061C0001305E5FF67800000E38806FA83470700B0
:1061D0001307170093763700E39807FE3307A740AD
:1061E0001305F7FF678000001385D7FF6780000065
:1061F0001385C7FF6780000083A701F6638C07043F
:1062000003A747001308F0016340E80813182700AC
:1062100063060502338307012324C30883A8871874
:10622000130610003316E600B3E8C80023A41719BC
:106230002324D310930620006306D502130717000A
:1062400023A2E700B387070123A4B70013050000CA
:10625000678000001388810C23A001F79387810CCD
:106260006FF01FFA83A6C7181307170023A2E700D1
:10627000B3E6C60023A6D718B387070123A4B70047
:1062800013050000678000001305F0FF6780000021
:10629000130101FD232C41012320210303A901F651
:1062A000232611026308090A232E3101232A5101F2
:1062B00023286101232671012324810223229102D4
:1062C00023248101130B0500938B05009309F0FF34
:1062D000930A1000832449001384F4FF634E0404DE
:1062E00093942400B304990063900B08832749001A
:1062F00083A644009387F7FF638C870A23A20400D8
:10630000638606028327891833978A00032C490085
:10631000B377F70063960706E78006000327490076
:1063200083A701F663108709639E27071304F4FF10
:106330009384C4FFE31A34FB0324810283244102C3
:106340008329C101832A4101032B0101832BC10051
:10635000032C81008320C10203290102032A810149
:10636000130101036780000083A74410E38077F9DD
:106370001304F4FF9384C4FFE31834FF6FF0DFFBD2
:106380008327C91883A544083377F70063160702EB
:1063900013050B00E78006000327490083A701F6D9
:1063A000E30487F9E38A07F8138907006FF09FF287
:1063B000232289006FF0DFF413850500E7800600D3
:1063C0006FF0DFF5130101FE23263101B73901809B
:1063D000232C8100232A9100232821012324410119
:1063E000232E1100138A05001309050093898918CB
:1063F000EFE09F9603A78900B71700009387F7FE89
:10640000832447003717000093F4C4FF3384F4005B
:10641000330444411354C4001304F4FF1314C400A0
:10642000634EE4009305000013050900EFF05F9050
:1064300083A78900B38797006308F5021305090055
:10644000EFE0DF918320C101032481018324410116
:10645000032901018329C100032A810013050000DB
:106460001301010267800000B30580401305090095
:10647000EFF01F8C9307F0FF6308F504938781F614
:1064800003A7070083A68900B384844093E4140023
:10649000330787401305090023A2960023A0E700D5
:1064A000EFE0DF8B8320C1010324810183244101BC
:1064B000032901018329C100032A8100130510006B
:1064C0001301010267800000930500001305090015
:1064D000EFF01F8603A789009306F000B307E5409D
:1064E000E3DEF6F483A6C1F393E717002322F70057
:1064F0003305D54023A4A1F66FF05FF4638205183D
:10650000130101FF2324810023229100138405003D
:106510009304050023261100EFE01F840325C4FF28
:10652000130784FFB73501809377E5FF3306F70043
:10653000938585188326460003A8850093F6C6FF39
:106540006302C81A2322D600137515003308D6003B
:106550006310050A032384FF0328480037350180B0
:10656000330767408328870013050519B387670041
:10657000137818006382A8140323C70023A66800B9
:10658000232413016306081A93E617002322D70079
:106590002320F6009306F01F63ECF60693F687FFC0
:1065A0009386860003A54500B386D50003A60600A2
:1065B00013D8570093071000B3970701B3E7A7005C
:1065C000138586FF2326A7002324C70023A2F500F6
:1065D00023A0E6002326E600032481008320C100D7
:1065E0001385040083244100130101016FE00FF7BC
:1065F00003254800137515006306050893E6170088
:10660000232ED4FE2320F6009306F01FE3F8F6F8BD
:1066100093D69700130640006360D61293D66700A6
:106620001385960313868603131535003385A5005D
:1066300083260500130585FF6318D5006F004015FC
:1066400083A686006308D50003A646001376C6FF1E
:10665000E3E8C7FE03A5C6002326A7002324D7002E
:10666000032481002324E5008320C1001385040056
:106670008324410023A6E600130101016FE00FEE21
:106680006780000037350180B387D70013050519EF
:1066900083268600638CA60C0328C60013E517002A
:1066A0003306F70023A606012324D8002322A700DF
:1066B0002320F6006FF01FEE631C0812832586006E
:1066C0000326C600B386F60093E7160023A6C5008E
:1066D0002324B6002322F7003307D7002320D70056
:1066E0006FF09FEF13751500B386D7006310050296
:1066F000032584FF3307A7408327C70003268700AD
:10670000B386A6002326F60023A4C70013E61600CE
:1067100083A701F42322C70023A4E500E3EEF6EAF1
:1067200083A541F513850400EFF0DFC96FF0DFEAC0
:10673000B387D7006FF0DFF5130640016370D60210
:10674000130640056364D60693D6C7001385F60684
:106750001386E606131535006FF05FED1385C60549
:106760001386B605131535006FF05FEC23AAE5001C
:1067700023A8E50093E617002326A7002324A700FB
:106780002322D7003307F7002320F7006FF0DFE460
:1067900003A845001356264093071000B397C7007F
:1067A000B3E7070123A2F5006FF01FEB13064015B6
:1067B000636CD60093D6F700138586071386760799
:1067C000131535006FF09FE613064055636CD60035
:1067D00093D627011385D6071386C60713153500F0
:1067E0006FF0DFE41305803F1306E0076FF01FE44E
:1067F00093E617002322D7002320F6006FF0DFDD99
:10680000130101ED2326111223229112232A511183
:1068100023267111938A0500930406002324D100D6
:10682000930B0500EF30507E83270500138507008A
:106830002322F102EFF09F932320A10263880B0033
:1068400083A74B03639407006F1040738397CA00BC
:10685000139727016346070203A74A06372600005D
:10686000B7E6FFFFB3E7C7009386F6FF93970701EC
:1068700093D707413377D7002396FA0023A2EA067D
:1068800013F787006302072E03A70A01630E072C84
:1068900093F7A7011307A000638AE72EB73701809B
:1068A0002328611123248111130B010B938707AD5A
:1068B000373C018023248112232C4111232EB10F58
:1068C00023202113232E3111232291112320A111E2
:1068D000232E61072322010823200108232A010017
:1068E000232C0100232E010013040B00232401029A
:1068F00023280102232201002326F100130A0001AC
:10690000130C4CC423207101938D040083C70D0028
:10691000638C071E93840D00130750026386E72AD9
:1069200083C7140093841400E39A07FE3389B441AB
:10693000638CB41D03274108832701082320B40179
:106940003307270193871700232224012322E1081C
:106950002320F1081307700013048400634EF72608
:106960000327410083C70400330727012322E100E6
:10697000638C071893841400A30F01049309F0FF9C
:10698000930B0000130900009306800503CD04005B
:10699000938D140093070DFE63E6F6040327C100F0
:1069A00093972700B387E70083A707006780070056
:1069B000930B000093070DFD1306900003CD0D000F
:1069C00013972B00B30B7701939B1B00B38B7701BD
:1069D00093070DFD938D1D00E372F6FE93070DFEE8
:1069E000E3FEF6FA63020D122304A109A30F0104CA
:1069F0001307100093041000930C8108130F090073
:106A00009309000023280100930F000093724F08A0
:106A10000329410863960200B387EB40E342F04448
:106A20008347F105638A0702832701089306F1056E
:106A30002320D40013091900930610009387170030
:106A40002322D400232221092320F1089306700079
:106A50001304840063C0F61A638A0F0283270108B7
:106A6000930601062320D400130929009306200071
:106A7000938717002322D400232221092320F10821
:106A80009306700013048400E3CEF64E93070008CB
:106A9000E38AF208B3899940E34E301993770F10D7
:106AA0006394077483270108330999002320940114
:106AB0009387170023229400232221092320F10821
:106AC0009306700063CCF62013048400137F4F00FC
:106AD00063060F00B384EB40E342904E13830B0038
:106AE00063D4EB001303070083274100B3876700DB
:106AF0002322F100E31A092283C70D002320010895
:106B000013040B00E39807E083274108832B01005F
:106B1000638407006F10407583D7CA000324811275
:106B20000329011293F707048329C111032A811154
:106B3000032B0111032C8110832C4110032D011014
:106B4000832DC10F638407006F10901D8320C11235
:106B50000325410083244112832A4111832BC11054
:106B6000130101136780000093850A0013850B0051
:106B7000EFE05FE1630405006F10901A8397CA008D
:106B80001307A00093F7A701E39AE7D08397EA00E1
:106B9000E3C607D0832681008320C1121386040038
:106BA00093850A0083244112832A411113850B0027
:106BB000832BC110130101136F10103813690901E1
:106BC00093840D006FF09FDC3389B441E394B4D714
:106BD00083C704006FF0DFD9032501001306C10746
:106BE00093850A00EF105054E31805F213040B00CC
:106BF0006FF01FD7032501001306C10793850A0014
:106C0000232EE102232CE103232A51022326F10340
:106C1000EF109051E31205F0032941080327C10347
:106C2000032F810383224103832FC10213040B002E
:106C30006FF09FE283270108B73601809386C6ACC8
:106C40002320D4001309190093061000938717001E
:106C50002322D400232221092320F1089306700067
:106C60001304840063D4F6006F10801063040600E0
:106C70006F1080458326410193771F00B3E7D7004B
:106C8000E38607E483274102832601022320F400E0
:106C900083270108B38526012322D4009387170098
:106CA0002322B1082320F1089306700063D4F60074
:106CB0006F108064130484008326410193871700BA
:106CC000232094013389B6002322D40023222109F2
:106CD0002320F10893067000E3D8F6DE03250100B7
:106CE0001306C10793850A002326E1022328E10148
:106CF000EF109043E31205E203294108032F01013D
:106D00000327C10213040B006FF05FDC9377890047
:106D1000E39C0760832781009387770093F787FFC1
:106D200003A7070093878700232CE10003A7C7FF71
:106D30002324F100232EE100832CC10103A781EE5F
:106D40008326810183A7C1EE93941C0093D4140081
:106D50001385060093850400130607009386070039
:106D6000EF90D017630405006F10000483268101A3
:106D700003A781EE83A7C1EE138506009385040067
:106D80001306070093860700EF80D0066344A00037
:106D90006F1080010327810193850C00130600000A
:106DA0001305070093060000EF80D004635405002C
:106DB0006F1040438346F1059307700463D4A70125
:106DC0006F108041B73C0180938CCCA82328010030
:106DD000137FF9F713073000930430009309000084
:106DE0006384060013071700937F2F00E3800FC210
:106DF00013072700930F20006FF05FC183268100E7
:106E00009377090103A70600938646002324D10047
:106E1000639207129376090493070700E390064EE6
:106E2000634E07108346F10563C40904137FF9F725
:106E3000631E070213071000639E0920E314073C3A
:106E400093741900930C0B006382040493070003EE
:106E5000A307F10A930CF10A1387040063CC3403EF
:106E600023280100E39006F86FF01FF813090F00C4
:106E700013079000E364F76C93870703A307F10AF5
:106E8000130F090093041000930CF10A13870400F8
:106E9000E3D834FD13870900232801006FF09FFC1D
:106EA0008327810083AB0700938747002324F100E9
:106EB000E3D80BD0B30B70411369490093840D00E4
:106EC0006FF0DFAC03CD0D009307A002938D1D0082
:106ED0006314FD006F10807D93070DFD93059000F6
:106EE000130700001306900093090000E3E4F5AADD
:106EF00003CD0D0093192700B389E9009399190078
:106F00003387F90093070DFD938D1D00E372F6FEA4
:106F100093090700E35007A89309F0FF6FF09FA7BC
:106F2000832781001369090103A70700938747009E
:106F30002324F10093070700E35607EEB307E04070
:106F40009306D002130710006F00000A13690908A6
:106F500093840D006FF09FA31369090493840D00BF
:106F60006FF0DFA203278100A30F01049304100038
:106F700083270700130747002324E1002304F108B7
:106F800013071000930C81086FF05FA79307B002FE
:106F9000A30FF10493840D006FF05F9F1369190034
:106FA00093840D006FF09F9E8347F105E39A07C01D
:106FB00093070002A30FF10493840D006FF01F9D4F
:106FC0001369890093840D006FF05F9C0327810093
:106FD0001369090183270700130747002324E100F1
:106FE0001307100093060000A30FD10463C8090023
:106FF000137FF9F7E38207E413090F00130610006B
:10700000E308C7E6130620006306C706930C0B00CF
:1070100013F7770013070703A38FECFE93D737000E
:1070200013860C00938CFCFFE39407FE9377190002
:1070300063840706930700036300F7061306E6FF61
:10704000A38FFCFEB304CB40130F0900930C060082
:107050006FF0DFE3930710006314F7006F10C03F79
:107060009307200013090F006304F7006F1000213D
:107070009307000003268102930C0B0013F7F7001F
:107080003307E6000347070093D74700938CFCFFC4
:107090002380EC00E39407FEB3049B41130F090027
:1070A0006FF0DFDE032781001369090183270700E2
:1070B000130747002324E100130700006FF09FF23D
:1070C000832681001377090183A706009386460073
:1070D0002324D100E31607F013770904E30207F035
:1070E0009397070193D70701130710006FF09FEFE5
:1070F00083278100A30F010483AC07001388470096
:10710000E3800C322324010163D409006F1040078F
:10711000138609009305000013850C00EF308051A1
:1071200003288100631405006F10803AB304954171
:107130008346F10513C7F4FF1357F74123240101D8
:107140002328010033F7E400130F0900930900001E
:10715000E39A06C86FF05FC9832681003787000075
:10716000130707832310E106138746002324E10059
:1071700037370180130707AB2324E10283A70600FA
:107180001369290013072000130D80076FF09FE596
:10719000832681001377090183A7060093864600A2
:1071A0002324D100E31A07F013770904E30607F05C
:1071B0009397070193D70701130700006FF09FE231
:1071C00093770901E3840714832781000327410093
:1071D00083A7070023A0E700832781009387470048
:1071E0002324F1006FF08FF29307500663DAA7357E
:1071F000832681018327C101130600001385060041
:107200009385070093060000232AE1022326E10369
:10721000EF808025032FC102032741036316056613
:1072200083270108B73601809386C6AC2320D4009B
:107230001309190093061000938717002322D40026
:10724000232221092320F1089306700013048400EF
:10725000E3C0F64C8327410683264101E3D8D708D3
:10726000832741028326010213048400232CF4FEA9
:10727000832701083309D900232ED4FE93871700F2
:10728000232221092320F10893067000E3CCF60E97
:10729000832741019384F7FFE35A9082930600010C
:1072A0008327010863C496006F10003DB736018044
:1072B000938646C42326E102032D01001307040030
:1072C0009309000113840400930C70002328E1014A
:1072D000938406006F00C000130404FFE3D6894ABC
:1072E00013090901938717002320970023223701F0
:1072F000232221092320F10813078700E3DEFCFC89
:107300001306C10793850A0013050D00EF10C06135
:10731000E3140580032941088327010813070B00A4
:107320006FF09FFBB387EB406356F0F693060001C6
:107330000326010863C4F6006F10C01DB736018034
:10734000938646C4232A91029305090093080001FD
:1073500013090700930F7000130704002326E103AD
:1073600013840700938406006F00C000130404FF19
:1073700063DA88049385050113061600232097001D
:10738000232217012322B1082320C10813078700F5
:10739000E3DECFFC032501001306C10793850A0035
:1073A000EF108058631A05F693080001130404FFD8
:1073B000832541080326010813070B00930F700073
:1073C000E3CA88FA93860400032FC1028324410391
:1073D000930704001304070013070900138905002D
:1073E0003309F900130616002322F4002320D400E9
:1073F000232221092320C10893077000130484006D
:1074000063DAC7E8032501001306C10793850A0064
:10741000232AE1022326E103EF100051631E05EE4B
:107420000329410803274103032FC10213040B0062
:107430006FF04FE6B736018083270108938646C474
:10744000635A3A099306090093087000130907006C
:107450002326E103130704001384090093090C0099
:107460006F00C000130404FF63588A04938606016A
:107470009387170023208701232247012322D10865
:107480002320F10813078700E3DEF8FC0325010041
:107490001306C10793850A00EF100049631E05E635
:1074A000130404FF832641088327010813070B00F8
:1074B00093087000E34C8AFA032FC1021386090077
:1074C0009309040013040700130709001389060039
:1074D0009306060033093901938717002320D4004F
:1074E00023223401232221092320F108930670006E
:1074F0001304840063D4F6DA032501001306C107E0
:1075000093850A00232AE1022326E103EF10C041FC
:10751000631405E00329410803274103032FC10237
:1075200013040B006FF08FD7032501001306C1076A
:1075300093850A00EF10403F630005DC6FF0CFDD5C
:10754000832401088326410193071000232094011E
:1075500013091900938414009309840063DAD74A4D
:10756000930710002322F4002322210923209108ED
:107570009307700063CC977483270102832641022E
:10758000938414003309F90023A2F90023A0D90041
:1075900023222109232091089307700093898900F1
:1075A00063C297768327C1018326810113060000F9
:1075B0009385070083274101138506009306000089
:1075C0002326E1022328E1011384F7FFEF70D0693D
:1075D000032F01010327C10263040548938C1C009B
:1075E000938414003309890023A0990123A2890000
:1075F0002322210923209108930770009389890091
:10760000E3C29714832601039307C10693841400F1
:107610003389260123A0F90023A2D90023222109BE
:1076200023209108930770001384890063D097CAC0
:10763000032501001306C10793850A002326E102F2
:107640002328E101EF10402E631805CC03294108DF
:107650000327C102032F010113040B006FF00FC7B2
:107660009306000103260108E3D6F668B7360180C9
:10767000938646C3232E91029305090093080001C7
:107680001309070093037000130704002326F10376
:10769000232A5102232CE10313840700938406005C
:1076A0006F00C000130404FF63DA880493850501AA
:1076B0001306160023209700232217012322B10866
:1076C0002320C10813078700E3DEC3FC0325010064
:1076D0001306C10793850A00EF100025631E05C23B
:1076E00093080001130404FF8325410803260108C1
:1076F00013070B0093037000E3CA88FA9386040013
:10770000832FC10283224103032F81038324C103FA
:1077100093070400130407001307090013890500E9
:107720003309F900130616002322F4002320D400A5
:10773000232221092320C108930770001304840029
:1077400063D0C7AE032501001306C10793850A0065
:10775000232EE102232CE103232A51022326F103E5
:10776000EF10801C631A05BA032941080327C103DF
:10777000032F810383224103832FC10213040B00D3
:107780006FF00FAA032501001306C10793850A00B5
:10779000232CE102232AE10323265102EF10C01813
:1077A000631C05B60329410803278103032F410306
:1077B0008322C10213040B006FF04FAD930600014A
:1077C00083270108E3D29654B7360180938646C3D7
:1077D000138D040093090001930C70002328E1002D
:1077E000938406006F00C000130D0DFF63D6A9053A
:1077F00013090901938717002320940023223401E1
:10780000232221092320F10813048400E3DEFCFC79
:10781000032501001306C10793850A00EF10C0106D
:10782000631C05AE130D0DFF0329410883270108D2
:1078300013040B00E3CEA9FB032701019386040088
:1078400093040D0033099900938717002320D40077
:1078500023229400232221092320F108930670009B
:1078600063DEF6A6032501001306C10793850A000F
:107870002328E100EF10400B631005AA03294108FB
:10788000032701016FF08FA5032641066354C0BA98
:1078900083274101832601019389070063C8F62CE1
:1078A00063563003832701083309390123209401EB
:1078B0009387170023223401232221092320F10872
:1078C0009306700013048400E3CEF61A93C7F9FF01
:1078D00093D7F741B3F9F90083270101B389374101
:1078E00063403037832641068327410163D6F6285B
:1078F000832741020326010213048400232CF4FE93
:10790000832701083309C900232EC4FE938717007B
:10791000232221092320F10813067000E342F630E8
:107920008327410103260101B386D740B389C740AD
:1079300063D4360193890600635A3003832701011B
:107940000326010833093901B38CFC001306160025
:107950002320940123223401232221092320C1085A
:107960009307700013048400E3C0C73213C6F9FF05
:107970001356F641B3F7C900B384F64063589094A8
:107980009306000183270108E3D8964EB73601809D
:10799000938646C42326E102032D01001307040049
:1079A0009309000113840400930C70002328E10163
:1079B000938406006F00C000130404FF63D6895C43
:1079C0001309090193871700232097002322370109
:1079D000232221092320F10813078700E3DEFCFCA2
:1079E0001306C10793850A0013050D00EF00D0733D
:1079F00063140592032941088327010813070B002C
:107A00006FF09FFB93040000930C0B006FF00FC806
:107A100093761F00E39606B42322F4002322210963
:107A20002320910893077000E3DE97BC0325010033
:107A30001306C10793850A002326E1022328E101EA
:107A4000EF00906E631A058C032941088324010816
:107A50000327C102032F010193090B006FF09FBAA6
:107A60008326410193071000E3DED7B89307100186
:107A7000E3DED73EB7360180938646C4938709007C
:107A8000930C000193090700130D70001307090000
:107A90002328E101138906006F00C000130404FFCE
:107AA00063DA8C70130707019384140023A0270165
:107AB00023A297012322E1082320910893878700BE
:107AC000E35E9DFC032501001306C10793850A00B0
:107AD000EF009065630405006FF00F8403274108F1
:107AE0008324010893070B006FF05FFB93771F005F
:107AF000639407006FE09FFD6FF08FF61317070187
:107B000013570741930707006FF00FC3937F0904D2
:107B1000638C0FEA832781000327410083A70700B6
:107B20002390E7006FF04FEB03278100130501045A
:107B3000832707009304470003A707002320E104DD
:107B400003A747002322E10403A787002324E104BD
:107B500083A7C7002326F104EF80905D232CA100AA
:107B6000232EB100232491006FF00F9D938906000E
:107B7000E34A30D36FF09FD593771F00E38207DA93
:107B80006FF01FD7032501001306C10793850A0074
:107B90002326E1022328E101EF00105963040500C8
:107BA0006FE09FF7032941080327C102032F01015A
:107BB00013040B006FF0CFEDB73701809387C7A98F
:107BC0002324F102832681001377090183A706008D
:107BD000938646002324D100631A07001377090413
:107BE000630607009397070193D70701937619005F
:107BF00013072000638806BE638607BE9306000352
:107C00002300D106A300A107136929006FF08FBDDF
:107C1000B7370180938707AB2324F1026FF09FFAF7
:107C2000930760009384090063E83769B73C0180DB
:107C30001387040023240101938C4CAC6FE01FDCFC
:107C40009306000183270108E3DC3625B73601805F
:107C500093050700938646C4130704001306090022
:107C600013840900130D0001930470002326E1031F
:107C700013890600938905006F00C000130404FFF8
:107C8000635A8D5613060601938717002320270198
:107C90002322A7012322C1082320F108130787000C
:107CA000E3DEF4FC032501001306C10793850A00F7
:107CB000EF009047630405006FE01FE603264108CC
:107CC0008327010813070B006FF05FFB03250100FA
:107CD0001306C10793850A002326E1022328E10148
:107CE000EF009044630405006FE01FE3032941089F
:107CF000832401080327C102032F010193090B000C
:107D00006FF09F87032501001306C10793850A00C2
:107D10002326E1022328E101EF001041630405005E
:107D20006FE09FDF03294108832401080327C10274
:107D3000032F010193090B006FF0DF86930C0B00FA
:107D40001306A0001305900033F7C702938CFCFFC5
:107D500093850700130707032380EC00B3D7C702FE
:107D6000E364B5FEB3049B41130F09006FF00F925B
:107D7000032501001306C10793850A002326E102AB
:107D80002328E101EF00503A630405006FE0DFD8DB
:107D900003264106032941080327C102032F0101DD
:107DA00013040B006FE09FEC032881018327C101BE
:107DB0001306080013050800938607009385070043
:107DC000EF80D011E31205021377FDFD9307F0FF5A
:107DD0002326E102136F09106388F96E930770047C
:107DE0006302F7688327C1019302000093840700B0
:107DF00063C0074E9307600613870900930630009F
:107E00006310FD4E03268101130881069307410686
:107E1000130506009305050003250100930841079B
:107E200013860400232A5102232AE1012328E100BA
:107E3000EF2090710327010193076006032F410192
:107E400083224103930C05003308E500631CFD0009
:107E500083C60C00930700036380F6568327410610
:107E60003308F8008327810193850400130600007E
:107E70001385070093060000232A5102232A0101DB
:107E80002328E101EF70405E032F01010328410127
:107E900083224103630605428327410763FE0701EE
:107EA0009306000313871700232AE1062380D700D7
:107EB00083274107E3E807FF032741062328E10062
:107EC000B3879741232AF1008327C1021307700467
:107ED0006384E714930760066312FD18032701010A
:107EE00093771900B3E737016356E07E639C07720E
:107EF00083240101130D6006138704006388025078
:107F00009307D002A30FF104930900006FE09FEDE7
:107F1000032501001306C10793850A002326E10209
:107F20002328E101EF005020630405006FE0DFBE6D
:107F3000032941080327C102032F010113040B0089
:107F40006FF04FB1032501001306C10793850A00A6
:107F50002326E1022328E101EF00101D6304050040
:107F60006FE09FBB0329410883240108032F01010F
:107F70000327C10293090B006FF0CFE813850B00B4
:107F8000EFD0CF8E6FE09F8C93860400032F01010A
:107F900093040400130407000327C1023309990066
:107FA000938717002320D4006FE0DFB063CC07680D
:107FB0008324C1019302000093091000032781016B
:107FC0009307410693084107130507009305050031
:107FD000032501001308810613870900930620007A
:107FE00013860400232A51002328E101EF20D055F5
:107FF00093771900032F010183224101930C05009F
:1080000063900750832741062328F1008327410707
:10801000B387A740232AF100032701019307D0FF6C
:10802000634CF70263CAE902832741010327010178
:10803000634CF750937F19008327010163960F5C0F
:1080400013C7F7FF1357F74133F7E700938407008F
:10805000130D70066FF09FEA130DEDFF032701016A
:108060002306A1079307B0029308F7FF2322110705
:1080700063CC0832A306F1069307900063C0172D66
:108080009387080313070003A307F1069307400033
:108090002307E1062328F102032741018326010378
:1080A00093071000B304D70063D2E7488327010287
:1080B00023280100B384F40013C7F4FF1357F741DA
:1080C00033F7E4006FF09FE3832741028326010228
:1080D00013048400232CF4FE83270108B3852601B2
:1080E000232ED4FE938717002322B1082320F10802
:1080F0009306700063C2F620634406006FE0DFBBA6
:10810000930600FFB304C0406356D660B7360180C3
:10811000938646C42328E100930900011307040055
:1081200013097000130D0F00138406006F00C000C8
:10813000938404FF63D499449385050193871700C2
:1081400023208700232237012322B1082320F108AE
:1081500013078700E35EF9FC032501001306C1073E
:1081600093850A00EF00407C630405006FE0DF9A0E
:10817000832541088327010813070B006FF05FFB7D
:1081800013850C00EFD09FFE8346F1051347F5FFE2
:108190001357F74123280100930405003377E500C6
:1081A000130F090093090000638406006FE09FC36A
:1081B0006FE09FC3032F0101930609001309070015
:1081C00013870900938907003309890093841400F9
:1081D00023A0D9006FF08FC1B73C0180938C0CA90C
:1081E0006FE0DFBE9307D002A30FF1049306D00225
:1081F0006FE09FBC032FC10293850900930609001D
:1082000093090400130906001304070013870500EF
:1082100033093901938717002320D4002322340126
:10822000232221092320F1089306700013048400FF
:1082300063DAF6EA032501001306C10793850A00F5
:10824000232AE1022326E103EF00006E6304050008
:108250006FE09F8C0329410803274103032FC102CC
:1082600013040B006FF00FE81306C10793850A0093
:1082700013850B00EF00406B6FE01F8A930700002F
:108280006FE0DFD8032501001306C10793850A00BC
:10829000232AE1022326E103EF00006963040500BD
:1082A0006FE09F870329410803274103032FC10281
:1082B00013040B006FF08FE1930460006FF01F97C1
:1082C000832741062328F100930708006FF05FBF62
:1082D000B7040080B3C4F4009302D0026FF09FB1E2
:1082E0000327C10293075004E31AF7CC1387190040
:1082F000930620006FF01FB1032501001306C1078C
:1083000093850A002326E1022328E101EF00C061E2
:10831000630405006FE05F80032641068325410862
:10832000832701080327C102032F010113040B0057
:10833000634406006FE05F986FF09FDC1305B107A0
:10834000930605001306A0001308300633E7C802A1
:1083500093870600938508009386F6FF13070703AB
:10836000A38FE7FEB3C8C802E342B8FE93880803B0
:108370001387E7FFA38F16FF6378A7389306E106FC
:10838000034607001307170093861600A38FC6FE47
:10839000E318A7FE1307010FB307F7409387F7F819
:1083A0002328F1026FF05FCF93071000B388E740F6
:1083B0009307D0026FF01FCC8326810193850400C0
:1083C000130600001385060093060000232C5102BB
:1083D000232A0103232AE1002328E101EF70C008CA
:1083E000032F010103274101032841038322810355
:1083F00063140526832741063308F8002328F1007B
:10840000B3079841232AF1006FF05FAD8346F10571
:1084100093090000638406006FE0DF9C6FE0DF9C3F
:10842000032501001306C10793850A00232AE102F0
:108430002326E103EF00404F630405006FE0CFED1A
:10844000832641060329410803274103032FC10264
:1084500013040B006FF0CFCC13090F00930700003B
:108460006FE09FA18327C101E38209B493840700D1
:1084700093020000E3D407B4B7040080B3C4F4004F
:108480009302D0026FF09FB3032501001306C107CA
:1084900093850A002326E1022328E101EF00C0486A
:1084A000630405006FE04FE78326410683274101FF
:1084B000032941080327C102032F010113040B0004
:1084C000B386D7406FF08FCA930960006FF09F9119
:1084D0008346F105232801001387090093840900CE
:1084E000130F090093090000638406006FE09F8F5B
:1084F0006FE09F8FB7360180938646C36FF04FA21F
:10850000330835016FF01F96B7360180938646C356
:108510006FF04FB3B7360180938646C46FE05FECCF
:108520009307F0FF2322F1006FE04FE293771900E9
:108530002328F100E39C07B613C7F4FF1357F74154
:1085400033F7E4006FF09F9B83274101032701026B
:10855000B384E700832701016348F000832701010A
:108560003388F4409304180013C7F4FF1357F741FE
:1085700033F7E400130D70066FF05F989306040064
:108580001304070003270101130F0D00B3859500A5
:10859000938717002320D400232294002322B108BC
:1085A0002320F1089306700063C4F6006FE08FF09B
:1085B000032501001306C10793850A002326E10263
:1085C0002328E101EF004036630405006FE0CFD4BB
:1085D00083254108832701080327C102032F0101D6
:1085E00013040B006FE04FED8327C10163C2070A3C
:1085F0008346F1059307700463C6A709B73C018061
:10860000938C4CA96FE08FFC03270102130D7006B9
:10861000B384E70013C7F4FF1357F74133F7E400BF
:108620006FF0DF8D832701023388E900130D6006A8
:10863000B304F80013C7F4FF1357F74133F7E4000E
:108640006FF0DF8BB7040080B3C4F4009302D00254
:10865000930910006FF09F9693071000B387E740CF
:108660002322F1063308F8006FF0CFFFB736018000
:10867000938646C46FF05FB5B7360180938646C4D3
:108680006FF0DF91B73C0180938C8CA96FE00FF401
:108690009307D002A30FF1049306D0026FF09FF569
:1086A000B7360180938646C46FF09FB6832781005A
:1086B00083A907009387470063C809002324F100BA
:1086C00093840D006FE08FAC9309F0FF2324F10039
:1086D0006FF01FFF639A070013071000130D600669
:1086E000930410006FF09F8183270102130D600631
:1086F00013881700B304380113C7F4FF1357F74169
:1087000033F7E4006FF08FFF930720002328F10276
:108710006FF09F98B7360180938646C46FF01FE7CD
:108720009307050003A541F4930606001386050090
:10873000938507006FE0CF8C130101B88397C500C4
:1087400003D7E500232C814613840500B7050100FB
:108750009385D5FF032E44060323C40183284402D6
:1087600013170701B3F7B700B3E7E700130800409A
:10877000232AF1009305810093070107232A9146DC
:1087800023282147232E1146130905002326C1075C
:1087900023226102232611032324F100232CF1005C
:1087A00023280101232E010123200102EFE04F8540
:1087B00093040500635C05028357410193F70704A6
:1087C000638807008357C40093E707042316F40067
:1087D0008320C147032481470329014713850400EF
:1087E00083244147130101486780000093058100FD
:1087F00013050900EF108044E30005FC9304F0FF2B
:108800006FF09FFB83A74506130101FD232861013B
:108810002326110213972701130B06006358070E36
:108820008327860023202103232E3101232A51018F
:108830002326710113890500832B06009309050087
:10884000930AF0FF6388070A2324810223229102FE
:10885000232C41012324810103AC4B0003A40B0012
:10886000135A2C0063060A06930400006F00C00030
:1088700013044400630C9A048325040013060900C2
:1088800013850900EF10905093841400E31255FFF4
:108890000324810283244102032901028329C101A7
:1088A000032A8101832A4101832BC100032C81000B
:1088B0001305F0FF8320C10223240B0023220B00A9
:1088C000032B0101130101036780000083278B0044
:1088D000137CCCFFB38787412324FB00938B8B0051
:1088E000E39C07F60324810283244102032A8101C9
:1088F000032C8100032901028329C101832A41013C
:10890000832BC100130500006FF0DFFAEF10C040A9
:108910008320C10223240B0023220B00032B01011F
:10892000130101036780000003278600630407002A
:108930006FF05FED23220600130500006780000042
:10894000130101F22326310D232C810B2326B10BB9
:10895000232E110C2320A10093890500930D0600FE
:10896000138C06006306050083274503E38E075832
:108970008397C900139727016346070203A7490697
:1089800037260000B7E6FFFFB3E7C7009386F6FF80
:108990009397070193D707413377D7002396F900C0
:1089A00023A2E90613F787006308071203A709014A
:1089B0006304071293F7A7011307A000638EE71261
:1089C000B73701802328210D232E710B13090106CF
:1089D000938747C5B73B0180232C810C232A910C38
:1089E0002324410D2322510D2320610D232A910BB5
:1089F0002328A10B23262103232A01022328010275
:108A00001307090023260100232201002328F10077
:108A100013040001938B8BDC83C70D006386071062
:108A200093840D00930650026386D72E83C71400EB
:108A300093841400E39A07FE338AB4416386B40F2B
:108A400083264103832701032320B701B306DA00FD
:108A50009387170023224701232AD1022328F102FA
:108A600013067000130787006350F602E382062E98
:108A7000032501001306C10293850900EFF09FD87A
:108A80006318050A130709008326410083C7040001
:108A9000B38646012322D100638807089387140018
:108AA000A30301029306F0FF93040000930C00005F
:108AB0001305800503C60700938D1700930706FE74
:108AC0006368F50E8325010193972700B387B700EC
:108AD00083A707006780070003250100938509002D
:108AE000EFC05FEAE31E054C8397C9001307A0009F
:108AF00093F7A701E396E7EC8397E900E3C207EC5D
:108B0000032501008320C10D93060C0013860D0080
:108B1000032C810B832DC10A938509008329C10C85
:108B20001301010E6F00D04E83274103E39C0742DF
:108B300083D7C9000324810D8324410D93F70704D3
:108B40000329010D032A810C832A410C032B010CFC
:108B5000832BC10B832C410B032D010BE3920746A2
:108B60008320C10D032541008329C10C032C810BF7
:108B7000832DC10A1301010E6780000093040000D9
:108B8000930706FD1308900003C60D00939524007B
:108B9000B385950093951500B384B700930706FD40
:108BA000938D1D00E372F8FE930706FEE37CF5F05B
:108BB000E30C06F6230CC102A3030102130A100002
:108BC000130B1000930A810393060000130F00009B
:108BD0000326010393FF4C088327410393051600E6
:108BE000138E050063960F00338D4441E340A003CC
:108BF00083457102638A0502130671029387170089
:108C00002320C700130610002322C700232AF102E5
:108C10002328C103130670006342C67913060E00B1
:108C200013078700130E1E0063000F061306810250
:108C3000938727002320C700130620002322C700A4
:108C4000232AF1022328C103130670006358C67B50
:108C5000E3860710032501001306C102938509006E
:108C6000232AD1002324F101EFF0DFB9E31205EC50
:108C7000032601038327410383264101832F8100BB
:108C800013070900130E1600930500086382BF54F2
:108C9000338D66416348A063B307FB00232057016F
:108CA00023226701232AF1022328C10393067000BF
:108CB00063D4C65163880706032501001306C10269
:108CC00093850900EFF01FB4E31405E68327410301
:108CD0001307090013F34C0063060300338B444170
:108CE000634E600563D4440193040A0003274100E6
:108CF000330797002322E100639E076623280102C1
:108D0000130709006FF05FD193EC0C0193870D00FE
:108D10006FF05FDA338AB441E394B4D383C70400BD
:108D20006FF09FD72328010213F34C006300037CEC
:108D3000338B4441635C607B130709009306000199
:108D400003260103E3D86625373E0180130E8EDB30
:108D5000130D0001930A70006F0080019305260037
:108D60001307870013860600130B0BFF635C6D056A
:108D700093870701930616002320C7012322A7012A
:108D8000232AF1022328D102E3DADAFC638A0742BC
:108D9000032501001306C102938509002324C101A4
:108DA000EFF05FA6E31605D803260103130B0BFFB4
:108DB00083274103032E8100130709009305160042
:108DC000E3486DFBB38767012320C70123226701B6
:108DD000232AF1022328B10213077000E354B7F0ED
:108DE00063860770032501001306C10293850900FD
:108DF000EFF05FA1E31E05D2832741036FF09FEEE2
:108E000093F70C0103260C00130C4C00639A071017
:108E100093F50C0493070600E392050063400604F3
:108E20000345710263C8060493FCFCF7631406044F
:108E3000E39A0616130A0000130B0000930A0900B8
:108E400063040500130A1A0013FF2C00E3020FD875
:108E5000130A2A00130F20006FF09FD79307D00248
:108E6000A303F102B307C04063C4060093FCFCF700
:108E70001305D002130690006364F674938707030A
:108E800093F7F70FA30FF104138A06006344D00091
:108E9000130A1000130B1000930AF105E31405FAEE
:108EA0006FF09FFA83240C00130C4C00E3D004E60F
:108EB000B304904093EC4C0093870D006FF09FBF7C
:108EC00003C60D009307A00293881D00E300F6106F
:108ED000930706FD93069000930500001308900089
:108EE000E3E4F60A03C6080093962500B386B600AD
:108EF00093961600B385D700930706FD9388180054
:108F0000E372F8FE9386050063C00574938D080034
:108F10006FF0DFBA03260C0093EC0C01130C4C002D
:108F2000930706006FF09FEF93EC0C0893870D00FA
:108F30006FF05FB89307B002A303F10293870D00AF
:108F40006FF05FB793EC1C0093870D006FF09FB636
:108F500083477102E39C07DA93070002A303F1023F
:108F600093870D006FF01FB583270C00A303010248
:108F7000130C4C00230CF102130A1000130B100009
:108F8000930A81036FF05FC483270C0013EB0C017D
:108F9000130C4C00A303010213061000930C0B00EA
:108FA00013050000E3C806EC937CFBF763920756B9
:108FB00063920674631E065E137B1B0063020B64E0
:108FC00093070003A30FF104130A0B00930AF105A2
:108FD0006FF09FE783270C0013EB0C01130C4C0080
:108FE000A303010213060000930C0B00E3DE06FA54
:108FF000930A090013F6770013060603A38FCAFE2F
:1090000093D7370093850A00938AFAFFE39407FE0B
:1090100093F71C00638A0716930700036306F6168E
:109020009385E5FFA38FFAFE330BB940138A060040
:1090300063C66661938A05006FF01FE113F60C01A9
:1090400083270C00130C4C00631A060013F60C0463
:10905000630606009397070193D70701138B0C0053
:109060006FF01FF893F70C016390070213F30C04E1
:10907000630C030083270C0083264100130C4C0073
:109080002390D7006FF05F9983270C00832641005F
:10909000130C4C0023A0D7006FF01F9893EC0C0426
:1090A00093870D006FF01FA113F60C0183270C00AE
:1090B000130C4C00631A060013F60C04630606003A
:1090C0009397070193D70701138B0C006FF09FEC68
:1090D000832A0C00A3030102130C4C00638A0A626A
:1090E00063CA0656138606009305000013850A001E
:1090F000232AE1002324D100EF10C05383268100EE
:1091000003274101138B060063040500330B55410F
:1091100083477102134AFBFF135AFA41337A4B011A
:1091200093060000130F0000E39E07D06FF05FAAC4
:1091300037860000130606832314C10237360180E8
:10914000130606AB83270C0093EC2C00130C4C0089
:109150002326C100A3030102138B0C001306200079
:10916000E3D406E4930A09008325C10013F6F7004F
:10917000938AFAFF3386C5000346060093D747005B
:109180002380CA00E39207FE330B5941138A06007D
:10919000E3DC66CB130A0B006FF01FCB1307100044
:1091A0002328E10293070B002320510723226107A4
:1091B000232A610313070900130787006FF09FB18B
:1091C0009305100013060000130709006FF0DFB9C4
:1091D000338D4441E35EA0AB9305000163D8A55DE8
:1091E000B7350180938585DC2324B100130E00017F
:1091F000130F70006F00800113052600130787000E
:1092000013860500130D0DFF6352AE070325810081
:1092100093870701930516002320A7002322C70187
:10922000232AF1022328B102E358BFFC638007160A
:10923000032501001306C10293850900232AD100EA
:10924000EFF04FDCE316058E03260103130E000139
:10925000130D0DFF832741038326410113070900E6
:1092600013051600130F7000E342AEFB03268100C6
:10927000B387A7012322A7012320C700232AF102D5
:109280002328A102130670006352A6386388074A98
:10929000032501001306C102938509002324D10090
:1092A000EFF04FD6E31605888326810003260103DD
:1092B00083274103338D664113070900130E1600FF
:1092C000E35CA09D6354A44723247101930E7000B6
:1092D0006F008001130E2600130787001386050018
:1092E000130D0DFF635AA40593870701930516001C
:1092F0002320770123228700232AF1022328B102A9
:10930000E3DABEFC63800706032501001306C102F1
:1093100093850900EFF00FCFE31C058003260103BE
:10932000130D0DFF8327410313070900130E1600C9
:10933000930E7000E34AA4FB83268100B387A70144
:109340002322A7012320D700232AF1022328C103C7
:109350009306700063C8C61D13078700130E1E0016
:109360006FF09F93130E10001306000013070900FF
:109370006FF01FF7032501001306C1029385090052
:10938000EFF04FC8E30C05966FF08FFA130510004D
:1093900013060000130709006FF0DFE6638207047D
:1093A000032501001306C10293850900232CD10077
:1093B000232AF1012324E101EFF0CFC4631A05F65B
:1093C000032601038327410383268101832F410163
:1093D000032F810013070900130E16006FF0DF84BE
:1093E00063060F24930781022320F10693072000D0
:1093F0002322F106130E10001307090013060E00B6
:1094000013078700130E1E006FF01F88130500015D
:109410006354A537373E0180130E8EDB930E000197
:10942000930270006F00C001130526001307870028
:1094300013860500130D0DFF63DCAE0793051600C0
:10944000938707012320C7012322D701232AF10292
:109450002328B102E3DAB2FC638207080325010086
:109460001306C10293850900232EC101232CD100CC
:10947000232AF1012324E101EFF0CFB8631A05EAB2
:1094800003260103930E0001130D0DFF83274103F3
:10949000032EC10183268101832F4101032F810007
:1094A000130709001305160093027000E3C8AEF914
:1094B000B387A7012320C7012322A701232AF10292
:1094C0002328A102130670006342A60A130787002F
:1094D000130E1500130605006FF08FF11306000040
:1094E00013051000130709006FF0DFF463D4440183
:1094F00093040A0083274100B38797002322F100D9
:109500006FF0CFFF13F3FCF7936C230013062000DA
:1095100093051000630EB62C93052000E31AB6AC39
:109520006FF05FC4E38C07C6032501001306C10278
:1095300093850900EFF00FAD631C05DE032E0103D8
:109540008327410313070900130E1E006FF0CFF4A9
:1095500023280102130709006FF00FD3130E100028
:1095600013060000130709006FF00FF2638207165D
:10957000032501001306C10293850900232CD100A5
:10958000232AF1012324E101EFF0CFA7631205DACA
:10959000032601038327410383268101832F410191
:1095A000032F810013070900130E16006FF04FE41C
:1095B000130A0000130B0000930A09006FF0DF8804
:1095C000930A09009305A000930E900033F6B702AA
:1095D000938AFAFF138E0700130606032380CA003E
:1095E000B3D7B702E3E4CEFF330B5941138A060029
:1095F000E3D86685130A0B00E31605846FF0DF8459
:10960000130A0000930A09006FF01F8413078700F4
:10961000130E1500130605006FF08FE713160601F1
:1096200013560641930706006FF04FFF1306000024
:10963000130E1000130709006FF00FE5130A0B005B
:10964000938A05006FF05F809306F0FF938D08000A
:109650006FF0CFC613850A002324E100EFC01FB1CD
:1096600003278100130B05006FF09FAAB737018015
:109670009387C7A92326F10093F50C0183270C00DB
:10968000130C4C00639A050093F50C0463860500E7
:109690009397070193D7070193F51C00E38C05AA64
:1096A000E38A07AA930500032304B102A304C102BD
:1096B000A3030102E3D806E493EC2C006FF09FAA09
:1096C000B7370180938707AB2326F1006FF0DFFAED
:1096D0000347710263000708930771022320F10614
:1096E000930710002322F106130E10001307090040
:1096F0006FF0CFD293051000E310B6E2130500001F
:10970000930700036FF00FF8EFB05F966FF04FA66E
:1097100093076000138B060063EAD7023738018095
:10972000130A0B00930A48AC6FF00FCAB7360180DA
:10973000938686DC2324D1006FF01FC0130E100027
:1097400013060000130709006FF08FD4130B60009D
:109750006FF0DFFC13060000130E10001307090062
:109760006FF08FCC032501001306C1029385090019
:10977000EFF04F896FF0CFBB373E018013850500B6
:10978000130E8EDB6FF0DFD2938D0800930600007E
:109790006FF0CFB2373E018093051600130E8EDBBB
:1097A0006FF04FE2930700036FF0CFED3736018083
:1097B000130686DC13050E002324C1006FF01FABD7
:1097C0009307F0FF2322F1006FF08FB983260C007E
:1097D000130C4C0063C80600938D080093870D009E
:1097E0006FF04FAD9306F0FF938D08006FF01FFFF1
:1097F000130500006FF00FE89307050003A541F47F
:109800009306060013860500938507006FF04F93BB
:10981000130101B88397C50003D7E500232C8146C7
:1098200013840500B70501009385D5FF032E440678
:109830000323C4018328440213170701B3F7B700B9
:10984000B3E7E70013080040232AF10093058100E5
:1098500093070107232A914623282147232E1146E7
:10986000130905002326C1072322610223261103C1
:109870002324F100232CF10023280101232E0101D0
:1098800023200102EFF0CF8B93040500635C0502F7
:109890008357410193F70704638807008357C40087
:1098A00093E707042316F4008320C147032481476C
:1098B000032901471385040083244147130101480C
:1098C000678000009305810013050900EF00003751
:1098D000E30005FC9304F0FF6FF09FFB130101FF11
:1098E00023261100232021016388050223248100FF
:1098F00023229100138405009304050063060500EC
:1099000083274503638C070C8317C4006392070207
:1099100003248100832441008320C1001309000037
:1099200013050900032901001301010167800000EC
:109930009305040013850400EF00800B8327C40205
:1099400013090500638A07008325C40113850400F9
:10995000E7800700634405068357C40093F70708B0
:109960006396070683250403638C050093070404AC
:109970006386F50013850400EFC05FB82328040256
:10998000832544046388050013850400EFC01FB7D6
:1099900023220404EFB0CFEF23160400EFB08FEFC3
:1099A0008320C100032481008324410013050900A2
:1099B0000329010013010101678000008357C400DF
:1099C0001309F0FF93F70708E38E07F883250401D6
:1099D00013850400EFC09FB26FF0DFF8EFB00FE91E
:1099E0006FF09FF29305050003A541F46FF01FEFA0
:1099F0000397C500130101FE232C810023263101AA
:109A0000232E110093778700138405009309050026
:109A100063900712B71700009387078083A645005D
:109A2000B367F7002396F5006352D0180328840229
:109A30006304080E232A91009316370183A40900BA
:109A400023A009008325C40163CE06161306000077
:109A50009306100013850900E70008009307F0FF44
:109A6000130605006304F51A8317C4000328840253
:109A70008325C40193F74700638E07000327440042
:109A8000832704033306E640638607008327C40365
:109A90003306F6409306000013850900E70008002E
:109AA0009307F0FF6314F51283A609009307D00112
:109AB0000317C40063EAD716B7074020938717003F
:109AC000B3D7D70093F71700638007160326040166
:109AD000B7F7FFFF9387F77FB377F7002316F400FC
:109AE000232204002320C4009317370163D4070006
:109AF000638206108325040323A099006384051064
:109B0000930704046386F50013850900EFC01F9FC7
:109B10008324410123280402130500008320C1018E
:109B2000032481018329C100130101026780000021
:109B30002328210103A9050163020908232A9100B2
:109B400083A405001377370023A02501B3842441A3
:109B5000930700006314070083A745012324F40042
:109B6000634890006F0040053309A90063569004D4
:109B7000832744028325C401938604001306090049
:109B800013850900E7800700B384A440E34EA0FCDE
:109B90000317C4000329010113670704832441014B
:109BA0002316E4001305F0FF6FF05FF783A6C503EB
:109BB000E34ED0E66FF05FF68324410103290101F3
:109BC0006FF09FF5032604056FF0DFEA0317C4006A
:109BD00083260401B7F7FFFF9387F77FB377F7007A
:109BE0002316F400232204002320D4009317370106
:109BF000E3D207F0832504032328A40423A09900BB
:109C0000E39005F0832441016FF01FF183A7090061
:109C1000E38C07E41307D001638CE70013076001AE
:109C20006388E7000317C400136707046FF01FF78A
:109C300023A09900832441016FF01FEE130101FE60
:109C4000232C8100232E1100130405006306050058
:109C500083274503638A07028397C500639C070037
:109C60008320C101032481011305000013010102B7
:109C70006780000013050400032481018320C101D3
:109C8000130101026FF0DFD62326B100EFB00FBE43
:109C90008325C1006FF05FFC630005069305050096
:109CA00003A541F46306050083274503638C070081
:109CB0008397C500639607001305000067800000C6
:109CC0006FF01FD3130101FE2326B1002324A1004E
:109CD000232E1100EFB08FB98325C1000325810029
:109CE0008397C500639407028320C1011305000018
:109CF0001301010267800000B7A50080138601C32D
:109D00009385C5C3138501C46FB00FC88320C101FB
:109D1000130101026FF0DFCD832786006384072CD7
:109D20008396C500130101FD23248102232C4101E8
:109D3000232861012326110293F78600130B0600E6
:109D4000130A050013840500638E070883A7050125
:109D5000638A07082322910223202103232E310145
:109D6000232A510193F7260083240B006384070AFA
:109D7000832744028325C401B70A008093090000A9
:109D800013090000938A0AC01386090013050A000C
:109D9000630209049306090063F42A0193860A000A
:109DA000E78007006350A04683278B00B389A90092
:109DB0003309A940B387A7402324FB006386071A11
:109DC000832744028325C4011386090013050A0072
:109DD000E31209FC83A9040003A9440093848400CE
:109DE0006FF09FFA9305040013050A00EFB09FB9C6
:109DF000631C051C8316C400232291022320210327
:109E0000232E3101232A510193F7260083240B00CE
:109E1000E39007F6232671012324810193F71600AE
:109E20006396071C8327040003278400B70A008079
:109E300023229101930B000093090000938AFAFFFB
:109E400013850700130C07006382091013F6062020
:109E500063080628930C070063E6E93213F7064807
:109E6000630A07080326440183250401131716001B
:109E70003307C7003389B740135CF701330CEC009C
:109E800093071900135C1C40B387370113060C00BD
:109E90006376FC00138C07001386070093F60640D8
:109EA000638E06309305060013050A00EFA0CFEF7E
:109EB000930C0500630C0534832504011306090087
:109EC000EFC08F908357C40093F7F7B793E7070865
:109ED0002316F40033852C01B3072C412328940169
:109EE000232A84012320A400138C09002324F400D6
:109EF000938C090013860C0093850B00EF00D01D96
:109F0000032784008327040013890900330787414E
:109F1000B38797012324E4002320F4009309000071
:109F200083278B00B38B2B01B38727412324FB00AE
:109F30006386070283270400032784008316C40076
:109F400013850700130C0700E39209F083AB0400AC
:109F500083A94400938484006FF09FEE832BC1009B
:109F6000032C8100832C41008320C1020324810241
:109F700083244102032901028329C101832A41016B
:109F8000032A8101032B01011305000013010103C2
:109F9000678000009305040013050A00EFF01FCA54
:109FA000630E050A8317C400832BC100032C8100B4
:109FB00083244102032901028329C101832A41012B
:109FC00093E707042316F4008320C10203248102CF
:109FD000032A8101032B01011305F0FF1301010383
:109FE000678000001305000067800000930A0000EE
:109FF00013050000130C0000930900006382090898
:10A00000630A050893870A00938B090063F43701FC
:10A01000938B070003250400832704010329840090
:10A020008326440163F6A7003309D9006344790904
:10A0300063C0DB16832744028325C40113060C008A
:10A0400013050A00E780070013090500E35CA0F48C
:10A05000B38A2A4113051000E38E0AF283278B008E
:10A06000330C2C01B3892941B38727412324FB00FA
:10A07000E39607F8832BC100032C81006FF0DFEE1D
:10A0800083A944009387040093848400E38A09FE33
:10A0900003AC0700138609009305A00013050C000C
:10A0A000EF004059630A051413051500B30A8541F2
:10A0B0006FF05FF593050C0013060900EF00D00167
:10A0C000832704009305040013050A00B3872701C2
:10A0D0002320F400EFF09FB6E30C05F66FF09FEC41
:10A0E0008326040163E2F6040326440163EEC902F9
:10A0F0009387090063F43A0193870A00B3E6C70225
:10A10000032744028325C40113860B0013050A00AC
:10A11000B386D740E700070013090500635AA0047F
:10A12000B38929416FF0DFDF1309070063F4E90009
:10A1300013890900138507001306090093850B0096
:10A14000EF00807903278400832704003307274129
:10A15000B38727012324E4002320F400E31207FC43
:10A160009305040013050A00EFF05FADE30A05FA5A
:10A170008317C400832BC100032C8100832C410072
:10A180006FF01FE3138C0900938C09006FF09FD6CA
:10A1900013860B0093050C00EF0000740327840066
:10A1A0008327040013890B0033077741B3877701B6
:10A1B0002324E4002320F4006FF09FE913050A0034
:10A1C000EF300041930C0500E31605D08325040110
:10A1D00013050A00EFC08FB28317C4001307C00035
:10A1E000832BC100032C8100832C41002320EA0033
:10A1F00093F7F7F76FF0DFDB93871900938A070077
:10A200006FF09FE08317C4006FF09FDA1307C00060
:10A210008317C400832BC100032C8100832C4100D1
:10A220002320EA006FF0DFD88397C500130101F8FF
:10A23000232C8106232E110613F727001384050013
:10A24000630407029387350423A0F50023A8F500D3
:10A250009307100023AAF5008320C1070324810778
:10A2600013010108678000008395E500232A910609
:10A2700023282107232631072324410793040500BF
:10A2800063C6050813068100EF000059634E0506FA
:10A290008327C10037F90000B71900003379F900AE
:10A2A000B7E7FFFF3309F90013391900130A00401B
:10A2B0009389098093050A0013850400EFA0CFAEAF
:10A2C0008317C4006308050693E707082320A4004A
:10A2D0002328A4002316F400232A44016310090A4A
:10A2E000B3E737018320C1072316F4000324810755
:10A2F00083244107032901078329C106032A810614
:10A3000013010108678000008317C40093F7070852
:10A3100013090000638E0704130A000493050A0062
:10A3200013850400EFA04FA88317C4009309000011
:10A33000E31C05F813F70720631E070493F7C7FF14
:10A3400093E72700130734042316F4009307100043
:10A3500083244107032901078329C106032A8106B3
:10A360002320E4002328E400232AF4006FF0DFEE2A
:10A37000130A0040930900006FF0DFF38315E40037
:10A3800013850400EF00804F631005028317C4009B
:10A390006FF01FF583244107032901078329C106B4
:10A3A000032A81066FF05FEB8357C40093F7C7FF62
:10A3B00093E717009397070193D707416FF05FF278
:10A3C000130101F923248106138405008395E50018
:10A3D0002322910623202107232611069304060039
:10A3E0001389060063CA050413068100EF00C0420A
:10A3F000634405040327C100B7F700008320C106AA
:10A40000B3F7E70037E7FFFFB387E70003248106D0
:10A4100093B717002320F9001307004023A0E4009E
:10A420003715000083244106032901061305058022
:10A4300013010107678000008357C40093F70708E2
:10A44000638807028320C106032481069307000066
:10A450002320F9001307000423A0E40003290106C8
:10A4600083244106130500001301010767800000E3
:10A470008320C106032481062320F900130700402E
:10A4800023A0E400032901068324410613050000EC
:10A490001301010767800000130101FE232C8100D6
:10A4A000232A910023282101232E110013090500DE
:10A4B0009384050013040600EF00002C930710009E
:10A4C000631CF5009387F4FF1307E00F6366F70042
:10A4D000230691006F0040029306C4051386040012
:10A4E0009305C10013050900EF3000699307F0FFE1
:10A4F0006304F508630C0502832784008345C100CB
:10A500009387F7FF2324F40063DA0700032784010D
:10A5100063CCE7029307A0006388F5028327040059
:10A52000138717002320E4002380B7008320C10194
:10A5300003248101032901011385040083244101BF
:10A5400013010102678000001306040013050900CF
:10A55000EFB00FA99307F0FFE31AF5FC1305F0FF26
:10A560008320C101032481018324410103290101C6
:10A5700013010102678000008357C4001305F0FF38
:10A5800093E707042316F4006FF09FFD8317C600BE
:10A59000139727016340070203274606B7260000EA
:10A5A000B3E7D700B72600003367D7002316F600BD
:10A5B0002322E6066FF05FEE130101FE232C8100DB
:10A5C00003A441F4232E1100138605009305050012
:10A5D0006306040083274403638007048317C600CF
:10A5E000139727016340070203274606B72600009A
:10A5F000B3E7D700B72600003367D7002316F6006D
:10A600002322E60613050400032481018320C101EF
:10A61000130101026FF05FE82324A1001305040079
:10A620002326C100EFA09FA40326C100832581003B
:10A630006FF0DFFA9377350093F6F50F638A070220
:10A640009307F6FF630E06021306F0FF6F0080010A
:10A650001305150013773500630E07009387F7FF86
:10A660006380C70203470500E314D7FE678000003C
:10A6700093070600130730006368F700639007062E
:10A68000130500006780000093F5F50F1397850010
:10A69000B305B70013970501B708FFFE3788808020
:10A6A000B385E5009388F8EF13080808130330001A
:10A6B0006F0000019387C7FF13054500E370F3FCAB
:10A6C0000327050033C7E500330617011347F7FFDB
:10A6D0003377E60033770701E30E07FCB307F50095
:10A6E0006F00C00013051500E38CA7F803470500B1
:10A6F000E31AD7FE67800000130101FF2326110033
:10A7000023229100630E0602B73501809385C5DDD3
:10A71000130506002324810013040600EF00802C9B
:10A72000B73401806312050203248100138584DDA0
:10A730008320C100832441001301010167800000D0
:10A74000B73401806FF09FFE938584DD130504000C
:10A75000EF004029E30A05FCB71501809385C50584
:10A7600013050400EF000028E30005FC032481002A
:10A77000130500006FF0DFFB03C581E86780000070
:10A78000130101FF2326110023229100638E05028D
:10A790002324810013840500B73501809385C5DD2E
:10A7A00013050400EF000024B73401806312050292
:10A7B00003248100138584DD8320C10083244100AC
:10A7C0001301010167800000B73401806FF09FFE24
:10A7D000938584DD13050400EF00C020E30A05FC27
:10A7E000B71501809385C50513050400EF00801F90
:10A7F000E30005FC03248100130500006FF0DFFB7C
:10A800001305050F67800000138501E567800000D0
:10A81000138501E567800000130101FF1387050020
:10A8200023248100232291001304050093050600D0
:10A83000130507002326110023AE01F4EF505FEA51
:10A840009307F0FF630CF5008320C100032481000F
:10A8500083244100130101016780000083A7C1F533
:10A86000E38407FE8320C1002320F4000324810039
:10A87000832441001301010167800000130101FFDF
:10A880002324810023229100130405001385050071
:10A890002326110023AE01F4EF509FEA9307F0FF47
:10A8A000630CF5008320C100032481008324410050
:10A8B000130101016780000083A7C1F5E38407FE4F
:10A8C0008320C1002320F40003248100832441005D
:10A8D000130101016780000063F6A5023387C500FC
:10A8E0006372E502B307C500630606048346F7FFFB
:10A8F0009387F7FF1307F7FF2380D700E318F5FED0
:10A90000678000009307F00063E8C7029307050023
:10A910009306F6FF6302060C93861600B386D700F3
:10A9200003C705009387170093851500A38FE7FEE3
:10A93000E398D7FE67800000B367B50093F7370050
:10A9400063960708930806FF93F808FF93880801A9
:10A95000B3061501138705009307050003280700B8
:10A96000130707019387070123A807FF032847FF61
:10A9700023AA07FF032887FF23AC07FF0328C7FF8D
:10A9800023AE07FFE39CD7FC1378C600B3851501FF
:10A990001377F600630408041308C7FF1378C8FF91
:10A9A00013084800B38706011387050083280700B2
:10A9B000938646001307470023AE16FFE398F6FE82
:10A9C00013763600B38505016FF09FF49306F6FF0A
:10A9D000930705006FF05FF467800000130607001F
:10A9E0006FF01FF33367B5009303F0FF1377370061
:10A9F00063100710B7877F7F9387F7F7032605005B
:10AA000083A60500B372F6003363F600B382F2004A
:10AA1000B3E26200639272106316D6080326450003
:10AA200083A64500B372F6003363F600B382F200EA
:10AA3000B3E26200639E720C6316D606032685009D
:10AA400083A68500B372F6003363F600B382F2008A
:10AA5000B3E262006398720C6316D6040326C50045
:10AA600083A6C500B372F6003363F600B382F2002A
:10AA7000B3E262006392720C6316D60203260501EC
:10AA800083A60501B372F6003363F600B382F200C9
:10AA9000B3E26200639C720A130545019385450188
:10AAA000E30ED6F41317060193970601631EF70011
:10AAB0001357060193D706013305F7409375F50F39
:10AAC00063900502678000001357070193D70701C1
:10AAD0003305F7409375F50F639405006780000018
:10AAE0001377F70F93F7F70F3305F74067800000F0
:10AAF0000346050083C60500130515009385150060
:10AB00006314D600E31606FE3305D64067800000C6
:10AB10001305450093854500E31CD6FC1305000092
:10AB2000678000001305850093858500E312D6FC3D
:10AB300013050000678000001305C5009385C5005C
:10AB4000E318D6FA1305000067800000130505011D
:10AB500093850501E31ED6F8130500006780000009
:10AB6000130101FE232A91008327050183A4050117
:10AB7000232E110063C0971C9384F4FF13932400C9
:10AB8000232C810013844501232631012324410114
:10AB9000B3096400130A450183A7090033036A005F
:10ABA0000327030023282101232251019387170043
:10ABB0003359F702930A0500636AF70A3705010063
:10ABC0009308040013080A00930E00009306000087
:10ABD0001305F5FF03A70800032E0800130848001B
:10ABE0003376A70013570701B377AE00135E0E014B
:10ABF0009388480033062603330727033306D6011C
:10AC0000B37EA600B387D74113560601B387D7009A
:10AC100093D60741B3F7A7003307C7003376A700E1
:10AC2000B386C640B386C60113960601B3E7C700D4
:10AC3000232EF8FE935E070193D60641E3FC19F933
:10AC400083270300639407021303C3FF63686A004A
:10AC50006F0080019384F4FF63786A008327030008
:10AC60001303C3FFE38807FE23A89A0013850A0095
:10AC7000EF20401C634C05083705010093050A00CE
:10AC8000130700001305F5FF83A605000326040043
:10AC900093854500B3F7A6003378A600B387074134
:10ACA000B387E70013D707411356060193D6060171
:10ACB0003307C7403307D70093160701B3F7A70040
:10ACC000B3E7D7001304440023AEF5FE1357074142
:10ACD000E3FC89FA93972400B307FA0003A707005F
:10ACE000631407029387C7FF6368FA006F0080014F
:10ACF0009384F4FF6378FA0003A707009387C7FFE4
:10AD0000E30807FE23A89A00130919000324810110
:10AD10008320C1018329C100032A8100832A4100C5
:10AD200083244101130509000329010113010102D4
:10AD3000678000008320C1018324410113050000C6
:10AD4000130101026780000003238503130101F44E
:10AD5000232C810A232A910A2328210B2322510B19
:10AD60002326B109232E110A2326310B232EE100BD
:10AD7000232AF100232811012326B1022324C10034
:10AD800013040500938D050093040600938A0600C2
:10AD900013090800630203020327C5039307100089
:10ADA00093050300B397E7002322E3002324F30075
:10ADB000EF10006C232C040293890400930600001A
:10ADC00063DC04009394140093D714002324F1004F
:10ADD00093890700930610003707F07F2320D900DE
:10ADE000B3F6E9006388E6608324810013850D00D3
:10ADF0001306000093850400930600002320B1038E
:10AE000023229102EF404066631A050403274101A3
:10AE1000930710002320F7000327010163080700B0
:10AE2000B73701809387D7AC2320F700B73901806B
:10AE30009389C9AC8320C10B0324810B8324410B6C
:10AE40000329010B832A410A832DC10813850900B8
:10AE50008329C10A1301010C6780000013860400D6
:10AE6000130781079306C10793850D00130504009E
:10AE70002324410B2320610B232E7109232C8109EC
:10AE8000232A91092328A10913D94901EF20403E23
:10AE9000930405006312095A832B81070329C10714
:10AEA0009307000233892B0113072943E3D0E732CC
:10AEB00093070004B387E74013052941B397F900CE
:10AEC00033D5AD0033E5A700EF50501AB70710FE99
:10AED0009306100013070500B387B7001309F9FFA5
:10AEE0002324D10403A601EF83A641EF1305070035
:10AEF00093850700EF40106E03A681EF83A6C1EF94
:10AF0000EF40C07F03A601F083A641F0EF308050F0
:10AF1000130A05001305090093890500EF509009F5
:10AF200003A681F083A6C1F0EF40407D1306050023
:10AF30009386050013050A0093850900EF30804DC4
:10AF4000130B050093890500EF50807E130A05005E
:10AF50009385090013050B001306000093060000FB
:10AF6000EF4040696350050213050A00EF5090045A
:10AF700013060B0093860900EF40004F3335A00005
:10AF8000330AAA4033892B4193076001130BF9FF61
:10AF9000E3E8471D3737018093173A00130787E826
:10AFA000B387E70003A6070083A647000325010235
:10AFB00083254102EF400064E35A051E130AFAFF9D
:10AFC000232E0102232C0100634C0B4863540A4AD0
:10AFD0008327810123244103B3874741232CF100B8
:10AFE000B3074041232CF10293079000130A00009D
:10AFF00063EC574993075000E3D0571F938ACAFF69
:10B000009307300013090000E388FA62E3D0575F2A
:10B0100093074000E390FA52930710002328F102AF
:10B020000326C101E352C0602326C104130C0600AD
:10B0300093067001130710009307400063C4C60015
:10B040006F10802F93971700938647019305070091
:10B0500013071700E378D6FE232EB402130504006D
:10B06000EF10C03593090500631405006F10002B25
:10B07000232CA4029307E00063E6874F6304094E84
:10B0800083268102E35AD05E93F7F60037370180BA
:10B09000130787E89397370093DC4640B387E700B0
:10B0A00093F60C0103A8070003A74700E3880652A4
:10B0B000B737018003A687F983A6C7F903250102E4
:10B0C000832541022328E10423200105EF301041AC
:10B0D000032801040327010593FCFC00130305006A
:10B0E000138D050013093000638C0C04B73B0180FD
:10B0F00023208104938B8BF7130409009305070029
:10B100001309030093F71C00638E070003A60B00CE
:10B1100083A64B001305080013041400EF40005EE3
:10B120001308050093DC1C40938B8B00E39C0CFC04
:10B130001303090013090400032401041387050005
:10B1400093060700130608001305030093050D007E
:10B15000EF30D03813070500938705008326C1031D
:10B160006388060203A601F183A641F113050700D7
:10B17000938507002328E1042320F104EF40804752
:10B180008327010403270105635405006F100001A4
:10B19000130509002320F1062320E104EF5080610C
:10B1A000032701048327010613060700938607007F
:10B1B0002328E1042320F104EF40405403A601F2C8
:10B1C00083A641F2EF300025B706C0FC83270104B7
:10B1D00003270105930C0500B38BB600630E0C32F8
:10B1E00083268102232081072324D106130507002B
:10B1F000938507002328E1042320F104EF504053F6
:10B200008327010637360180130905009386F7FF6F
:10B2100093963600930786E8B386D70003A84600C6
:10B220002326F10683A70600232E0105232291077A
:10B23000232CF104EF500058032701058327010454
:10B240001306050093860500130507009385070084
:10B25000EF40503803270103138D1900130309032E
:10B260002320A105930C05001373F30FE304075A81
:10B2700003A501F3032681058326C1052320B1041C
:10B2800083A541F323286104EF30502503264106AE
:10B2900093860B00EF40103483280104032301053B
:10B2A00013860C00938608002380690013090500AB
:10B2B000938B0500EF400024832801046354A00011
:10B2C0006F00507883A701F103A841F1232C4105B9
:10B2D0002328F104232A010503A8C1F183A781F1E2
:10B2E00023226107232681072320F104930700000E
:10B2F000032C010623220105138B0700232051078D
:10B30000138A08006F000009130B1B0063448B01B4
:10B310006F005078032601048326410413050900B9
:10B3200093850B00EF40803D0326010483264104F2
:10B3300013090500938B050013850C0093050A0083
:10B34000EF40C03B938C0500930A0500EF50403E50
:10B35000130A0500EF50004613060500938605000A
:10B3600013850A0093850C00EF40D02693070A034B
:10B370001306090093860B002300FD00130D1D002A
:10B38000930C0500138A0500EF40C02663540500A6
:10B390006F00506B032501058325410513860C00C2
:10B3A00093060A00EF4010231306090093860B0052
:10B3B000EF404024E35A05F483278106930B0D00E8
:10B3C000138C1700130690036F008000E3867965E5
:10B3D00083C6FBFF138D0B00938BFBFFE388C6FE38
:10B3E0009386160093F6F60F2380DB00930D0C0076
:10B3F0006F00004D83264101372700009397C90055
:10B400001307F77093D7C70023A0E600B3E7B7018F
:10B410006380070A83270101B7390180938909DF17
:10B42000E38A07A0B7370180938737DF032701013D
:10B430002320F7006FF01FA083274102B706F03FDB
:10B44000832B81079397C70093D7C7000327010277
:10B45000B3E7D700130919C0232401046FF09FA894
:10B4600093071000B3872741232CF100130B000032
:10B47000E3400AB623244103232C010293079000E2
:10B48000330B4B01E3F857B7930710001309100073
:10B49000930A00002328F102130CF0FF232E010071
:10B4A000232E040223268105930500006FF01FBBA5
:10B4B00083270101B7390180938949DEE38C079620
:10B4C000B73701809387C7DE6FF05FF61305090079
:10B4D0002320F1062320E104EF50C02D03270104AF
:10B4E0008327010613060700938607002328E1043B
:10B4F0002320F104EF40802003A601F283A641F24D
:10B50000EF2050718327010403270105B706C0FC13
:10B51000930C0500B38BB60003A681F283A6C1F29B
:10B520001305070093850700EF40D00A13860C002F
:10B5300093860B00130D050013890500EF30907BF7
:10B54000E342A04EB7070080B3C7770113860C0013
:10B5500013050D009386070093050900EF4080094D
:10B56000634805068327C10763CE07188326810237
:10B570001307E0006348D71883278102373701801B
:10B58000130787E893973700B387E70003AA0700FC
:10B5900083AA47008327C10163D807046346800557
:10B5A00063180C0203A681F283A6C1F213050A00F8
:10B5B00093850A00EF40801413060500938605006A
:10B5C0000325010283254102EF40C002E34CA04461
:10B5D000138D090023200102130900008327C101F4
:10B5E00093CDF7FF6F004069938719002320F10482
:10B5F000032B01020329410213060A0093860A0065
:10B6000013050B0093050900EF30406DEF50401219
:10B61000130D0500EF50001A13060A0093860A0066
:10B62000EF40C00D130605009386050013050B00BF
:10B6300093050900EF40007A93070D032380F9007A
:10B6400013061000832B01041307050093860500E1
:10B65000E30CCC0C83A781F103A8C1F1930D10007A
:10B660002324F100232601016F00000613060A00BF
:10B6700093860A0013050B0093050900EF3000665E
:10B68000EF50000B130D0500EF50C01213060A0017
:10B6900093860A00EF408006938605001306050096
:10B6A0009305090013050B00EF40C072938B1B003C
:10B6B00093070D03938D1D00A38FFBFE1307050059
:10B6C00093860500E302BC070326810093850600EC
:10B6D0008326C10013050700EF4040021306000057
:10B6E00093060000130B050013890500EF30D057B7
:10B6F000E31E05F683278102138D0B00938D17003F
:10B700006F00001C0327010363160726832B8103A8
:10B71000832C8101232801021309000063820C029B
:10B720006350600393870C0063449B670327810188
:10B73000B38CFC40330BFB403307F740232CE10074
:10B740008327810363820702832701036384070041
:10B75000E39C0B0603268103938504001305040074
:10B76000EF10403F930405009305100013050400FB
:10B77000EF1000102320A102631C0A509307100051
:10B7800063DC5755B387670193F7F7016380071EA2
:10B79000130700023307F7409306400063D4E658CE
:10B7A0001307C001B307F74003278101B38CFC00E6
:10B7B000330BFB003307F700232CE10083278101C3
:10B7C0006340F014635C60018325010213060B00E3
:10B7D00013050400EF10004D2320A1028327C103AD
:10B7E000639C0712635480458327010363900726F7
:10B7F00083278102938D1700832A0102130A100008
:10B800006F00000293850400930600001306A00059
:10B8100013050400EF00104893040500130A1A00F2
:10B8200093850A0013850400EFF08FB3930B050393
:10B83000B3874901A38F77FFE3468AFD130A1000FF
:10B8400063448055338A4901930A000093850400BC
:10B850001306100013050400EF10C04483250102F5
:10B8600093040500EF10005D635EA04E9306900305
:10B870006F008000638A495F8347FAFF130D0A0057
:10B88000130AFAFFE388D7FE938717002300FA0014
:10B890008325010213050400EF00903D63020902B5
:10B8A000638A0A0063882A0193850A00130504004D
:10B8B000EF00103C9305090013050400EF00503B16
:10B8C0009385040013050400EF00903A832741019B
:10B8D00023000D0023A0B701832701016384070023
:10B8E00023A0A701032A810A032B010A832BC10984
:10B8F000032C8109832C4109032D01096FF08FD39B
:10B90000938504001386070013050400EF108039A7
:10B91000930405006FF01FEB8325010213850400DB
:10B92000EF104051E35005EC83278102938504001A
:10B93000930600001306A00013050400138BF7FF05
:10B94000EF0050358327010393040500639E070C25
:10B95000032CC104E35A8015832D81026FF0DFE9C7
:10B9600093071000232EF1026FF0CFE59307C0017B
:10B970006FF09FE3130710006354574D8327810333
:10B98000930BFCFF63CA7741B38B77418327810117
:10B99000B38C8741E3500C0E93051000130504008F
:10B9A000EF00106D130905006FF05FD7232E010221
:10B9B000232C0100E34020AD93071000B3872741FB
:10B9C000232CF100130B00006FF0DFAAB387E740D0
:10B9D0003395FD006FF04FCF93073000130910002F
:10B9E000638CFA4463C657E393072000E38CFA1490
:10B9F000232E04029305000013050400EF00101C21
:10BA000093090500E30C0510930710002328F102A9
:10BA10009307F0FF232CA4022326F104130CF0FF5C
:10BA2000232E01006FF01FB4930509009306000058
:10BA30001306A00013050400EF00D025032CC10459
:10BA400013090500E356800923246103635C900118
:10BA50009305090013860C0013050400EF108024E1
:10BA600013090500130B0900631E0A508327C10246
:10BA7000138DF9FF938C0900232C310183290102D6
:10BA800093F71700330D8D012324F100232EB1010C
:10BA90009385090013850400EFF08F8C130C0500CB
:10BAA0009305090013850400EF10C038130A050040
:10BAB00013060B009385090013050400EF10003DE9
:10BAC0000327C500930B0C03930D0500631C0708A7
:10BAD0009305050013850400EF10C035130705001A
:10BAE00093850D0013050400930D0700EF00501817
:10BAF000B3E65D01639A060E83278100638A0774AB
:10BB000063420A7623807C01138A1C0063049D67CC
:10BB100093850400930600001306A000130504009B
:10BB2000EF00501793040500930600001306A000D1
:10BB30009305090013050400630E6909EF009015D1
:10BB400093050B0013090500930600001306A000DF
:10BB500013050400EF001014130B0500930C0A00EA
:10BB60006FF01FF39305050013050400832981017D
:10BB7000832DC101EF00D00F634A0A0013F71D00A7
:10BB8000336A5A0133674701631E07069385040031
:10BB90001306100013050400EF10C01083250102E6
:10BBA00093040500EF1000296358A02413079003A5
:10BBB000638CEB24930B1C0383278102930A0900F7
:10BBC000138D1C0023807C01938D170013090B003B
:10BBD0006FF01FCCEF00100C13090500130B0500CC
:10BBE000930C0A006FF0DFEA63440A728327810036
:10BBF000336A5A0133EA4701630C0A70E354B0F127
:10BC000083298101130790036380EB2003278102BE
:10BC100093871B00930A0900138D1C00930D1700D6
:10BC20002380FC0013090B006FF09FC693072000D0
:10BC3000E3DC57BB138D0900E3120C9A8325010244
:10BC4000930600001306500013050400EF00900453
:10BC5000930505002320A10213850400EF10801D29
:10BC6000E35EA096930710032380F90083278102E7
:10BC7000138D1900938D170083250102130504000D
:10BC8000938D1D00EF00C07EE31609C26FF05FC305
:10BC90009305050013060A0013050400EF00906BDE
:10BCA000930710002320A10263DE5711130A00003E
:10BCB0000327010283270701938737009397270003
:10BCC000B307F70003A54700EF0010259307000214
:10BCD000B387A7406FF01FAB8327C10263900704AF
:10BCE000832781009397C700639A07028326810008
:10BCF0009307000013D746011377F77F630C070003
:10BD000083278101130B1B0093871700232CF1005D
:10BD100093071000631C0A54138A0700930710004E
:10BD20006FF05FA6E30CD7A81307C003B307F74073
:10BD30006FF09FA793071000930A50002328F10289
:10BD40008327C10103278102B387E700138C170003
:10BD50002326F10413060C00634C80AD130610007B
:10BD60006FF00FAD6316050093F71B00E39007B06B
:10BD7000930600038347FAFF130D0A00130AFAFF24
:10BD8000E38AD7FE6FF0DFB0130A0C006FF09FABB1
:10BD900093070B006FF09F9983278103032781018D
:10BDA000232C7103B387FB40330AFA00B3078701E2
:10BDB000930C0700330B8B01232CF100930B000035
:10BDC0006FF09FBD8327C102E39207EE83278100B6
:10BDD0009397C700E39C07EC6FF05FF10323010228
:10BDE000032D4102130920006FF00FB0930A2000C9
:10BDF000232801026FF0CFA2E31005DC13F71B002C
:10BE0000E31607DA6FF05FDB930790032380FC00F3
:10BE100083278102930A0900138A1C00938D17005F
:10BE200013090B006FF09FA493071000130C100070
:10BE3000232EF1006FF0CFE6232801026FF05FF0B0
:10BE40000327810463040730032781019387374365
:10BE5000330BFB00B307F700832B8103930C070020
:10BE6000232CF1006FF05FB3930710032380F900D8
:10BE7000938D1D006FF0DFA1832781026388073057
:10BE8000B30BF04093F7FB0037370180130787E8C7
:10BE900093973700B387E70003A6070083A6470000
:10BEA000032501028325410293DB4B40EF3010054F
:10BEB000138D050063880B4213092000B73C0180F5
:10BEC00023208104938C8CF71304090013070500C9
:10BED000130600001309050093F61B006380060299
:10BEE00003A60C0083A64C001305070013041400DE
:10BEF000EF30D000130705001306100093DB1B4042
:10BF0000938C8C00E39A0BFC1305090093870500C2
:10BF10001309040003240104631206A41307050097
:10BF200093070D006FF08FA393850600130607009B
:10BF300013050700EF20004E8327810213060A0035
:10BF400093860A00938D1700130B050013890500D3
:10BF5000138C0D00EF30005A6346A0C613050B008A
:10BF60009305090013060A0093860A00EF30C04FBC
:10BF700063160500137D1D0063160DC4138D0B00A1
:10BF80006FF01F948325490013050400EF00004360
:10BF9000130A050063000536032609019305C9004D
:10BFA0001305C5001306260013162600EFA0CF8147
:10BFB0001306100093050A0013050400EF00904ECD
:10BFC000130B05006FF09FAA9305090013860B0061
:10BFD00013050400EF0010381386040093050500D4
:10BFE0001309050013050400EF00901393070500E3
:10BFF000938504001305040093840700EF00404775
:10C0000083278103B3877741232CF102638E07F4E2
:10C010006FF04FF4032681058326C10503254106F1
:10C020002328B10493850B0023286102EF30006DB3
:10C030000323010383270106930610002380690070
:10C040002324A1048328010513890500B38BF9007B
:10C05000638CD72683A781F103A8C1F1232891041B
:10C060002328F102232A01032320810613850C00D3
:10C07000938508000326010383264103130D1D0049
:10C08000EF30C0671384050093040500EF40406A59
:10C09000930C0500EF40007213060500938605001F
:10C0A0001385040093050400938C0C03EF30905229
:10C0B000A30F9DFFE390ABFD83240105032401063C
:10C0C000930C05009388050003A601F383A641F3B2
:10C0D000032581049305090023281103EF208033F1
:10C0E0008328010313860C0093860800EF308050EC
:10C0F000634C05180326810403A501F383A541F3CE
:10C1000093060900EF30104D8328010313860C00BD
:10C1100093860800EF30003E634CA0108327C107D0
:10C1200063C607DE032781029307E00063C0E7DEF2
:10C13000832781020327C10693973700B307F700CF
:10C1400003AA070083AA47006FF08FCA032781075D
:10C150008326810193076003B387E740330BFB001D
:10C16000B387F600832B8103938C0600232CF10008
:10C170006FF09F8283278102930A0900832981013E
:10C18000938D170013090B006FF04FEC032701028A
:10C1900083274102130920006FE05FFC63080CB2A3
:10C1A000032DC1046350A0BD93850700832781023E
:10C1B00083A6C1F103A681F19387F7FF130507005A
:10C1C0002324F106EF3080531307050013051900EF
:10C1D0002328E1042320B104EF40C05D03270105BB
:10C1E000832701041306070093860700EF300051F0
:10C1F00003A601F283A641F2EF20C021B706C0FCDE
:10C200008327010403270105930C0500B38BB600B7
:10C210002320A1076FE09FFD93061003130C1C0061
:10C220006FF08F9C23200102130900006FF09FA381
:10C230001306000383C7FBFF138D0B00938BFBFFDB
:10C24000E38AC7FE83278106938D17006FF04FE7BF
:10C250001307900383298101E388EBBAE34C4095EF
:10C260006FF09F95832981016FF01F95138A070056
:10C270006FF01FA4938C0700B3878701330B8B01EA
:10C28000232CF1006FF04FF183278106138C1700E8
:10C290006FF04F93032A8105032B4106032CC1063F
:10C2A000832A01066FF00FAC9307200063C8570183
:10C2B000832D8102032CC1046FF00FD4032CC10421
:10C2C000232461036FF01F97832B01046FF0DFDFDE
:10C2D00093072000E3C457FF032CC1042324610308
:10C2E0006FF0CFF6130705009387050013092000B0
:10C2F0006FE0DFE6B736018037350180938646DF91
:10C30000130600009305F02E130585E0EF10D016FC
:10C3100083298101E34CB0876FF01F8AB736018013
:10C3200037350180938646DF130600009305F01A27
:10C33000130585E0EF105014232E0402930500002E
:10C340006FE0DFD1232801026FE09FCD83A741E496
:10C3500067800700638005026302060463880604A1
:10C360008347060023A0F500034506003335A000EF
:10C3700067800000130101FF9305C10063040602FA
:10C38000638A06028347060023A0F50003450600E2
:10C390003335A00013010101678000001305000080
:10C3A00067800000130500006FF0DFFE1305E0FF5B
:10C3B000678000001305E0FF6FF0DFFD8327450471
:10C3C000130101FF23248100232291002326110061
:10C3D0001304050093840500638C0702139724005F
:10C3E000B387E70003A507006304050403270500DE
:10C3F00023A0E70023280500232605008320C10091
:10C40000032481008324410013010101678000009F
:10C410001306100293054000EF10900C2322A40491
:10C4200093070500E31C05FA130500006FF01FFDDC
:10C430002320210113091000331999001306590014
:10C44000131626009305100013050400EF10500981
:10C45000630A0500232425012322950003290100F6
:10C460006FF05FF903290100130500006FF01FF959
:10C470006380050203A7450083274504131727009F
:10C48000B387E70003A7070023A0E50023A0B700B8
:10C4900067800000130101FE232A910083A4050197
:10C4A00037030100232C8100232821012326310199
:10C4B000232E11001389050093090500138406003B
:10C4C00013884501930800001303F3FF8327080036
:10C4D000130848009388180033F767003307C70232
:10C4E00093D60701B386C602B307870013D70701A7
:10C4F000B3F76700B386E60013970601B307F700AA
:10C50000232EF8FE13D40601E3C298FC6302040252
:10C510008327890063DEF402938744009397270002
:10C52000B307F90023A287009384140023289900FD
:10C530008320C10103248101832441018329C10097
:10C54000130509000329010113010102678000009E
:10C550008325490013850900232441019385150093
:10C56000EFF0DFE5130A0500630E05040326090159
:10C570009305C9001305C5001306260013162600EF
:10C58000EF909FA40327490083A7490413172700AE
:10C59000B387E70003A707002320E90023A02701B2
:10C5A0009387440013090A0093972700B307F90003
:10C5B000032A81009384140023A287002328990072
:10C5C0006FF01FF7B736018037350180938646DF5D
:10C5D000130600009305A00B130505E4EF10C069D6
:10C5E000130101FE232C8100232A9100232821011D
:10C5F00023263101232441019389060093079000EB
:10C6000093868600232E1100B3C6F6021309050097
:10C6100013840500130A06009304070063DA370D3C
:10C62000930710009305000093971700938515005A
:10C63000E3CCD7FE13050900EFF05FD893050500A2
:10C64000630C050A930710002328F500232A9500A0
:10C650009307900063D8470923225101930A94005D
:10C6600093840A003304440183C604001306A00027
:10C6700013050900938606FDEFF0DFE193841400B3
:10C6800093050500E39284FE13048AFF33848A0035
:10C69000832A410063563A03B3894941B3093401FF
:10C6A000834604001306A00013050900938606FDC7
:10C6B000EFF05FDE1304140093050500E31234FF6E
:10C6C0008320C10103248101832441010329010145
:10C6D0008329C100032A810013850500130101028B
:10C6E000678000001304A400130A90006FF09FFA03
:10C6F000930500006FF01FF4B736018037350180D5
:10C70000938646DF130600009305300D130505E4FC
:10C7100023225101EF10405693070500370701000F
:10C720001305000063F6E700939707011305000166
:10C730003707000163F6E70013058500939787002C
:10C740003707001063F6E70013054500939747008D
:10C750003707004063EAE70093C7F7FF93D7F70175
:10C760003305F500678000009397270063CA070030
:10C7700013971700634A0700130500026780000043
:10C780001305250067800000130535006780000051
:10C79000832705001307050093F6770063840602DC
:10C7A00093F6170013050000639E060493F6270016
:10C7B0006388060A93D717002320F700130510009B
:10C7C000678000009396070193D6060113050000C9
:10C7D000638E060693F6F70F6380060693F6F7005E
:10C7E0006382060493F637006384060293F617000B
:10C7F000639C060093D71700130515006396070086
:10C8000013050002678000002320F7006780000006
:10C8100093D7270093F6170013052500E39606FE2D
:10C820006FF05FFD93D7470093F63700130545007F
:10C83000E39E06FA6FF0DFFD93D7870093F6F700CB
:10C8400013058500E39006FA6FF0DFFD93D707012B
:10C8500093F6F70F13050001E39206F86FF0DFFD82
:10C8600093D727002320F7001305200067800000DE
:10C8700083274504130101FF232481002322910013
:10C88000232611001304050093840500638C07021E
:10C8900003A54700630205060327050023A2E7005E
:10C8A0008320C1000324810093071000232A9500F0
:10C8B000232605002328F5008324410013010101EC
:10C8C000678000001306100293054000EF104041FE
:10C8D0002322A40493070500E31C05FAB736018060
:10C8E00037350180938646DF130600009305501408
:10C8F000130505E4EF1040381306C001930510003E
:10C9000013050400EF10C03DE30A05FC9307100077
:10C910002322F500930720002324F5006FF05FF831
:10C92000130101FE232821012326310103A905015A
:10C9300083290601232A910023244101232E11007B
:10C94000232C8100138A050093040600634C3901EF
:10C95000138709009384050093090900130A060050
:10C960001309070083A7840083A5440033842901A9
:10C97000B3A78700B385F500EFF05FA4630E051A37
:10C980001303450193182400B30813019307030010
:10C990006378130123A0070093874700E3EC17FF98
:10C9A00013084A01131E2900938E44019395290010
:10C9B000330EC801B385BE006376C8139387540154
:10C9C000130F400063F0F516B70601009386F6FFDB
:10C9D0006F00800193DF0F0163980F081308480070
:10C9E000130343006370C811832F0800B3F3DF0003
:10C9F000E38203FE93020300938F0E009304000072
:10CA000083A70F0003A602009382420033F7D700EA
:10CA10003307770293D707013379D60013560601FF
:10CA2000938F4F00B38777023307270133079700AF
:10CA3000935407013377D700B387C700B3879700B4
:10CA4000139607013367E60023AEE2FE93D4070195
:10CA5000E3E8BFFAB307E30123A09700832F0800A0
:10CA600093DF0F01E38C0FF603270300930203000B
:10CA700013860E009304070093030000832706002B
:10CA800093D904013377D700B3F7D700B387F703FF
:10CA900083A44200938242001306460033F9D40077
:10CAA000B3877700B38737019393070133E7E30038
:10CAB00023AEE2FE0357E6FF93D707013307F703E0
:10CAC000330727013307F70093530701E368B6FAEA
:10CAD000B307E30123A0E700130848001303430052
:10CAE000E364C8F1634880006F0080011304F4FF21
:10CAF0006308040083A7C8FF9388C8FFE38807FE84
:10CB00008320C1012328850003248101832441015E
:10CB1000032901018329C100032A810013010102B5
:10CB200067800000B38795409387B7FE93F7C7FFF0
:10CB3000138F47006FF05FE9B7360180373501800A
:10CB4000938646DF1306000093052016130505E4BF
:10CB5000EF108012130101FE232C810023282101F4
:10CB600023263101232E110093773600130406008B
:10CB70009309050013890500639C070A1354244098
:10CB8000630A0406232A910083A409046386040C23
:10CB9000937714006390070213541440630A04044B
:10CBA00003A50400630605069304050093771400AB
:10CBB000E38407FE1386040093050900138509002A
:10CBC000EFF01FD6630009020327490083A7490439
:10CBD00013172700B387E70003A707002320E90006
:10CBE00023A027011354144013090500E31A04FA83
:10CBF000832441018320C101032481018329C100D1
:10CC000013050900032901011301010267800000D7
:10CC1000138604009385040013850900EFF05FD0AC
:10CC200023A0A40023200500930405006FF01FF843
:10CC30009387F7FF37370180130787E7939727001C
:10CC4000B307F70003A6070093060000EFF09F84E8
:10CC5000130905006FF09FF293051000138509007A
:10CC6000EFF0CFF59304050063000502930710274A
:10CC7000232AF500930710002328F50023A0A90418
:10CC8000232005006FF0DFF0B736018037350180D3
:10CC9000938646DF1306000093055014130505E440
:10CCA000EF00907D130101FE2322510183AA0501AB
:10CCB00083A785002326310193595640B38A590131
:10CCC000232C8100232A91002328210123244101C0
:10CCD000232E110013891A00938405001304060003
:10CCE00083A54500130A050063D827019397170011
:10CCF00093851500E3CC27FF13050A00EFF00FEC36
:10CD0000630C0510130845016354300393895900DF
:10CD1000939929003307350193070800938747004B
:10CD200023AE07FEE39CE7FE9389C9FE3308380172
:10CD300083A80401938744011376F4019398280093
:10CD4000B38817016304060A93050002B385C54042
:10CD5000130308009306000003A707001303430012
:10CD6000938747003317C7003367D700232EE3FEAE
:10CD700083A6C7FFB3D6B600E3E017FF938754013D
:10CD80001307400063EAF800B38798409387B7FE23
:10CD900093F7C7FF138747003308E8002320D80024
:10CDA0006394060013890A0003A7440083274A04FA
:10CDB0008320C10113172700B387E70003A70700EB
:10CDC000232825010324810123A0E40023A0970048
:10CDD00003290101832441018329C100032A810021
:10CDE000832A4100130101026780000003A70700A6
:10CDF0009387470013084800232EE8FEE3F417FB4F
:10CE000003A707009387470013084800232EE8FE76
:10CE1000E3EE17FD6FF01FF9B7360180373501805B
:10CE2000938646DF130600009305E01D130505E415
:10CE3000EF0090640327050183A70501130805008F
:10CE40003305F7406312F70493972700130848014E
:10CE5000938545013307F800B387F5006F00800024
:10CE60006374E8020326C7FF83A6C7FF1307C7FF43
:10CE70009387C7FFE306D6FE130510006376D6003E
:10CE80001305F0FF678000006780000003A705011D
:10CE900083270601130101FF23248100232291002F
:10CEA000232611002320210113840500930406008A
:10CEB000B306F740631EF7189396270013864501C3
:10CEC00013874401B307D6003307D7006F008000F3
:10CED000637CF61883A5C7FF8326C7FF9387C7FF28
:10CEE0001307C7FFE386D5FE1309100063EAD500D8
:10CEF00093870400130900009304040013840700BF
:10CF000083A54400EFF08FCB6306051A83A80401C4
:10CF100083220401938F44011393280013084401D2
:10CF20009392220093054501370E01002326250127
:10CF300033836F00B3025800138F0500938E0F00E8
:10CF400093060000130EFEFF03A70E000326080041
:10CF5000130F4F00B377C701B373C601B387774090
:10CF6000B387D700135707011356060193D607411D
:10CF70003307C7403307D70093160701B3F7C7013C
:10CF8000B3E7D70013084800232EFFFE938E4E0010
:10CF900093560741E36A58FA1307540133848240D9
:10CFA0001304B4FEB3B2E20013CF120013542400F2
:10CFB000130740006384020AB38FEF003388E50053
:10CFC000B70E0100130E080013860F00938EFEFFAC
:10CFD00063F46F0C83270600130E4E001306460001
:10CFE00033F7D7013307D70093D50701135707410C
:10CFF0003307B700B387D700B3F7D70193160701FC
:10D00000B3E7D700232EFEFE93560741E36466FC88
:10D010001303F3FF3303F3411373C3FF33076800B4
:10D02000639A07008327C7FF9388F8FF1307C7FF9A
:10D03000E38A07FE8320C100032481002328150111
:10D0400083244100032901001301010167800000CE
:10D0500013091000E3DE06E86FF09FEA13071400DF
:10D06000131727006FF05FF593050000EFF00FB581
:10D07000630005068320C10003248100930710008C
:10D080002328F500232A05008324410003290100F9
:10D0900013010101678000001307000063160F00F1
:10D0A0003387E5006FF0DFF7131724003387E500BF
:10D0B0006FF01FF7B736018037350180938646DF62
:10D0C0001306000093055024130505E4EF00D03A41
:10D0D000B736018037350180938646DF130600009E
:10D0E00093057023130505E4EF001039B707F07FAF
:10D0F000B3F5B700B707C0FCB385F5009307000090
:10D100006356B0001385070067800000B305B04088
:10D1100093D545419307300163CCB700B7070800AA
:10D12000B3D5B74093070000138507006780000060
:10D130009385C5FE1307E001930710006346B7000F
:10D14000B7070080B3D7B700930500001385070029
:10D1500067800000130101FE232A9100832405014A
:10D16000232C81001304450193942400B3049400FC
:10D170002328210103A9C4FF2326310123244101CF
:10D180001305090093890500232E1100EFF0CFD875
:10D1900013070002B307A74023A0F9009307A000DC
:10D1A000138AC4FF63DCA708130655FF63704405A8
:10D1B00083A784FF630C0604B306C74033D7D700A8
:10D1C0003319C9003369E900938584FF3707F03FBD
:10D1D0003367E900B397C700637EB40203A644FF38
:10D1E000B356D600B3E7D7006F00C0029307B00074
:10D1F000630CF5003319C9003707F03F3367E900C6
:10D20000930700006F000001930700003707F03F0D
:10D210003367E9008320C101032481018324410194
:10D22000032901018329C100032A81001385070016
:10D230009305070013010102678000009306B00008
:10D24000B386A640B707F03F3357D9003367F700DE
:10D25000930700006376440183A784FFB3D7D70008
:10D26000130555013319A900B367F9006FF09FFA50
:10D27000130101FD232A5101938A05009305100033
:10D2800023229102232E3101232C41012326110256
:10D29000232481022320210393040600138A06001D
:10D2A00093090700EFF08F91630205103707100014
:10D2B00013D944019307F7FF1379F97F130405008D
:10D2C000B3F7970063040900B3E7E7002326F100F2
:10D2D00063920A061305C100EFF08FCB0327C1004C
:10D2E0009304100023289400232AE40093070502E6
:10D2F000630809081309D9BC3309F90093045003E2
:10D3000023202A013385F44023A0A9008320C102F1
:10D31000130504000324810283244102032901022E
:10D320008329C101032A8101832A410113010103D9
:10D33000678000001305810023245101EFF04FC5E1
:10D340000327C10093070500630E0504032681002F
:10D3500093060002B386A640B316D7003357A70042
:10D36000B3E6C6002326E100B334E0009384140042
:10D37000232AD400232CE40023289400E31C09F67C
:10D38000139724003307E400032507019387E7BCC4
:10D390002320FA00EFF04FB8939454003385A44053
:10D3A0006FF09FF6832681006FF01FFCB736018077
:10D3B00037350180938646DF130600009305F03071
:10D3C000130505E4EF00500B130101FD2320210399
:10D3D000138905009305810023261102232481026D
:10D3E00023229102232E310193090500EFF09FD6ED
:10D3F0009304050013840500130509009305C1007B
:10D40000EFF05FD50327090183A709018326C10037
:10D41000B387E74003278100939757003307D7402E
:10D42000B387E70013070500635EF0029397470197
:10D430003384870093860500138504009305040058
:10D4400013060700EF1090098320C1020324810214
:10D4500083244102032901028329C101130101032D
:10D460006780000093974701B385F5406FF09FFCFC
:10D47000130101FF232021012326110093077001CE
:10D480001309050063DAA70483A701F183A541F11D
:10D49000232481002322910003A481F183A4C1F1FC
:10D4A000138507001306040093860400EF2000256F
:10D4B0001309F9FF93070500E31409FE0324810013
:10D4C0008320C10083244100032901001385070044
:10D4D00013010101678000003737018013193500FF
:10D4E000130787E733072701832707018320C1003C
:10D4F000832547010329010013850700130101015A
:10D5000067800000832606019385F5FF93D555407B
:10D510009385150093074601939626009395250061
:10D52000B386D700B305B50063F8D702130705002B
:10D5300003A807009387470013074700232E07FF20
:10D54000E3E8D7FEB387C6409387B7FE93F7C7FFDC
:10D55000938747003305F5006378B5001305450050
:10D56000232E05FEE36CB5FE67800000032705014E
:10D5700013D65540930645016352C702131727007F
:10D58000B387E60063F2F60403A7C7FF9387C7FFDC
:10D59000E30A07FE130510006780000093172600BA
:10D5A000B387F600E350E6FE93F5F501E38C05FC46
:10D5B00003A60700130510003357B6003317B70052
:10D5C000E302E6FC678000001305000067800000AE
:10D5D000130101FD23229102232611029304060068
:10D5E0006388051E23248102232021031384050060
:10D5F000232E3101232A5101232C41011309050057
:10D60000EF708FF50327C4FF9387B4009306600182
:10D61000930A84FF9379C7FF63F2F61013FA87FF2A
:10D6200063C2071063609A1063D24913B737018051
:10D6300023248101138C871803268C00B3863A01BA
:10D6400083A746006308D61C13F6E7FF3386C6009F
:10D650000326460013761600631A061493F7C7FFD5
:10D660003386F9006358460D13771700631C0702D1
:10D6700023267101832B84FF23286101B38B7A4118
:10D6800003A74B001377C7FFB387E700338B37013E
:10D69000635C4B33338BE90063584B29032B010147
:10D6A000832BC1009385040013050900EF60DFEFB1
:10D6B00093040500630805408327C4FF130785FF13
:10D6C00093F7E7FFB387FA006386E7241386C9FF61
:10D6D0009307400263E4C72E13073001636AC72033
:10D6E00093070500130704008326070023A0D70033
:10D6F0008326470023A2D7000327870023A4E7003F
:10D700009305040013050900EF805FDF130509008E
:10D71000EF70CFE4032C81006F00C006130A0001F4
:10D72000E3749AF09307C0002320F90093040000EB
:10D730006F00400583A7C60003A78600032C810065
:10D74000930906002326F70023A4E70083A74A00D5
:10D75000B38649411306F00093F7170033873A0167
:10D760006362D608B3E7370123A2FA008327470094
:10D7700093E717002322F70013050900EF700FDE6F
:10D7800093040400032481028320C10203290102BF
:10D790008329C101032A8101832A410113850400E1
:10D7A00083244102130101036780000013771700EF
:10D7B000E31A07EE23267101832B84FF23286101DE
:10D7C000B38B7A4103A74B001377C7FF6FF09FEC31
:10D7D0008320C10283244102930506001301010343
:10D7E0006F609FDCB3E7470123A2FA00B3854A01CB
:10D7F00093E6160023A2D500832747009385850072
:10D800001305090093E717002322F700EF801FCFCD
:10D810006FF09FF693F7C7FFB386370113060A012F
:10D8200063D0C62613771700E31E07E6232671018F
:10D83000832B84FF23286101B38B7A4103A74B001C
:10D840001377C7FFB387E700338B3701E344CBE49B
:10D8500083A7CB0003A78B001386C9FF9306400262
:10D860002326F70023A4E70093848B0063E4C628F3
:10D8700013073001938704006372C7020327040073
:10D880009307B00123A4EB000327440023A6EB0079
:10D8900063EAC7261304840093870B01032704005F
:10D8A00023A0E7000327440023A2E7000327840006
:10D8B00023A4E70033874B01330B4B412324EC00B7
:10D8C00093671B002322F70083A74B001305090071
:10D8D00093F71700B3E7470123A2FB00EF700FC8CF
:10D8E000032B0101832BC100032C81006FF09FE902
:10D8F000832604001307B0012320D50083264400AB
:10D900002322D500636EC714130784009307850094
:10D910006FF09FDD8327C5FF032C810093F7C7FFBE
:10D92000B389F9006FF09FE283A7CB0003A78B00B8
:10D930001386C9FF930640022326F70023A4E700BD
:10D9400093848B0063E6C6101307300193870400AD
:10D95000637CC702032704009307B00123A4EB00F4
:10D960000327440023A6EB0063F8C7148327840031
:10D9700023A8FB008327C40023AAFB00630CD60A5C
:10D980001304040193878B010327040023A0E700FD
:10D990000327440023A2E7000327840023A4E70011
:10D9A00093090B00938A0B00032B0101832BC10009
:10D9B000032C8100138404006FF05FD993050400E9
:10D9C000EFC09FF16FF0DFD383A7C60003A78600E7
:10D9D0001386C9FF930640022326F70023A4E7001D
:10D9E00003A78B0083A7CB0093848B002326F7002B
:10D9F00023A4E70063EEC6041307300193870400F5
:10DA0000E374C7F8032704009307B00123A4EB00D5
:10DA10000327440023A6EB0063F0C70A0327840012
:10DA20009307400223A8EB000327C40023AAEB00BE
:10DA3000E318F6F40327040193870B02130484010F
:10DA400023ACEB000327C4FF23AEEB006FF0DFF342
:10DA50009305040013850400EFC01FE86FF05FF426
:10DA6000032784002324E5000327C4002326E500C0
:10DA70006304F60613070401930705016FF0DFC680
:10DA8000B38A4A01B386464123245C0193E716001A
:10DA900023A2FA008327C4FF13050900930404009E
:10DAA00093F71700B3E74701232EF4FEEF700FAB97
:10DAB000032C81006FF01FCD1304840093870B01AA
:10DAC0006FF09FEC13050900EF704FA9930400005D
:10DAD000032C81006FF01FCB832604011307840100
:10DAE000930785012328D50083264401232AD500E6
:10DAF0006FF09FBF9305040013850400EFC0DFDDC6
:10DB00006FF05FDB8327840023A8FB008327C4001A
:10DB100023AAFB006308D6001304040193878B013A
:10DB20006FF0DFD70327040193870B0213048401EE
:10DB300023ACEB000327C4FF23AEEB006FF01FD62E
:10DB400083A701E467800700638405029307F00F51
:10DB500063E8C7002380C50013051000678000003C
:10DB60009307A0082320F5001305F0FF678000004D
:10DB70001305000067800000130101FE232C8100C3
:10DB8000232A9100232E110083A701E4130405002A
:10DB90009384060063820502E78007009307F0FF85
:10DBA0006306F5028320C10103248101832441011E
:10DBB0001301010267800000130600009305410075
:10DBC000E78007009307F0FFE31EF5FC23A00400A5
:10DBD0009307A0088320C1012320F40003248101BE
:10DBE000832441011301010267800000130101FE3B
:10DBF000232C8100232A9100232E110083A441F4B9
:10DC000083A701E413040600630A050213860500D6
:10DC1000930604009305050013850400E7800700C0
:10DC20009307F0FF630AF5028320C10103248101F9
:10DC3000832441011301010267800000930606005E
:10DC4000930541001306000013850400E7800700D8
:10DC50009307F0FFE31AF5FC232004008320C101A1
:10DC6000032481019307A00823A0F4008324410129
:10DC7000130101026780000003A741F4130101FFB3
:10DC80009387060013080600232611008328C70087
:10DC9000930605001387050013860700630008023A
:10DCA000B73701809387470AB73501809385450BC5
:10DCB00013850800EF00C014EF00C0193718018069
:10DCC0009307C8051308C8056FF01FFE130101FF75
:10DCD000930606001306000023261100EFF0DFF97B
:10DCE000B3B7C502130101FF2326110023248100CD
:10DCF000B385C5026390070AEF601F8B130405000C
:10DD00006300050A0326C5FF130740021376C6FF0A
:10DD10001306C6FF6368C704930630019307050026
:10DD200063F2C60223200500232205009307B001F9
:10DD300063F8C70423240500232605009307050183
:10DD4000630CE60623A0070023A2070023A4070014
:10DD50008320C10013050400032481001301010185
:10DD60006780000093050000EF804F988320C1007A
:10DD700013050400032481001301010167800000E2
:10DD80009307850023A0070023A2070023A4070010
:10DD90006FF01FFCEF00800B9307C0002320F500FD
:10DDA000130400008320C100130504000324810034
:10DDB00013010101678000002328050093078501F6
:10DDC000232A05006FF01FF8130101FC1303C102A1
:10DDD0002326D10293060300232E11002328E102FB
:10DDE000232AF102232C0103232E11032326610091
:10DDF000EFA01FB58320C10113010104678000005B
:10DE0000130E0500130101FC03A541F41303810265
:10DE10002324C1022326D1021386050093060300A2
:10DE200093050E00232E11002328E102232AF1027C
:10DE3000232C0103232E110323266100EFA05FB0E2
:10DE40008320C101130101046780000003A541F490
:10DE500067800000130101FF1305600023261100F5
:10DE6000EF00802A13051000EF209F84832785117F
:10DE7000638607001305000067800000130101FF9F
:10DE800093050008232481002326110013040500B4
:10DE9000EF608FF1232CA41063040502930705089B
:10DEA0002320050013054500E31CF5FE13050000C3
:10DEB0008320C10003248100130101016780000059
:10DEC0001305F0FF6FF0DFFE130101FE232A91001E
:10DED000232E11009307F0019304050063ECB702B1
:10DEE00083278511232C810013840500638C07028E
:10DEF00013142400B38787000324810103A50700BE
:10DF000023A0C7008320C101832441011301010222
:10DF100067800000930760012320F5001305F0FFE0
:10DF20006FF05FFE930500082326C100EF60CFE786
:10DF300023ACA4100326C1009307050013070500B6
:10DF400093060508630A050023200700130747000E
:10DF5000E31CD7FE6FF0DFF9032481011305F0FF06
:10DF60006FF05FFA130101FF2322910023261100B5
:10DF70009307F0019304050063E0B70A8327851136
:10DF8000232481001384050063840704139725006C
:10DF9000B387E70003A70700630C0702930610008E
:10DFA000630CD7009306F0FF6308D70423A0070093
:10DFB00013850500E7000700032481001305000016
:10DFC0008320C10083244100130101016780000008
:10DFD00013850400EF00C0431306040003248100EE
:10DFE0008320C100930505001385040083244100AC
:10DFF000130101016F00803B032481008320C100D5
:10E00000930760012320F5008324410013051000CD
:10E010001301010167800000930760012320F500D0
:10E020001305F0FF6FF0DFF99307F00163EAB70C17
:10E0300083278511130101FF2324810023229100EE
:10E04000232611001384050093040500638007084C
:10E0500013172400B387E70003A70700630C070228
:10E060009306F0FF6300D706930610006300D70401
:10E070001305040023A00700E700070013050000B4
:10E080008320C10003248100832441001301010186
:10E09000678000008320C1000324810083244100A5
:10E0A0001305100013010101678000008320C100E7
:10E0B0000324810083244100130530001301010172
:10E0C00067800000130520006FF09FFB9305000898
:10E0D000EF608FCD23ACA41093070500630E0500FD
:10E0E00013070500930605082320070013074700C0
:10E0F000E31CD7FE6FF0DFF51305F0FF6FF05FF85C
:10E100001305F0FF67800000130101FF2322910037
:10E11000232611009307F00183A441F463EEA708BE
:10E1200083A784112324810013040500638207045C
:10E1300013172500B387E70003A70700630A070248
:10E1400093061000630AD7009306F0FF6306D70416
:10E1500023A00700E7000700032481001305000047
:10E160008320C10083244100130101016780000066
:10E1700013850400EF00C029130604000324810066
:10E180008320C1009305050013850400832441000A
:10E19000130101016F008021032481008320C1004D
:10E1A0009307600123A0F4001305100083244100AD
:10E1B00013010101678000009307600123A0F400B0
:10E1C0001305F0FF6FF0DFF9130101FF2320210198
:10E1D000232611009307F00103A941F463E2A70489
:10E1E00023248100130405000325891123229100B3
:10E1F00093840500630E050213142400B307850001
:10E2000003A507000324810023A097008324410075
:10E210008320C10003290100130101016780000070
:10E22000930760012320F9001305F0FF6FF05FFEF4
:10E230009305000813050900EF600FB7232CA91000
:10E240009307050013070508630A050023A00700CC
:10E2500093874700E31CF7FE6FF01FFA0324810049
:10E26000832441001305F0FF6FF09FFA130101FFB3
:10E270002324810003A441F4232611008327841161
:10E28000638C0700130500008320C1000324810074
:10E2900013010101678000009305000813050400C5
:10E2A000EF608FB0232CA410630C050093070508C2
:10E2B0002320050013054500E31CF5FE6FF09FFCCD
:10E2C0001305F0FF6FF05FFC130101FF23229100A3
:10E2D000232611009307F00183A441F463E4A70C03
:10E2E00083A7841123248100130405006382070897
:10E2F00013172400B387E70003A70700630C070286
:10E300009306F0FF6300D706930610006300D7045E
:10E310001305040023A00700E70007000324810081
:10E32000130500008320C100832441001301010173
:10E3300067800000032481008320C1008324410002
:10E340001305100013010101678000000324810000
:10E350008320C10083244100130530001301010113
:10E360006780000003248100130520006FF09FFBED
:10E370009305000813850400EF600FA323ACA410DD
:10E3800093070500630E05001307050093060508B3
:10E390002320070013074700E39CE6FE6FF05FF5BC
:10E3A000032481001305F0FF6FF0DFF7130101FF75
:10E3B0001387050023248100232291001304050004
:10E3C00093050600130507002326110023AE01F470
:10E3D000EF200FB89307F0FF630CF5008320C10016
:10E3E00003248100832441001301010167800000A0
:10E3F00083A7C1F5E38407FE8320C1002320F40036
:10E40000032481008324410013010101678000007F
:10E410006F200FB1B7071000130101FE938EF7FFB5
:10E4200033F8BE00B3F7DE0013D3460123282101E1
:10E4300013D9450193973700232C81001318380016
:10E4400013D4F5011357D5019358D6011379F97FE9
:10E450001373F37F232E1100232A91002326310109
:10E4600093D6F601B3E8F80033670701931535003A
:10E47000131F3600B30769406304D41E6352F016BD
:10E48000630603289306F07F6306D9429306800350
:10E490001306100063CEF602B7068000B3E8D8007A
:10E4A0009306F00163CEF65293060002B386F6405F
:10E4B0003396D8003355FF00B316DF003366A6004D
:10E4C000B336D000B3D8F8003366D600330717410F
:10E4D0003386C540B3B5C50093040600B309B74001
:10E4E0009397890063DA0732B70780009387F7FFB5
:10E4F000B3F9F9006388092C13850900EF20100196
:10E50000930785FF930600023387F64033D7E40074
:10E51000B399F90033673701B394F40063C8274B0C
:10E52000B387274193871700B386F6403396D4000C
:10E53000B3D9F4003336C00033663601B316D700C2
:10E54000B3E4C600B359F7001309000093F7740051
:10E550006380070293F7F40013074000638AE70023
:10E560009387440033B69700B389C90093840700AA
:10E570009397890063DA076E930719001307F07FFA
:10E58000130E04006386E72A370780FF1307F7FF9F
:10E5900033F7E90093F7F77F1318D70113D6340048
:10E5A000131797003368C8001357C7008320C101B1
:10E5B0000324810193974701B3E7E7001317FE0196
:10E5C000B3E7E70083244101032901018329C10046
:10E5D00013050800938507001301010267800000FE
:10E5E000638C0714B30723416312093C3365B700FA
:10E5F0006304054C1385F7FF630205601308F07F81
:10E6000063860757930780031306100063CCA702A5
:10E61000930705001306F001634CF656130500023C
:10E620003305F5403316A70033D8F5003395A50020
:10E63000336606013335A0003357F7003366A60072
:10E64000B388E8403306CF403337CF009304060049
:10E65000B389E84013090300138406006FF05FE8F4
:10E660006350F01E63100314B3E6E801638C0626C2
:10E670009386F7FF638006481306F07F638CC722FA
:10E68000930780039309100063CCD7029387060099
:10E690009306F00163C0F64A93060002B386F64083
:10E6A000B399D8003356FF00B316DF00B3E9C900B1
:10E6B000B336D000B3D8F800B3E9D9003307170157
:10E6C000B385B900B3B9350193840500B389E90076
:10E6D0009397890063D20714130919009307F07FF9
:10E6E000630CF936B70780FF9387F7FF13F6140022
:10E6F000B3F7F90013D714003367C7001396F70177
:10E70000B364E60093D917006FF05FE4B3E6E80165
:10E71000638A061C9386F7FF638006401306F07F2A
:10E72000638AC7189307800313061000E3C2D7DA81
:10E73000938706006FF0DFD6130819001378E87F7F
:10E74000631C08223363B70033E8E801631009381B
:10E75000630E034663060840B389E54133B53501CE
:10E76000330617413306A64013158600635E055035
:10E77000B305BF403387E840333FBF003307E7416D
:10E780001316870093840500635E0652B70780FF67
:10E790009387F7FF3377F700138E06009307100077
:10E7A0006FF09FDF9306F07F6306D9109306800316
:10E7B00093091000E3C6F6F0B7068000B3E8D8006E
:10E7C0006FF01FED13850400EF204054930785017F
:10E7D0009306F001E3D8F6D2130785FF3397E400E0
:10E7E00063C62723338927419307190063D6F64868
:10E7F000130919FE93060002B3542701638CD70056
:10E8000093060004B387F6403317F7003337E00070
:10E81000B3E4E4001309000093F77400E39C07D20B
:10E820009307090013D63400138709006F00000C0A
:10E830009307F07F13070000130800006FF01FD745
:10E84000638A070CB30723416302091E9306F07F16
:10E850006308D332930680039309100063CEF60257
:10E86000B70680003367D7009306F00163C8F63C13
:10E8700093060002B386F640B319D70033D6F500ED
:10E88000B396D500B3E9C900B336D0003357F700CB
:10E89000B3E9D900B388E8003387E901B339370118
:10E8A00093040700B3891901130903006FF05FE2B5
:10E8B0006310080213163500135636001318D701DB
:10E8C0003368C8001357370033670701630607181A
:10E8D000130E00009307F07F3707080013080000AD
:10E8E0006FF0DFCC13163500135636001318D7011E
:10E8F0009306F07F3368C80013573700E386D7FCD0
:10E900001317C7001357C70093F7F77F130E0400C0
:10E910006FF0DFC99306190013F8E67F6318081437
:10E92000B366B700631C092863820630B3E6E801CA
:10E9300063880622B387E501B3B5B7003307170133
:10E940003307B70013D8370093178700130E04005E
:10E9500063DE0734B70780FF9387F7FF3377F7004D
:10E960009317D7011357370033E807013377D701DF
:10E97000930710006FF09FC33388E541B3B70501DB
:10E98000B3091741B389F9409397890093040800AC
:10E9900063C6071033683801E31E08B4130E000085
:10E9A00093070000130700006FF05FC01305F07FAE
:10E9B000630EA31A1305800313061000E344F5C881
:10E9C000370680003367C7006FF0DFC4B70980FFE8
:10E9D0009389F9FF3309F940B37937016FF01FB715
:10E9E000938607FE13060002B3D6D800638AC700D9
:10E9F00013060004B307F640B397F800336FFF0027
:10EA00003336E0013366D6006FF09FACB70680FF67
:10EA10009386F6FFB307F9403377D7001318D70171
:10EA200033683801135737006FF09FEDB366B700B6
:10EA30006386061E9386F7FF638E060A1305F07F32
:10EA40006380A7149307800393091000E3C6D7E4FB
:10EA5000938706006FF05FE1130E04009307F07FC9
:10EA600013070000130800006FF05FB49307F07FF6
:10EA7000E384F6FE338FE501B335BF00B30717011A
:10EA8000B387B7001396F701135F1F00B364E60165
:10EA900093D91700138906006FF05FAB3306BF40B0
:10EAA000B387E8403337CF0093040600B389E740CB
:10EAB000138406006FF01FA4131636001356360099
:10EAC00013840600138708006FF05FE2E31203DE91
:10EAD0006306081C13D73800131636009398D80124
:10EAE00033671701135636003367C70013840600D7
:10EAF0006FF0DFDD338FE501B3081701B335BF00D9
:10EB0000B389B8009397890093040F0063D4070E6C
:10EB1000130920006FF01FBD338FE541B308174183
:10EB2000B3B5E50193040F00B389B8401309100091
:10EB30006FF01F9B938607FE13060002B3D6D80022
:10EB4000638AC70013060004B307F640B397F800C2
:10EB5000336FFF00B339E001B3E9D9006FF05FB65E
:10EB600013163500935936006FF05FEB131636001D
:10EB70001356360013840600138708006FF01FD465
:10EB80001316360013563600138708006FF01FD394
:10EB9000138507FE130600023355A700638AC700DA
:10EBA00013060004B307F640B317F700B3E5F5000A
:10EBB0003336B0003366A6006FF0DFA8E38206FCB0
:10EBC00033EFE801E3160FD06FF0DFCEE30808DC87
:10EBD000131836009397D8011358380013D738000C
:10EBE0003368F8003377D701138E060093070000CF
:10EBF0006FF0DF9B930710006FF0DFC2B305BF40DB
:10EC0000B388E8403337BF0093840500B389E840F8
:10EC100013840600130910006FF09F8C1316360042
:10EC200013563600138708006FF05FCC13163600BA
:10EC300093593600138708006FF05FDE938607FE56
:10EC400013060002B356D700638AC70013060004F8
:10EC5000B307F640B317F700B3E5F500B339B000DA
:10EC6000B3E9D9006FF05FC313D6340093070900EE
:10EC7000138709006FF09FC793060002B386F64022
:10EC8000130600006FF05F8B33E8C900E30808D07B
:10EC900093D93900130706006FF05FD8130E0000F8
:10ECA0009307F07F370708006FF05F909317D70145
:10ECB0001357370033E807013377D7019307000074
:10ECC0006FF0DF8E1318D70193D535003368B80085
:10ECD00013573700138406006FF09FC2130101FD24
:10ECE000232E310193D9450123248102232291024D
:10ECF00023202103232C4101232671019394C50075
:10ED000023261102232A5101232861012324810192
:10ED100093F9F97F13040500930B0600138906008D
:10ED200093D4C40013DAF501638A09189307F07FBE
:10ED30006388F908939434009357D501B3E797009B
:10ED400037078000B3EAE700131B3500938919C029
:10ED500093040000130C0000935749011314C900D9
:10ED600093F7F77F1354C4001359F901638207081E
:10ED70001307F07F638AE7181314340013D7DB01FD
:10ED800033678700938717C0370480003364870098
:10ED900093983B00B389F940130600001307F00075
:10EDA000B3462A0163649724B73701809394240003
:10EDB0009387470EB384F40003A70400670007009D
:10EDC000B3EAA400639E0A1C935749011314C900B7
:10EDD00093F7F77F130B0000930480009309F07FF3
:10EDE000130C20001354C4001359F901E39207F8DF
:10EDF000B36874016382081C630A044A13050400A3
:10EE0000EF10D07093070500930655FF1307D0014C
:10EE1000938887FF3307D7403314140133D7EB00AF
:10EE200033648700B3981B01B38737019389373F59
:10EE3000130600006FF09FF63307F74013068003B8
:10EE4000635AE64E93070000130600001307000004
:10EE50008320C1020324810293974701B3E7C700CF
:10EE60009396F601B3E7D7008324410203290102F8
:10EE70008329C101032A8101832A4101032B010156
:10EE8000832BC100032C8100130507009385070025
:10EE900013010103678000009307F07F1306000051
:10EEA000130700006FF0DFFA930600009307F07F6E
:10EEB00037060800130700006FF09FF9B3EAA400BB
:10EEC000638C0A106388044013850400EF101064FB
:10EED00013070500930655FF9307D001130B87FF17
:10EEE000B387D740B3946401B357F400B3EA9700F3
:10EEF000331B64019309D0C0B389E9409304000037
:10EF0000130C00006FF05FE5B368740193891980FA
:10EF1000639C080A93E424001304000013062000F5
:10EF20006FF0DFE713090A0013840A0093080B004F
:10EF3000930720006308FC4E93073000E306FCF6BD
:10EF40009307100093060900E30EFCEE9387F93F48
:10EF50006356F02A13F778006316074A13177400F4
:10EF6000635A0700B70700FF9387F7FF3374F40075
:10EF7000938709401307E07FE340F7F293D8380006
:10EF80001317D40113169400336717011356C600E4
:10EF900093F7F77F6FF0DFEB130C06006FF05FF96C
:10EFA000938A0400130B05009304C0009309F07FBB
:10EFB000130C30006FF05FDA93E4140013040000C8
:10EFC000130610006FF09FDD93E4340093880B006C
:10EFD000130630006FF09FDC130B00009304400019
:10EFE00093090000130C10006FF01FD76364542BBB
:10EFF00063808A2A13030B009389F9FF93870A0021
:10F00000130B0000131784001355070133D4A70214
:10F0100013D688013366E600131806011358080159
:10F020009395880013570301B3F7A702B30888022A
:10F0300093970701B367F70063FA1701B307F60068
:10F040001307F4FF63F0C72E13040700B3871741BB
:10F05000B3D8A7021317030113570701B3F7A70289
:10F06000B30F1803939707013367F700637AF7012B
:10F070003307E6009387F8FF637EC728938807006D
:10F0800013140401B7020100336414011383F2FF67
:10F09000B3786400935E040113DE050133F3650069
:10F0A000330F13033307F741B3081E0393570F01C0
:10F0B000B38F6E02B388F801B3871701B38ECE0306
:10F0C00063F4F701B38E5E00B70F0100938FFFFF6B
:10F0D00093D80701B3F7F70193970701337FFF0137
:10F0E000B388D801B387E701636E1717630A171750
:10F0F000B307FB4033071741333BFB00330767413E
:10F100006300E62EB358A70293DE07013377A70208
:10F11000330F18031317070133E7EE00637EE7018F
:10F120003307E600938EF8FF636AC72E6378E72FF4
:10F130009388E8FF3307C7003307E741B35EA702B0
:10F140009397070193D707013377A7023308D803B2
:10F1500013170701B3E7E70063FE0701B307F600E3
:10F160001387FEFF63E8C72A63F6072B938EEEFF33
:10F17000B387C70093980801B3E8D8011395080135
:10F1800013DF080113550501B30E6502B38707416C
:10F190003305AE0213D70E0133036F02330565004A
:10F1A0003307A700330EEE036376670037050100CF
:10F1B000330EAE00370801001308F8FF135507019E
:10F1C0003377070113170701B3FE0E013305C5019D
:10F1D0003307D70163F2A712B307F6001383F8FFD2
:10F1E0001388070063E4C71C63E8A7246386A72687
:10F1F0009308030093E818006FF05FD51307100021
:10F20000E39C07C29389E941B3973801B337F00013
:10F21000B3193401B3E73701B3D8E800B3E8F80015
:10F2200093F778003354E4006380070293F7F80003
:10F2300013074000638AE70093874800B3B81701BB
:10F24000330414019388070093158400930710007A
:10F250001306000013070000E3CC05BE6F00401347
:10F26000E378FBE8B30EBB0033BF6E01B30FCF00F2
:10F270003307F701138B0E00930FF4FF6374E60856
:10F2800063621715638EE81213840F006FF05FE658
:10F29000E3621BD713571B001393FA0193D71A008D
:10F2A0003363E300131BFB016FF0DFD513850B0005
:10F2B000EF10D025930655011307C00193070502EF
:10F2C000E356D7B4130585FF930800003394AB00D1
:10F2D0006FF09FB5EF109023930655019307C0017F
:10F2E00013070502E3DAD7BE930785FFB31AF400CC
:10F2F000130B00006FF01FC0E39EA7EEE30807C4E6
:10F300006FF09FEDE312E6F8E30C0FF613840F00A5
:10F310006FF01FDEE374F7D79388E8FF3307C70069
:10F320006FF01FD6E3F217D31304E4FFB387C700CF
:10F330006FF0DFD11306F001E356E6EC130610FE82
:10F34000B307F64013060002B357F4006308C70082
:10F350009389E943B3193401B3E83801B338100194
:10F36000B3E8F80013F778001306000063080702FB
:10F3700093F7F8001307400013040000638AE700C6
:10F3800093874800B3B817013334100193880700FE
:10F39000131694001317D4011356C60093D83800DF
:10F3A00033E7E800930700006FF09FAA930803007B
:10F3B000E312A8E4E30CB7B893E818006FF01FB9A4
:10F3C000E3F4FEECB38ED50133BFBE00330FCF00A4
:10F3D0001304E4FF138B0E003307E7016FF05FD1D6
:10F3E000130720C09387F93F9308F0FFE3C8E9E0D3
:10F3F00013874800B338170133041401930807003A
:10F400006FF0DFB513F7F80013064000E308C7B448
:10F410006FF01FFE930E07006FF0DFD593880E008C
:10F420006FF09FD1930609009307F07F1306000049
:10F43000130700006FF0DFA1139315003338B300FA
:10F440003308C800338807019388E8FF9305030059
:10F45000E302A8F66FF01FDAE3E0E5FE930803008D
:10F46000E31CB7F46FF09FAE13D74501B707100048
:10F470009387F7FF13D846011377F77F1303F07FC5
:10F4800033FEB70093080500B3F7D70093D5F50115
:10F490001378F87F93D6F60113051000630C67000C
:10F4A00063086800631407016306FE0267800000BA
:10F4B00067800000E31CE8FEB367FE00B3E7C70007
:10F4C000B3E71701E39407FEB385D5403335B000A9
:10F4D00067800000E39CC8FC638AD500E31807FC42
:10F4E000336E1E013335C001678000001305000034
:10F4F0006780000093D84501B70710009387F7FF96
:10F5000013D7460193F8F87F130EF07F33F3B7005B
:10F5100013080500930E0500B3F7D70093D5F50146
:10F52000130F06001375F77F93D6F6016388C8059D
:10F530006304C503639A0806336803016310050674
:10F5400033E6C700630C06086312080A13051000AF
:10F55000638206086780000033E6C700631406086C
:10F560006396080033630301E30203FE6380D5065C
:10F5700063920506130510006780000033630301E2
:10F5800063120306E31615FFB3E7C700639C070485
:10F59000E390D5FE1305000067800000E30808FA39
:10F5A000E398D5FC6F008002E30405FCE392D5FCF0
:10F5B000E34015FD63CCA800E3EC67FA6318F300A1
:10F5C000E368DFFB13050000E3F6EEF91305100016
:10F5D000E39205F81305F0FF67800000E31A08F8CE
:10F5E000678000001305E0FF67800000E386D5FC1C
:10F5F0006FF01FF893D84501B70710009387F7FF06
:10F6000013D7460193F8F87F1303F07F33FEB7005A
:10F6100013080500930E0500B3F7D70093D5F50145
:10F62000130F06001375F77F93D6F601638A6804FB
:10F63000630465026398080633680E01631E0508BB
:10F6400033E6C7006304060A6316080A13051000B0
:10F65000638006086780000033E6C70013052000BA
:10F66000E31A06FE63960800336E0E01E3000EFEF9
:10F67000638CD504639E05041305100067800000A9
:10F68000336E0E0163100E06E31615FFB3E7C700D5
:10F6900013052000E39007FCE39ED5FC1305000052
:10F6A00067800000E30805FCE396D5FCE34415FD04
:10F6B00063CCA800E3E0C7FD6318FE00E36CDFFB4A
:10F6C00013050000E3F8EEF913051000E39405F8C4
:10F6D0001305F0FF67800000E30A08F6E39CD5F805
:10F6E0006FF09FFE1305200067800000E31408F808
:10F6F00067800000E380D5FC6FF0DFF7130101FDA8
:10F7000093D7450123248102232291022320210340
:10F71000232E3101232A51019394C500232611027F
:10F72000232C410123286101232671012324810117
:10F7300093F7F77F13040500930A060093890600E8
:10F7400093D4C40013D9F501638407421307F07FF3
:10F750006386E70A939634001357D5013367D700C1
:10F76000B7068000B364D700131A3500138C17C096
:10F77000130B0000930B000093D749011397C900A6
:10F7800093F7F77F138F0A001354C70093D9F90139
:10F790006380070A1307F07F638EE71413173400A2
:10F7A00093D5DA01B3E5E500938717C037078000EA
:10F7B00033E4E500139F3A00B38887011303000088
:10F7C0001307A00013851800634C670BB34539017C
:10F7D000930720001388050063C66715130BFBFF12
:10F7E0001307100063606717630AF33C9304040077
:10F7F000130A0F00930B03006F00C00933EAA40043
:10F8000063180A3C93D749011397C90093F7F77F10
:10F8100093040000130B8000130CF07F930B200067
:10F82000138F0A001354C70093D9F901E39407F624
:10F83000B36754016382073C6300044A1305040064
:10F84000EF10C04C93080500130755FF9307D00134
:10F85000138F88FFB387E740B3D7FA003317E4016B
:10F8600033E4E700339FEA01B3081C419388D8C012
:10F870001307A0001303000013851800E35867F571
:10F880009305090093072000638AFB329307300039
:10F89000638CFB489307100013880500639AFB46AE
:10F8A0009307000093060000130700008320C102A5
:10F8B0000324810293974701B3E7D7009316F80119
:10F8C000B3E7D70083244102032901028329C10140
:10F8D000032A8101832A4101032B0101832BC100EB
:10F8E000032C810013050700938507001301010312
:10F8F00067800000336754019308FC7F630A073078
:10F90000371700003348390113070780136B3B009A
:10F910009306A000930508003305EC0063C0663928
:10F9200013033000130610003316660113770653D5
:10F93000E31A07F4937706246394073C137686084A
:10F940006312062EB70F0100938EFFFFB377DA0123
:10F9500093560A01B37EDF01135E0F013387D7038D
:10F960003383D603935507013306FE023306660040
:10F97000B385C500338FC60363F46500330FFF0101
:10F98000B70301001386F3FF33F3C500935F04014F
:10F990003377C7003374C40013130301B3828702A3
:10F9A0003303E30093D505013387860213D60201A2
:10F9B000B387FF02B387E7003306F600B387F60389
:10F9C0006374E600B3877700370901009309F9FFF4
:10F9D0003377360193D30401B3F63401B3F2320125
:10F9E00013170701B384DE023307570013560601CD
:10F9F0003306F600B385E500B302DE0293D70401B7
:10FA0000B38ED303B382D201B3875700330E7E0285
:10FA100063F4D701330E2E01B7090100938EF9FF6D
:10FA2000B3F2D70193D70701B387C701B3FED4015F
:10FA3000939202013309D402B382D2013384830248
:10FA4000135E0901B386DF02B3868600330EDE0043
:10FA5000B38E7F0263748E00B38E3E01B70F010038
:10FA6000938FFFFFB376FE01939606013379F90178
:10FA7000B385E501B38626013386C60033B7E500BA
:10FA80003307E600338F5500B307F700B335BF00E7
:10FA9000B385B700B336D6003336C700B3E6C60029
:10FAA00033B7E700135E0E01B3B7F500B386C601A6
:10FAB0003367F70093179F003307D700B3E767005A
:10FAC0003307D701B337F00013567F0113179700A0
:10FAD00093D67501B3E7C7009395950033EAB70055
:10FAE00093177700B364D70063D0070213571A0047
:10FAF00093771A009396F401B367F70033EAD700BF
:10FB000093D41400930805001386F83F6356C0127F
:10FB100093777A00638007029377FA001307400017
:10FB2000638AE70013074A00B3374701B384F40040
:10FB3000130A07009397740063DA0700B70700FF02
:10FB40009387F7FFB3F4F400138608409307E07F30
:10FB500063C4C71C93573A001397D401939694003B
:10FB60003367F70093D6C6009377F67F6FF01FD404
:10FB700033EAA40063080A06638E041213850400A6
:10FB8000EF10C01813060500930655FF1307D001A8
:10FB9000930786FF3307D7403357E400B396F4004A
:10FBA000B364D700331AF4009307D0C0338CC74036
:10FBB000130B0000930B00006FF01FBC13880500AF
:10FBC0009307F07F93060000130700006FF01FCE2D
:10FBD000130A0500130BC000130CF07F930B3000C9
:10FBE0006FF09FB993040000130B4000130C00004A
:10FBF000930B10006FF05FB8136B1B0093080C00A1
:10FC000013040000130F0000130310006FF05FBB1C
:10FC1000136B2B0013040000130F000013032000CC
:10FC20006FF01FBA93040400130A0F00930B030034
:10FC3000938509006FF01FC51307100063100610AD
:10FC40009388E84133161A013336C000B398140183
:10FC5000B357EA00336616013366F60093777600F1
:10FC6000B3D5E400638007029377F60013074000E2
:10FC7000638AE7009307460033B6C700B385C50023
:10FC80001386070013958500930710009306000064
:10FC900013070000E34C05C06F00C0101307F0000D
:10FCA0006310EB1213080000B706080013070000EA
:10FCB0006FF0DFBFEF108005930655019307C00179
:10FCC00013060502E3D4D7EC130585FF130A0000E1
:10FCD000B314A4006FF05FED13850A00EF1000036A
:10FCE000130755019307C00193080502E3D0E7B657
:10FCF000130585FF130F00003394AA006FF0DFB6E1
:10FD0000130800009307F07FB70608006FF01FBAD2
:10FD1000930805006FF05FDF9307F07F9306000004
:10FD2000130700006FF09FB8130800009307F07FDF
:10FD3000B7060800130700006FF05FB73307C7402E
:10FD400093078003E3CEE7B49307F001E3DAE7EE2D
:10FD5000930710FEB387C74093060002B3D7F400A1
:10FD60006308D7009388E843B3981401336A1A01F3
:10FD7000333640013366F6001377760093060000B1
:10FD8000630807029377F60013074000930500000D
:10FD9000638AE7009307460033B6C700B335C00057
:10FDA00013860700939695001397D50193D6C60046
:10FDB000135636003367E600930700006FF01FAF5D
:10FDC00093040400138A0A00930B30009385090002
:10FDD0006FF05FABB70710009387F7FF130101FEC9
:10FDE000B3F8B70033F8D70093D74601939838009B
:10FDF000232C81002326310113D4F50193D9450129
:10FE00001357D501131838009355D601232E11002E
:10FE1000232A91002328210113FFF77F1303F07F8A
:10FE20003367170193F9F97F130E04009318350017
:10FE300093D6F601B3E50501931E3600630C6F20DF
:10FE400093C61600B387E9416302D416E35AF00063
:10FE5000630A0F246384693C930680031305100032
:10FE600063CEF602B7068000B3E5D5009306F00135
:10FE700063C4F64E93060002B386F6403395D50070
:10FE800033D6FE00B396DE003365C500B336D0002E
:10FE9000B3D7F5003365D5003307F7403385A84065
:10FEA00033B6A800930405003309C74093178900AF
:10FEB00063D80734B70780009387F7FF3379F900D9
:10FEC0006306092E13050900EF005064930785FFB0
:10FED000930600023387F64033D7E4003319F90064
:10FEE00033672701B394F40063C4373FB3873741C6
:10FEF00093871700B386F6403396D40033D9F400C5
:10FF00003336C0003366C900B316D700B3E4C60069
:10FF10003359F7009309000093F7740063800702D8
:10FF200093F7F40013074000638AE70093874400C7
:10FF300033B597003309A90093840700931789000C
:10FF400063D0076C938719001307F07F6386E7245B
:10FF5000370780FF1307F7FF3377E90093F7F77F41
:10FF60001318D70113D53400131797003368A8006E
:10FF70001357C700137E14008320C101032481019D
:10FF800093974701B3E7E7001317FE01B3E7E700D4
:10FF900083244101032901018329C10013050800BD
:10FFA0009385070013010102678000006352F0701F
:10FFB00063160F1CB3E6D501638E06269386F7FF02
:10FFC00063880646638C6724930780031309100037
:10FFD00063CCD702938706009306F00163CAF64804
:10FFE00093060002B386F6403399D50033D6FE005F
:10FFF000B396DE003369C900B336D000B3D7F5003D
:02000004800179
:100000003369D9003307F700330619013339260164
:10001000930406003309E9009317890063D2071E91
:10002000938919009307F07F6388F916B70780FF5B
:100030009387F7FF13F51400B377F90013D7140073
:100040003367A7001395F701B364E50013D91700D0
:100050006FF09FEC33E8D50113831980630808061D
:10006000630AD4066304030E638E09261315360053
:100070001355350013840600138705001318D701A4
:100080003368A8001357370033670701630607106A
:10009000130E00009307F07F3707080013080000D5
:1000A0006FF09FEDB3E6D501638606189386F7FFE0
:1000B0006382063A63846716930780031305100072
:1000C000E3CED7DC938706006FF05FDA93C61600A5
:1000D000E31AD4F8630803186390092C9307F07FA0
:1000E000B3661701638806489386F7FF6382063478
:1000F0001305F07F6382A72A93078003130910007A
:1001000063CAD7029307F00163C6D74C9307000276
:10011000B387D7403319F70033D6D800B397F80028
:100120003369C900B337F000B356D7003369F9001B
:10013000B385D5003307D90133392701930407006C
:100140003309B90093090F006FF01FED9387190071
:1001500093F7E77F6394071433E8D501B36717017A
:100160006394092A638E07386310083C1315350021
:1001700013593500930700006F0040116380690A2E
:100180009306800313091000E3C0F6E8B706800069
:10019000B3E5D5006FF05FE4137E14009307F07FA2
:1001A00013070000130800006FF01FDD1385040023
:1001B000EF00D035930785019306F001E3DAF6D01E
:1001C000130785FF3397E40063CE371BB3893741AC
:1001D0009387190063DEF642938919FE93060002A5
:1001E000B3543701638CD70093060004B387F640FD
:1001F0003317F7003337E000B3E4E400930900005D
:1002000093F77400E39E07D09387090013D5340059
:10021000130709006F008002E31C08E61315350080
:100220001318D701135535003368A800135737004A
:100230006FF09FE513153500135535001318D701DE
:100240009306F07F3368A80013573700E38ED7E298
:100250001317C7001357C70093F7F77F137E1400D7
:100260006FF09FD19386190093F7E67F639E071284
:10027000B3671701639A092463860730B3E7D50192
:10028000639A073013153500135935001318D70139
:1002900033682801135737006FF09FFB3388D8412C
:1002A000B3B708013309B7403309F9409317890000
:1002B0009304080063C2071233682801E31208C0E0
:1002C000130E000093070000130700006FF0DFCA51
:1002D000370980FF1309F9FFB389F9403379270102
:1002E0006FF09FC39307F07F336517016304051018
:1002F0001388F7FF6302081E1305F07FE388A7D673
:1003000093078003138406001305100063CA0703D4
:100310009307F00163C4071993070002B3870741ED
:100320003315F700B3D60801B397F8003365D5004D
:10033000B337F000335807013365F500B385054145
:100340003385AE4033B7AE00930405003389E540F2
:1003500093090F006FF09FB5938607FE1306000206
:10036000B3D6D500638AC70013060004B307F6406E
:10037000B397F500B3EEFE003335D0013365D500F9
:100380006FF0DFB1B70680FF9386F6FFB387F940C1
:100390003377D7006FF09FEF1315360013553500F4
:1003A000138705006FF09FCD9307F07FE386F6DE9D
:1003B000B38ED80133B61E01B307B700B387C700A9
:1003C0001395F70193DE1E00B364D50113D917000E
:1003D000938906006FF05FB433861E41B387E54012
:1003E00033B7CE00930406003389E7401384060038
:1003F0006FF01FAD13163600135536001384060038
:10040000138705006FF09FE3E39807E06306082277
:1004100013D73500131636009395D5013367B7000F
:10042000135636003367C700138406006FF01FC6EB
:10043000B38ED801B305B70033B61E013389C500AA
:100440009317890093840E0063D8070A930920004C
:100450006FF0DFBDB38ED841B305B74033B6D801D6
:1004600093840E003389C540930910006FF01FA4D8
:10047000938607FE13060002B3D6D500638AC70031
:1004800013060004B307F640B397F500B3EEFE0081
:100490003339D0013369D9006FF01FB7930708FED5
:1004A00093060002B357F700630AD80093060004CE
:1004B000B38606413317D700B3E8E800333510019F
:1004C0003365F5006FF0DFE7E38807ECB3EED501A5
:1004D000E3900EBC6FF09FD433861E41B385E54098
:1004E00033B7CE00930406003389E5401384060039
:1004F000930910006FF09F9B930710006FF01FD1BE
:10050000E30008DC13163600935736001398D50124
:10051000139795003368F8001357C700138E060031
:10052000930700006FF05FA53389D841B3B7280166
:100530003306B7403306F6409317860063D2070EA2
:1005400033861E413387E540B3BECE003307D74123
:10055000931787009304060063DE0712B70780FF36
:100560009387F7FF3377F700138406009307100093
:100570006FF01F9F131636001355360013870500C2
:100580006FF0DFCB131636001359360013870500C2
:100590006FF0DFCFB386D801B307B70033B61601CB
:1005A000B387C7001397870013D83600635E070828
:1005B000370780FF1307F7FFB3F7E7001397D7015B
:1005C000939797003368070113D7C700930710006C
:1005D0006FF09F9A938706FE13060002B357F70049
:1005E000638AC60013060004B306D6403317D7004B
:1005F000B3E8E800333910013369F9006FF09FB3B5
:1006000013D5340093870900130709006FF01FC347
:1006100093060002B386F640130600006FF09F8E2B
:100620003368C900E30E08C8135939009307000066
:10063000130706006FF09FC5130E00009307F07FAD
:10064000370708006FF05F931397D70193979700D0
:100650003368070113D7C700930700006FF0DF91DD
:10066000E38607AE33083F4193070800E38E09C6CF
:100670009307800363CA0701B70780003367F70059
:10068000138406006FF0DFC8138406001305100002
:100690006FF01FCB1318D701135636003368C8000C
:1006A0001357370093070000138406006FF05FBAFA
:1006B000E38A07BAB3063F416396090093870600B1
:1006C0006FF01FA29307800313091000E3C4D7A69D
:1006D000B70780003367F7006FF0DFA213D745013B
:1006E000B70710009387F7FF1347F7FF13D84601AA
:1006F000B3F5B700B3F7D700931657011378F87F17
:10070000638006021307F07F130500006304E8000E
:1007100067800000B3E7C7003335F0006780000052
:10072000B3E5A50013051000E38E05FC678000000B
:1007300093D74501B70610001387F6FF93F7F77FAD
:100740001306E03F3377B70093D5F501635EF600FB
:100750001306D041635EF600370500801305F5FFF0
:100760003385A50067800000130500006780000046
:10077000130630433306F6401308F0013367D70001
:100780006350C80293063041B387F6403357F700F1
:100790003305E040E39C05FC13050700678000007B
:1007A0009387D7BE3317F7003355C5003367A700CB
:1007B0006FF01FFE130101FF232611002324810087
:1007C00023229100630A05041357F541B344A7009F
:1007D000B384E440930705001385040013D4F701A4
:1007E000EF00C0529307E041B387A7401307A00072
:1007F00093F7F77F6340A7061307B0003307A740BE
:1008000033D7E400130555011317C700B394A400B0
:100810001357C7006F004001130400009307000046
:100820001307000093040000939747011314F40189
:10083000B3E7E7008320C100B3E78700032481000A
:1008400013850400938507008324410013010101EF
:1008500067800000130555FF3397A4001317C700E6
:100860001357C700930400006FF01FFC130101FF32
:10087000232481002326110013040500630C0504C2
:10088000EF00C0489307E041B387A7401307A000DB
:1008900093F7F77F6344A7061307B0003307A74019
:1008A000130555013357E4003314A4008320C1001D
:1008B000130504001317C700032481001357C70052
:1008C00093974701B3E7E700938507001301010100
:1008D000678000008320C100130504009307000017
:1008E000032481001307000093974701B3E7E70053
:1008F000938507001301010167800000130555FF70
:100900003317A400130400008320C1001305040062
:100910001317C700032481001357C700939747019B
:10092000B3E7E7009385070013010101678000002A
:100930008325C500832785000328050083264500FD
:1009400013960501130101FE1397150013560601B6
:100950002324F1002326B100232CF10023200101E0
:100960002322D10023280101232AD100232EC100F4
:100970001357170193D5F501930801019307C1019E
:100980001315360003A6C7FF9387C7FF9356D601FA
:10099000B3E6A60023A2D700E394F8FE930617005F
:1009A0001318380013961601232801011356260147
:1009B00063020604B7C6FFFF938606403307D700DD
:1009C0009306E07F63D4E6109307F07F13060000E0
:1009D00093060000939747019395F501B3E7C7008D
:1009E000B3E7B700138506009385070013010102E2
:1009F0006780000003264101832881010325C1018E
:100A0000B3661601B3E6A600B3E606016314070455
:100A100063820614930650001306000093D7360035
:100A20009316D601B3E6F600131696009377F77F78
:100A30001356C600939747019395F501B3E7C70096
:100A4000B3E7B70013850600938507001301010281
:100A5000678000006384061293D7C8011315450010
:100A6000B3E7A700B7068000B3F6D7006382061C81
:100A7000370780FF9356C601939848001307F7FF86
:100A800033F6E700B3E61601B70740003366F60019
:100A900093F686FF9307000013D736009316D6010E
:100AA000131696001356C600939747019395F501C8
:100AB000B3E7C700B3E6E600B3E7B7001385060067
:100AC000938507001301010267800000635CE00C5E
:100AD00083274101032581010326C1019396470025
:100AE000B3E6060193D7C701131845001316460055
:100AF0001355C501B336D000B3E707013366A6002E
:100B0000B3E6F60093F776006380070293F7F600EA
:100B100013054000638AA70093874600B3B6D70049
:100B20003306D60093860700B7078000B377F60038
:100B3000E38607EE130717009307F07FE306F7E855
:100B4000B70780FF9387F7FF3376F6009377F77F39
:100B50006FF09FF49307000013060000939747017E
:100B60009395F501B3E7C700B3E7B7001385060017
:100B70009385070013010102678000009307F07F4F
:100B800013060000939747019395F501B3E7C7005B
:100B9000B3E7B70013850600938507001301010230
:100BA000678000009306C0FC634CD7089306D0030F
:100BB000B386E6400327C10113DE5640B70E080096
:100BC000B3EEEE0013152E00232ED10193F6F6019D
:100BD0003388A800138608001307000003230600CB
:100BE0001306460033676700E31AC8FE1306300099
:100BF0003306C641639A060403280800938616004C
:100C00009387470023AE07FF634ED6003388A700C3
:100C100003280800938616009387470023AE07FF3A
:100C2000E356D6FE93074000B387C7416F004008E4
:100C3000930500009307F07F370608006FF09FD9F7
:100C4000130700006FF01FDD1308050233082800AA
:100C5000032808FF130F0002330FDF403318E801A9
:100C600033670701630E060813182600B30FF80058
:100C70003386A80003250600032346009387470018
:100C80003355D5003313E3013365650023AEA7FE6A
:100C900013064600E390FFFE93074000B387C74169
:100CA0001306080233062600B3DEDE002328D6FF33
:100CB00093064000B386F64093962600939727004C
:100CC00013068000B388F80063EAC60023A008007A
:100CD00023A20800938686FF93888800930740002C
:100CE00063E4F60023A00800832701013337E00006
:100CF00003264101B366F700130700006FF09FE081
:100D000093071000130800006FF09FF9B707010068
:100D1000637AF502133705101337170013173700DE
:100D2000B73701803355E50093878798B387A700CD
:100D300003C5070093060002B386E6403385A6404C
:100D400067800000B70700016374F5021307000114
:100D5000B73701803355E50093878798B387A7009D
:100D600003C50700930600013385A6406780000095
:100D700013078001B73701803355E50093878798C3
:100D8000B387A70003C50700930680003385A640FC
:040D90006780000078
:100D9800696C6C6567616C20696E737472756374D5
:100DA800696F6E20657863657074696F6E2068611D
:100DB8006E646C657220656E74657265640A0065A0
:100DC80063616C6C20657863657074696F6E206808
:100DD800616E646C657220656E74657265640A0084
:100DE80065627265616B20657863657074696F6EA2
:100DF8002068616E646C657220656E7465726564E6
:100E08000A00756E6B6E6F776E2065786365707417
:100E1800696F6E2068616E646C657220656E7465BA
:100E28007265640A006E6F20657863657074696F17
:100E38006E2068616E646C657220696E7374616C93
:100E48006C65640A00000000556E696D706C656D14
:100E5800656E7465642073797374656D2063616C65
:100E68006C2063616C6C6564210A000050FBFEFF16
:100E780050FBFEFFCCFAFEFFCCFAFEFFCCFAFEFFD9
:100E8800CCFAFEFFCCFAFEFFCCFAFEFF50FBFEFFC9
:100E980040FBFEFFCCFAFEFFCCFAFEFFCCFAFEFFC9
:100EA800CCFAFEFF40FBFEFF40FBFEFF18FCFEFFF6
:100EB800CCFAFEFFCCFAFEFFCCFAFEFFCCFAFEFF1E
:100EC800CCFAFEFFCCFAFEFFCCFAFEFFCCFAFEFF0E
:100ED800CCFAFEFFCCFAFEFFCCFAFEFFCCFAFEFFFE
:100EE800CCFAFEFFCCFAFEFF50FBFEFFC8FBFEFF6C
:100EF800CCFAFEFFCCFAFEFFCCFAFEFFCCFAFEFFDE
:100F0800CCFAFEFFCCFAFEFFCCFAFEFFCCFAFEFFCD
:100F1800CCFAFEFFCCFAFEFFCCFAFEFFCCFAFEFFBD
:100F2800FCFBFEFFCCFAFEFFCCFAFEFFCCFAFEFF7C
:100F3800CCFAFEFFCCFAFEFFCCFAFEFFCCFAFEFF9D
:100F4800CCFAFEFFCCFAFEFFCCFAFEFFCCFAFEFF8D
:100F5800CCFAFEFFCCFAFEFFCCFAFEFFCCFAFEFF7D
:100F6800CCFAFEFFCCFAFEFFCCFAFEFFCCFAFEFF6D
:100F7800CCFAFEFFCCFAFEFFCCFAFEFFCCFAFEFF5D
:100F8800CCFAFEFFCCFAFEFFCCFAFEFFCCFAFEFF4D
:100F9800CCFAFEFFCCFAFEFFCCFAFEFFCCFAFEFF3D
:100FA800CCFAFEFFCCFAFEFFCCFAFEFFCCFAFEFF2D
:100FB8000CFCFEFFF8F9FEFF9CFAFEFFA8FAFEFF04
:100FC80084F9FEFF84F9FEFF84F9FEFF84F9FEFF31
:100FD80084F9FEFF84F9FEFF08FAFEFF84F9FEFF9C
:100FE80084F9FEFF84F9FEFF84F9FEFF80FAFEFF14
:100FF80008FAFEFF46465420616C6C6F63206661F8
:10100800696C6564000000004646542072756E6E77
:10101800696E672E2E2E00004646542066696E695A
:1010280073686564000000006B6973735F666674BB
:1010380020746F6F6B20257520696E7374727563E9
:1010480074696F6E7320616E6420257520637963FF
:101058006C65730A000000004641494C203A20663E
:10106800667420726573756C742076616C7565732F
:1010780020696E636F72726563740A596F757220A6
:101088006F75742076616C7565733A0A5265616C88
:1010980009496D616700000025640925640A00009C
:1010A80053554343455353203A206666742072656E
:1010B80073756C742076616C75657320636F7272DA
:1010C80065637400FF7F0000C679A22A94651B4FF0
:1010D80093466468DF201B7331FF206EC9DFCF5A47
:1010E800EEC7AC3CC6B95B1877B6ECF243BDF4D298
:1010F8006BCC77B933E128A904FA02A41C13CFAA50
:1011080047293BBD023A79D901434CF85E43B819E7
:10111800253B58384A2BB6507015AC60EEFC9166EA
:1011280090E3AE6134CE5B52D4BF053A8EB91D1B35
:10113800E6BB50FF37C634E50DD700D16CECBCC315
:101148008104F4BD211CB9BF0B31A2C8EC40E8D71B
:10115800AB4911ECC04AEB025D44ED18FE36BC29E0
:10116800ED2329358B0C4D3AB3F3FD38E5DB6431BB
:1011780050C74B2472B80312F9B084FFACB1BBEC72
:101188002DBA76DD44C95CD348DD89CEF6F2C8CEE7
:101198006508E8D3C61BB3DD222B07EC4D3539FDB6
:1011A800F439830F59395120E333472D652A5936CD
:1011B800DD1DA23ACB0FB139F7006C3369F25B2819
:1011C80014E59E1984D9310853D075F6ABCAF3E5F6
:1011D80084C826D8FF7F0000C679A22A94651B4FD1
:1011E80093466468DF201B7331FF206EC9DFCF5A36
:1011F800EEC7AC3CC6B95B1877B6ECF243BDF4D287
:101208006BCC77B933E128A904FA02A41C13CFAA3E
:1012180047293BBD023A79D901434CF85E43B819D6
:10122800253B58384A2BB6507015AC60EEFC9166D9
:1012380090E3AE6134CE5B52D4BF053A8EB91D1B24
:10124800E6BB50FF37C634E50DD700D16CECBCC304
:101258008104F4BD211CB9BF0B31A2C8EC40E8D70A
:10126800AB4911ECC04AEB025D44ED18FE36BC29CF
:10127800ED2329358B0C4D3AB3F3FD38E5DB6431AA
:1012880050C74B2472B80312F9B084FFACB1BBEC61
:101298002DBA76DD44C95CD348DD89CEF6F2C8CED6
:1012A8006508E8D3C61BB3DD222B07EC4D3539FDA5
:1012B800F439830F59395120E333472D652A5936BC
:1012C800DD1DA23ACB0FB139F7006C3369F25B2808
:1012D80014E59E1984D9310853D075F6ABCAF3E5E5
:1012E80084C826D8FF7F0000C679A22A94651B4FC0
:1012F80093466468DF201B7331FF206EC9DFCF5A25
:10130800EEC7AC3CC6B95B1877B6ECF243BDF4D275
:101318006BCC77B933E128A904FA02A41C13CFAA2D
:1013280047293BBD023A79D901434CF85E43B819C5
:10133800253B58384A2BB6507015AC60EEFC9166C8
:1013480090E3AE6134CE5B52D4BF053A8EB91D1B13
:10135800E6BB50FF37C634E50DD700D16CECBCC3F3
:101368008104F4BD211CB9BF0B31A2C8EC40E8D7F9
:10137800AB4911ECC04AEB025D44ED18FE36BC29BE
:10138800ED2329358B0C4D3AB3F3FD38E5DB643199
:1013980050C74B2472B80312F9B084FFACB1BBEC50
:1013A8002DBA76DD44C95CD348DD89CEF6F2C8CEC5
:1013B8006508E8D3C61BB3DD222B07EC4D3539FD94
:1013C800F439830F59395120E333472D652A5936AB
:1013D800DD1DA23ACB0FB139F7006C3369F25B28F7
:1013E80014E59E1984D9310853D075F6ABCAF3E5D4
:1013F80084C826D8FF7F0000C679A22A94651B4FAF
:1014080093466468DF201B7331FF206EC9DFCF5A13
:10141800EEC7AC3CC6B95B1877B6ECF243BDF4D264
:101428006BCC77B933E128A904FA02A41C13CFAA1C
:1014380047293BBD023A79D901434CF85E43B819B4
:10144800253B58384A2BB6507015AC60EEFC9166B7
:1014580090E3AE6134CE5B52D4BF053A8EB91D1B02
:10146800E6BB50FF37C634E50DD700D16CECBCC3E2
:101478008104F4BD211CB9BF0B31A2C8EC40E8D7E8
:10148800AB4911ECC04AEB025D44ED18FE36BC29AD
:10149800ED2329358B0C4D3AB3F3FD38E5DB643188
:1014A80050C74B2472B80312F9B084FFACB1BBEC3F
:1014B8002DBA76DD44C95CD348DD89CEF6F2C8CEB4
:1014C8006508E8D3C61BB3DD222B07EC4D3539FD83
:1014D800F439830F59395120E333472D652A59369A
:1014E800DD1DA23ACB0FB139F7006C3369F25B28E6
:1014F80014E59E1984D9310853D075F6ABCAF3E5C3
:1015080084C826D8FF7F0000C679A22A94651B4F9D
:1015180093466468DF201B7331FF206EC9DFCF5A02
:10152800EEC7AC3CC6B95B1877B6ECF243BDF4D253
:101538006BCC77B933E128A904FA02A41C13CFAA0B
:1015480047293BBD023A79D901434CF85E43B819A3
:10155800253B58384A2BB6507015AC60EEFC9166A6
:1015680090E3AE6134CE5B52D4BF053A8EB91D1BF1
:10157800E6BB50FF37C634E50DD700D16CECBCC3D1
:101588008104F4BD211CB9BF0B31A2C8EC40E8D7D7
:10159800AB4911ECC04AEB025D44ED18FE36BC299C
:1015A800ED2329358B0C4D3AB3F3FD38E5DB643177
:1015B80050C74B2472B80312F9B084FFACB1BBEC2E
:1015C8002DBA76DD44C95CD348DD89CEF6F2C8CEA3
:1015D8006508E8D3C61BB3DD222B07EC4D3539FD72
:1015E800F439830F59395120E333472D652A593689
:1015F800DD1DA23ACB0FB139F7006C3369F25B28D5
:1016080014E59E1984D9310853D075F6ABCAF3E5B1
:1016180084C826D8FF7F0000C679A22A94651B4F8C
:1016280093466468DF201B7331FF206EC9DFCF5AF1
:10163800EEC7AC3CC6B95B1877B6ECF243BDF4D242
:101648006BCC77B933E128A904FA02A41C13CFAAFA
:1016580047293BBD023A79D901434CF85E43B81992
:10166800253B58384A2BB6507015AC60EEFC916695
:1016780090E3AE6134CE5B52D4BF053A8EB91D1BE0
:10168800E6BB50FF37C634E50DD700D16CECBCC3C0
:101698008104F4BD211CB9BF0B31A2C8EC40E8D7C6
:1016A800AB4911ECC04AEB025D44ED18FE36BC298B
:1016B800ED2329358B0C4D3AB3F3FD38E5DB643166
:1016C80050C74B2472B80312F9B084FFACB1BBEC1D
:1016D8002DBA76DD44C95CD348DD89CEF6F2C8CE92
:1016E8006508E8D3C61BB3DD222B07EC4D3539FD61
:1016F800F439830F59395120E333472D652A593678
:10170800DD1DA23ACB0FB139F7006C3369F25B28C3
:1017180014E59E1984D9310853D075F6ABCAF3E5A0
:1017280084C826D8FF7F0000C679A22A94651B4F7B
:1017380093466468DF201B7331FF206EC9DFCF5AE0
:10174800EEC7AC3CC6B95B1877B6ECF243BDF4D231
:101758006BCC77B933E128A904FA02A41C13CFAAE9
:1017680047293BBD023A79D901434CF85E43B81981
:10177800253B58384A2BB6507015AC60EEFC916684
:1017880090E3AE6134CE5B52D4BF053A8EB91D1BCF
:10179800E6BB50FF37C634E50DD700D16CECBCC3AF
:1017A8008104F4BD211CB9BF0B31A2C8EC40E8D7B5
:1017B800AB4911ECC04AEB025D44ED18FE36BC297A
:1017C800ED2329358B0C4D3AB3F3FD38E5DB643155
:1017D80050C74B2472B80312F9B084FFACB1BBEC0C
:1017E8002DBA76DD44C95CD348DD89CEF6F2C8CE81
:1017F8006508E8D3C61BB3DD222B07EC4D3539FD50
:10180800F439830F59395120E333472D652A593666
:10181800DD1DA23ACB0FB139F7006C3369F25B28B2
:1018280014E59E1984D9310853D075F6ABCAF3E58F
:1018380084C826D8FF7F0000C679A22A94651B4F6A
:1018480093466468DF201B7331FF206EC9DFCF5ACF
:10185800EEC7AC3CC6B95B1877B6ECF243BDF4D220
:101868006BCC77B933E128A904FA02A41C13CFAAD8
:1018780047293BBD023A79D901434CF85E43B81970
:10188800253B58384A2BB6507015AC60EEFC916673
:1018980090E3AE6134CE5B52D4BF053A8EB91D1BBE
:1018A800E6BB50FF37C634E50DD700D16CECBCC39E
:1018B8008104F4BD211CB9BF0B31A2C8EC40E8D7A4
:1018C800AB4911ECA002A00A4400FDFF2F00040060
:1018D80011000C00E6FF1C00A2FF39000AFF7E0081
:1018E80042FCCA01340582FDF40109FF4F014FFF94
:1018F80007016DFFD7007FFFB20093FF8300D0FF81
:10190800FCFD95099B0067FE620094FE2B0073FEA8
:10191800D6FF1FFE45FF79FDEFFDF2FBDCF71DF555
:10192800C90F830F0906830492049E023A04CE016C
:1019380067044B013F05D2000E080100B83C64F370
:10194800E8F943031AFE510279FF1C0241002A02FA
:10195800F5007B02FC01610369055E074EF657F44A
:10196800B5FD5BFDEBFEA7FE7CFF20FFE0FF56FF09
:101978004A005AFF05010BFF6A08D2F91FFE8701CA
:1019880039FFE4009CFFC700DBFFD3001600FA0014
:101998006800680154011D038BFC1EF945FF8CFE8D
:1019A800AFFF3BFFEAFF7AFF1C0097FF5D009BFF3C
:1019B800E70076FF7C0571FD36FEDA003BFF750017
:1019C8008AFF6500B7FF6B00D8FF8100FBFFBA00F4
:1019D80042008A01B8FE6AFBC5FF34FFF0FF9AFF98
:1019E8000D00C2FF2F00D5FF6100DEFFD200DCFF33
:1019F800160478FF2EFE470037FF2D0082FF2D00CA
:101A0800A6FF3500BCFF4600CCFF6400DAFFCD001E
:101A1800F3FFA3FCF6FF91FF0300D3FF1000EDFFD7
:101A28002600FDFF49000A00990020009E0281005F
:101A380071FEC8FF59FFF6FF94FF0800B1FF1200BE
:101A4800C0FF2100C7FF3400C1FF7000DD0016FD94
:101A58000E00C2FF0C00EDFF1500FFFF25000E0071
:101A68003E001F007C004100DC01EC0095FE62FF97
:101A780072FFCDFFA4FFE9FFBCFFF7FFC8FF02001C
:101A8800D0FF0E00CCFF26006501D5FD0800EDFF54
:101A9800050002000C000F0016001C0028002D0095
:101AA800550051002C010301D8FE21FF92FFB9FF18
:101AB800BAFFD9FFCCFFE9FFD7FFF3FFE0FFFAFF3A
:101AC800E7FF01009701A1FEEFFF0C00F6FF1300EE
:101AD800FCFF1B00030027001000390028006000ED
:101AE8009700170137FFCDFEB8FFA3FFD4FFCCFF47
:101AF800E0FFDEFFE9FFE9FFF4FFEFFF0400F1FF7D
:101B0800B60139FFD2FF1400E5FF1700EEFF1A00F7
:101B1800F5FF2600FBFF350007005A003100F400EE
:101B280096FFAAFEDCFFA0FFE9FFCBFFF1FFDDFF78
:101B3800FBFFE9FF0300F0FF1C00F3FFB701CBFF39
:101B4800B4FF0D00D5FF0E00E1FF1400E6FF1D00F5
:101B5800E8FF2C00ECFF4B00EBFFC20004009DFEE9
:101B6800FCFFA6FFFEFFD0FF0200E2FF0600EEFF2B
:101B78001200F6FF3000020091013F0099FFF3FFC9
:101B8800C9FF0200D7FF0C00DDFF1100DDFF1F00B9
:101B9800DBFF3700C6FF8D005D00AEFE1000B7FF0B
:101BA8000700DDFF0800ECFF0C00F9FF1700030039
:101BB800310016003E019B008BFFCFFFC6FFF0FFF0
:101BC800D3FFFCFFD9FF0500DAFF1100D2FF230085
:101BD800B1FF5D00C500C7FE1E00C9FF1000E8FF89
:101BE8000D00F6FF0F000100170010002F0029005C
:101BF800EE00D8008DFFA2FFC8FFDAFFD7FFECFF89
:101C0800DCFFF9FFDCFF0200D5FF0F00B8FF2F0053
:101C180006010AFF2000DDFF1000F4FF0C00FFFFA3
:101C28000C00090012001700240035009E00EB008C
:101C38009BFF78FFD1FFCAFFDBFFDFFFE0FFEDFF6F
:101C4800E0FFF3FFDCFFFDFFC8FF0B0037016EFF6D
:101C58001600F2FF0900FEFF05000900050010004C
:101C680008002100110042005200F800B6FF4BFFA7
:101C7800DEFFBDFFE7FFD8FFE9FFE4FFEAFFECFF67
:101C8800E8FFF2FFDCFFFAFF4101BBFF0700FCFFA2
:101C9800FCFF0300FAFF0B00F8FF1200F8FF210019
:101CA800F7FF4100F3FFDE00FAFF2FFFF7FFB6FF53
:101CB800F7FFD4FFF7FFE2FFF6FFEAFFF5FFF1FFBA
:101CC800F5FFF7FF46012000F4FFFFFFF3FF0200D6
:101CD800F1FF0A00EEFF1200ECFF1F00E4FF3C00DA
:101CE800BAFFC0003E001EFF0E00B7FF0700D5FF79
:101CF8000100E1FF0100E9FF0200F3FF0700FAFF1E
:101D08002E018300E3FFF5FFEAFFFEFFE9FF030072
:101D1800E8FF0B00E3FF1700D7FF2E009CFF8F00A2
:101D28007D0025FF1F00BFFF1000DAFF0A00E8FF53
:101D38000900F1FF0B00FAFF14000B00F800DA00AD
:101D4800D2FFDDFFE2FFEFFFE3FFFAFFE3FF020050
:101D5800DBFF0B00CCFF1D0087FF6000CA003BFFC4
:101D68002F00CBFF1900E3FF1000F0FF0C00FAFF73
:101D78000E00060017001B00B0000A01CDFFBDFFD2
:101D8800E1FFE0FFE2FFEBFFE1FFF5FFDAFF000014
:101D9800C8FF0A0084FF2D00110174FF3900DEFF1F
:101DA8001F00EFFF1200FAFF0E0001000D000F00E8
:101DB80011002C005C002501DAFF98FFE9FFD1FF34
:101DC800E8FFE1FFE5FFE9FFDEFFF3FFCDFFFAFFE4
:101DD80092FF08004A01BAFF3900F2FF1C00FAFF1F
:101DE800110002000B0009000700180006003A0065
:101DF8001A003401F0FF6FFFF3FFBFFFF0FFD5FFBC
:101E0800ECFFDFFFE8FFE6FFDCFFEAFFB2FFEDFFD4
:101E18003F0111002800FFFF0F000100040005002A
:101E280000000F00F7FF1E00EBFF4000B0FF1B0192
:101E3800230052FF0900B6FF0000CEFFF7FFDAFFCC
:101E4800F2FFDFFFE7FFE2FFCFFFDCFF4D017A0083
:101E58001A00060006000500FDFF0700F5FF0E004A
:101E6800EAFF1B00D6FF39006AFFE600610048FF61
:101E78001E00B5FF0E00CDFF0400D9FFFEFFE0FFF6
:101E8800F8FFE2FFEAFFE0FF3501E1000800030088
:101E9800FBFF0200F2FF0500EAFF0C00DCFF150063
:101EA800C1FF2D0032FFAB00B2004FFF3A00BBFF6D
:101EB8001E00D3FF1400DFFF0B00E5FF0400E8FF5E
:101EC800FFFFEDFFE7005F01F5FFF4FFF0FFF7FF0D
:101ED800EAFFFBFFE1FF0300D2FF0B00AEFF1E008D
:101EE80011FF73000B0163FF5200C5FF2E00DCFFDA
:101EF8001C00E4FF1300EBFF0C00F3FF0A000100D5
:101F080078009F01F0FFD4FFEFFFE3FFE6FFECFF4F
:101F1800DDFFF0FFC9FFF7FFA3FFFEFF03FF180077
:101F28006C01B6FF6800E2FF3900EDFF2700F5FFFE
:101F38001900FBFF0F0008000A0021000900F30147
:101F4800FAFFA7FFF3FFCEFFEBFFDAFFDEFFDFFFAD
:101F5800CCFFE2FFA4FFE3FF0DFFD8FFC401190087
:101F6800740000003E00FEFF2600020016000A0072
:101F78000A001A00F8FF44006DFF4902230065FFBC
:101F88000900AAFFFBFFBEFFEFFFC7FFDBFFC7FF8C
:101F9800B9FFC3FF46FF99FFCF01A40066001700F1
:101FA800330009001C0008000A000F00F7FF1B009F
:101FB800D3FF4400BEFEDB016D0047FF2A009AFFF5
:101FC8001300B2FFFFFFB7FFECFFB7FFCEFFA9FF7B
:101FD8006FFF6DFF0102550160002D002C001000FD
:101FE80011000A00FBFF0D00DDFF16009DFF3D00FC
:101FF800DAFD740105012CFF76008EFF4B00A2FF6D
:102008003600A7FF2400A2FF13008FFFF8FF3FFF51
:10201800C0006A0226003300120004000400F3FF27
:10202800F2FFE7FFDAFFDDFFA4FFD3FF54FEADFFA9
:102038000901EAFF7100D6FF4900C7FF3800BBFF5E
:102048003200A5FF36007DFF640001FF7FFC820699
:1020580076FF8A008DFF2C0081FF05005DFFE4FFFD
:1020680018FFB9FF6DFE60FF8CFA82FDD003F30103
:102078006201C900CF00860087006800540056003E
:1020880020004E00C2FF4C000509C7FFA50038001C
:1020980054003D0024004100F8FF4A00B8FF5D00ED
:1020A80033FF8D009FFC9001A803BDFE75019AFFC8
:1020B800F900C8FFC100DAFF9C00E6FF8300EDFFCE
:1020C8006D00F3FFFF7F0000FD7F6EFEF57FDCFCF7
:1020D800E97F4AFBD87FB8F9C17F27F8A67F96F633
:1020E800867F05F5617F74F3377FE4F1097F55F04A
:1020F800D57EC6EE9C7E38ED5F7EABEB1D7E1EEA7C
:10210800D57D92E8897D07E7397D7EE5E37CF5E3B7
:10211800887C6DE2297CE6E0C57B61DF5C7BDDDDE8
:10212800EE7A5ADC7C7AD8DA057A58D98979DAD7FE
:1021380009795DD68478E1D4FA7767D36B77EFD1E4
:10214800D87679D0417605CFA57592CD047521CC86
:102158005F74B3CAB57346C90773DCC7547274C6D3
:102168009D710EC5E270AAC3227048C25E6FE9C0B5
:10217800966E8DBFC96D32BEF86CDBBC236C86BB16
:102188004A6B33BA6D6AE4B88B6997B7A6684CB6E0
:10219800BC6705B5CF66C1B3DD657FB2E86441B100
:1021A800EE6305B0F162CDAEF06198ADEB6065AC61
:1021B800E35F37ABD75E0BAAC75DE3A8B35CBEA7E6
:1021C8009C5B9CA6825A7EA5645964A442584DA380
:1021D8001D5739A2F55529A1C9541DA09B53159F18
:1021E8006852109E33510F9DFB4F129CBF4E189B97
:1021F800814D239A3F4C3199FB4A4498B4495A97E8
:10220800694875961C479395CD45B6947A44DD93F5
:1022180025430893CE41379273406A91173FA290A5
:10222800B83DDE8F563C1E8FF23A638E8C39AC8DEA
:102238002438F98CBA364B8C4D35A18BDF33FC8AA8
:102248006E325B8AFB30BF89872F2889112E9588CB
:10225800992C06881F2B7C87A329F7862628778642
:10226800A826FB8528258485A62312852322A484F5
:102278009F203B841A1FD783931D78830B1C1D83D3
:10228800821AC782F91877826E172B82E215E381CA
:102298005514A181C81264813A112B81AB0FF780C4
:1022A8001C0EC9808C0C9F80FB0A7A806A095A80B0
:1022B800D9073F8048062880B604178024030B807E
:1022C80092010380000001806EFE0380DCFC0B801D
:1022D8004AFB1780B8F9288027F83F8096F65A807D
:1022E80005F57A8074F39F80E4F1C98055F0F78092
:1022F800C6EE2B8138ED6481ABEBA1811EEAE38148
:1023080092E82B8207E777827EE5C782F5E31D8393
:102318006DE27883E6E0D78361DF3B84DDDDA4846A
:102328005ADC1285D8DA848558D9FB85DAD77786BE
:102338005DD6F786E1D47C8767D30688EFD1958888
:1023480079D0288905CFBF8992CD5B8A21CCFC8AB8
:10235800B3CAA18B46C94B8CDCC7F98C74C6AC8D4B
:102368000EC5638EAAC31E8F48C2DE8FE9C0A29035
:102378008DBF6A9132BE3792DBBC089386BBDD9372
:1023880033BAB694E4B8939597B775964CB65A97FE
:1023980005B54498C1B331997FB2239A41B1189BCE
:1023A80005B0129CCDAE0F9D98AD109E65AC159FE3
:1023B80037AB1DA00BAA29A1E3A839A2BEA74DA33C
:1023C8009CA664A47EA57EA564A49CA64DA3BEA7D6
:1023D80039A2E3A829A10BAA1DA037AB159F65ACAC
:1023E800109E98AD0F9DCDAE129C05B0189B41B1C3
:1023F800239A7FB23199C1B3449805B55A974CB620
:10240800759697B79395E4B8B69433BADD9386BBBF
:102418000893DBBC379232BE6A918DBFA290E9C0A7
:10242800DE8F48C21E8FAAC3638E0EC5AC8D74C6DC
:10243800F98CDCC74B8C46C9A18BB3CAFC8A21CC6A
:102448005B8A92CDBF8905CF288979D09588EFD14D
:10245800068867D37C87E1D4F7865DD67786DAD796
:10246800FB8558D98485D8DA12855ADCA484DDDD49
:102478003B8461DFD783E6E078836DE21D83F5E373
:10248800C7827EE5778207E72B8292E8E3811EEA1E
:10249800A181ABEB648138ED2B81C6EEF78055F056
:1024A800C980E4F19F8074F37A8005F55A8096F626
:1024B8003F8027F82880B8F917804AFB0B80DCFC9E
:1024C80003806EFE01800000038092010B802403CC
:1024D8001780B604288048063F80D9075A806A09C1
:1024E8007A80FB0A9F808C0CC9801C0EF780AB0F8A
:1024F8002B813A116481C812A1815514E381E21538
:102508002B826E177782F918C782821A1D830B1CDB
:102518007883931DD7831A1F3B849F20A48423228A
:102528001285A62384852825FB85A8267786262854
:10253800F786A3297C871F2B0688992C9588112E4E
:102548002889872FBF89FB305B8A6E32FC8ADF338C
:10255800A18B4D354B8CBA36F98C2438AC8D8C391F
:10256800638EF23A1E8F563CDE8FB83DA290173F1D
:102578006A9173403792CE4108932543DD937A449C
:10258800B694CD4593951C47759669485A97B449B2
:102598004498FB4A31993F4C239A814D189BBF4E72
:1025A800129CFB4F0F9D3351109E6852159F9B53F1
:1025B8001DA0C95429A1F55539A21D574DA342584C
:1025C80064A464597EA5825A9CA69C5BBEA7B35C92
:1025D800E3A8C75D0BAAD75E37ABE35F65ACEB60DA
:1025E80098ADF061CDAEF16205B0EE6341B1E8643B
:1025F8007FB2DD65C1B3CF6605B5BC674CB6A668CA
:1026080097B78B69E4B86D6A33BA4A6B86BB236C9B
:10261800DBBCF86C32BEC96D8DBF966EE9C05E6FCB
:1026280048C22270AAC3E2700EC59D7174C6547266
:10263800DCC7077346C9B573B3CA5F7421CC047588
:1026480092CDA57505CF417679D0D876EFD16B7745
:1026580067D3FA77E1D484785DD60979DAD78979AE
:1026680058D9057AD8DA7C7A5ADCEE7ADDDD5C7BDB
:1026780061DFC57BE6E0297C6DE2887CF5E3E37CDD
:102688007EE5397D07E7897D92E8D57D1EEA1D7EC6
:10269800ABEB5F7E38ED9C7EC6EED57E55F0097FAC
:1026A800E4F1377F74F3617F05F5867F96F6A67FA0
:1026B80027F8C17FB8F9D87F4AFBE97FDCFCF57FB2
:1026C8006EFEFD7F0000FF7F9201FD7F2403F57FF2
:1026D800B604E97F4806D87FD907C17F6A09A67F73
:1026E800FB0A867F8C0C617F1C0E377FAB0F097F3E
:1026F8003A11D57EC8129C7E55145F7EE2151D7E68
:102708006E17D57DF918897D821A397D0B1CE37CFB
:10271800931D887C1A1F297C9F20C57B23225C7B04
:10272800A623EE7A28257C7AA826057A2628897990
:10273800A32909791F2B8478992CFA77112E6B77A6
:10274800872FD876FB3041766E32A575DF33047556
:102758004D355F74BA36B573243807738C395472A3
:10276800F23A9D71563CE270B83D2270173F5E6F99
:102778007340966ECE41C96D2543F86C7A44236C3C
:10278800CD454A6B1C476D6A69488B69B449A66890
:10279800FB4ABC673F4CCF66814DDD65BF4EE864A0
:1027A800FB4FEE633351F1626852F0619B53EB606B
:1027B800C954E35FF555D75E1D57C75D4258B35CF2
:1027C80064599C5B825A825A9C5B6459B35C425838
:1027D800C75D1D57D75EF555E35FC954EB609B5342
:1027E800F0616852F1623351EE63FB4FE864BF4E0B
:1027F800DD65814DCF663F4CBC67FB4AA668B4498E
:102808008B6969486D6A1C474A6BCD45236C7A44CD
:10281800F86C2543C96DCE41966E73405E6F173FC5
:102828002270B83DE270563C9D71F23A54728C3970
:1028380007732438B573BA365F744D350475DF33C2
:10284800A5756E324176FB30D876872F6B77112EBF
:10285800FA77992C84781F2B0979A3298979262856
:10286800057AA8267C7A2825EE7AA6235C7B232283
:10287800C57B9F20297C1A1F887C931DE37C0B1C39
:10288800397D821A897DF918D57D6E171D7EE2156E
:102898005F7E55149C7EC812D57E3A11097FAB0F16
:1028A800377F1C0E617F8C0C867FFB0AA67F6A0926
:1028B800C17FD907D87F4806E97FB604F57F24038E
:1028C800FD7F920104000000800000000400000069
:1028D80020000000040000000800000004000000C0
:1028E8000200000002000000010000005B45525297
:1028F8004F525D206B6973735F6666742E633A325C
:10290800303620004D656D6F727920616C6C6F6395
:102918006174696F6E206661696C65642E000000E1
:102928005B4552524F525D206B6973735F666674E4
:102938002E633A3338352000666F757420627566E9
:10294800666572204E554C4C2E0000005B45525275
:102958004F525D206B6973735F6666742E633A33FA
:10296800393120004D656D6F727920616C6C6F6331
:102978006174696F6E206572726F722E00000000BC
:10298800000102020303030304040404040404040E
:1029980005050505050505050505050505050505DF
:1029A80006060606060606060606060606060606BF
:1029B80006060606060606060606060606060606AF
:1029C800070707070707070707070707070707078F
:1029D800070707070707070707070707070707077F
:1029E800070707070707070707070707070707076F
:1029F800070707070707070707070707070707075F
:102A0800080808080808080808080808080808083E
:102A1800080808080808080808080808080808082E
:102A2800080808080808080808080808080808081E
:102A3800080808080808080808080808080808080E
:102A480008080808080808080808080808080808FE
:102A580008080808080808080808080808080808EE
:102A680008080808080808080808080808080808DE
:102A780008080808080808080808080808080808CE
:102A88000A000000494E4600696E66004E414E003D
:102A98006E616E0030313233343536373839414261
:102AA8004344454600000000303132333435363770
:102AB800383961626364656600000000286E756CD1
:102AC8006C29000030000000A86F0080E4690080D5
:102AD800E46900809C6F0080E4690080E4690080FC
:102AE800E4690080E4690080E4690080E4690080AA
:102AF800A06E00808C6F0080E4690080B86E008052
:102B0800C46E0080E46900804C6F0080B06900806A
:102B1800B0690080B0690080B0690080B069008049
:102B2800B0690080B0690080B0690080B069008039
:102B3800E4690080E4690080E4690080E469008059
:102B4800E4690080E4690080E4690080E469008049
:102B5800E4690080E4690080206F00800C6D0080CB
:102B6800E46900800C6D0080E4690080E4690080FD
:102B7800E4690080E4690080C06F0080E469008037
:102B8800E4690080A4700080E4690080E469008042
:102B9800E4690080E4690080E4690080CC6F00800B
:102BA800E4690080E4690080B87B0080E469008003
:102BB800E4690080E4690080E4690080E4690080D9
:102BC800E4690080E4690080E4690080E4690080C9
:102BD800E4690080646F0080FC6D00800C6D0080EB
:102BE8000C6D00800C6D0080586F0080FC6D0080BB
:102BF800E4690080E4690080BC6B0080E4690080BF
:102C0800C07100809071008058710080BC6B00809A
:102C1800E4690080F0700080E4690080C070008082
:102C2800E4690080E4690080107C00802020202076
:102C3800202020202020202020202020303030304C
:102C4800303030303030303030303030508F0080DD
:102C5800B08B0080B08B0080448F0080B08B0080E8
:102C6800B08B0080B08B0080B08B0080B08B008070
:102C7800B08B0080A48E0080348F0080B08B0080E1
:102C8800B48E0080C08E0080B08B0080288F0080BA
:102C98007C8B00807C8B00807C8B00807C8B008010
:102CA8007C8B00807C8B00807C8B00807C8B008000
:102CB8007C8B0080B08B0080B08B0080B08B008054
:102CC800B08B0080B08B0080B08B0080B08B008010
:102CD800B08B0080B08B0080B08B0080148F008098
:102CE800B08B0080B08B0080B08B0080B08B0080F0
:102CF800B08B0080B08B0080B08B0080B08B0080E0
:102D0800B08B0080B08B0080D48F0080B08B0080A7
:102D1800B08B0080B08B0080B08B0080B08B0080BF
:102D2800888F0080B08B0080B08B00806C9600800C
:102D3800B08B0080B08B0080B08B0080B08B00809F
:102D4800B08B0080B08B0080B08B0080B08B00808F
:102D5800B08B0080B08B0080688F0080008E008070
:102D6800B08B0080B08B0080B08B00809C9000807E
:102D7800008E0080B08B0080B08B0080088D0080B2
:102D8800B08B0080649000803C900080309100807F
:102D9800088D0080B08B0080D0900080B08B0080C0
:102DA800A8900080B08B0080B08B0080C096008017
:102DB800202020202020202020202020202020200B
:102DC80030303030303030303030303030303030FB
:102DD80043000000504F534958000000496E66698F
:102DE8006E697479000000004E614E0042616C6C9F
:102DF8006F63207375636365656465640000000034
:102E08002E2E2F2E2E2F2E2E2F2E2E2F2E2E2F2ED5
:102E18002E2F7372632F6E65776C69622F6E6577DC
:102E28006C69622F6C6962632F7374646C69622FBA
:102E380064746F612E6300002E2E2F2E2E2F2E2EDF
:102E48002F2E2E2F2E2E2F2E2E2F7372632F6E6560
:102E5800776C69622F6E65776C69622F6C69626343
:102E68002F7374646C69622F6D707265632E6300D2
:102E780005000000190000007D00000000000000AF
:102E8800000000000000F03F0000000000002440A7
:102E980000000000000059400000000000408F4082
:102EA800000000000088C34000000000006AF840ED
:102EB8000000000080842E4100000000D012634111
:102EC8000000000084D797410000000065CDCD4187
:102ED800000000205FA00242000000E87648374268
:102EE800000000A2941A6D42000040E59C30A24206
:102EF8000000901EC4BCD64200003426F56B0C437B
:102F08000080E03779C3414300A0D8855734764321
:102F180000C84E676DC1AB43003D9160E458E14382
:102F2800408CB5781DAF154450EFE2D6E41A4B44F7
:102F380092D54D06CFF08044F64AE1C7022DB5443C
:102F4800B49DD9794378EA44BC89D897B2D29C3CDD
:102F580033A7A8D523F649393DA7F444FD0FA53278
:102F68009D978CCF08BA5B25436FAC642806C80AC6
:102F78000080E03779C34143176E05B5B5B893466D
:102F8800F5F93FE9034F384D321D30F94877825A39
:102F98003CBF737FDD4F15750020202020202020A6
:102FA80020202828282828202020202020202020F1
:102FB8002020202020202020208810101010101001
:102FC800101010101010101010040404040404044D
:102FD80004040410101010101010414141414141E7
:102FE80001010101010101010101010101010101C9
:102FF80001010101101010101010424242424242D9
:103008000202020202020202020202020202020298
:103018000202020210101010200000000000000040
:103028000000000000000000000000000000000098
:103038000000000000000000000000000000000088
:103048000000000000000000000000000000000078
:103058000000000000000000000000000000000068
:103068000000000000000000000000000000000058
:103078000000000000000000000000000000000048
:103088000000000000000000000000000000000038
:103098000000000000000000000000002C20667501
:1030A8006E6374696F6E3A20000000006173736587
:1030B8007274696F6E2022257322206661696C65BF
:1030C800643A2066696C6520222573222C206C697D
:1030D8006E65202564257325730A0000ECEF0080D7
:1030E80098EE008044EE008098EF008044EE008067
:1030F800A8EE008044EE008098EF008098EE0080F3
:1031080098EE0080A8EE008098EF008024EF008001
:0C31180024EF008024EF0080A8EE00806F
:103124001000000000000000037A5200017C01013D
:103134001B0D02001000000018000000A40AFFFF8D
:10314400DC04000000000000100000002C0000005F
:0C3154006C0FFFFF900400000000000062
:10316000000000100000000000000000000000004F
:10317000000000000000000000000000000000004F
:10318000000000000000000000000000000000003F
:103190008831018088310180903101809031018037
:1031A0009831018098310180A0310180A0310180E7
:1031B000A8310180A8310180B0310180B031018097
:1031C000B8310180B8310180C0310180C031018047
:1031D000C8310180C8310180D0310180D0310180F7
:1031E000D8310180D8310180E0310180E0310180A7
:1031F000E8310180E8310180F0310180F031018057
:10320000F8310180F8310180003201800032018004
:1032100008320180083201801032018010320180B2
:103220001832018018320180203201802032018062
:103230002832018028320180303201803032018012
:1032400038320180383201804032018040320180C2
:103250004832018048320180503201805032018072
:103260005832018058320180603201806032018022
:1032700068320180683201807032018070320180D2
:103280007832018078320180803201808032018082
:103290008832018088320180903201809032018032
:1032A0009832018098320180A0320180A0320180E2
:1032B000A8320180A8320180B0320180B032018092
:1032C000B8320180B8320180C0320180C032018042
:1032D000C8320180C8320180D0320180D0320180F2
:1032E000D8320180D8320180E0320180E0320180A2
:1032F000E8320180E8320180F0320180F032018052
:10330000F8320180F83201800033018000330180FF
:1033100008330180083301801033018010330180AD
:10332000183301801833018020330180203301805D
:10333000283301802833018030330180303301800D
:1033400038330180383301804033018040330180BD
:10335000483301804833018050330180503301806D
:10336000583301805833018060330180603301801D
:1033700068330180683301807033018070330180CD
:10338000783301807833018080330180803301807D
:10339000883301808833018090330180903301802D
:1033A0009833018098330180A0330180A0330180DD
:1033B000A8330180A8330180B0330180B03301808D
:1033C000B8330180B8330180C0330180C03301803D
:1033D000C8330180C8330180D0330180D0330180ED
:1033E000D8330180D8330180E0330180E03301809D
:1033F000E8330180E8330180F0330180F03301804D
:10340000F8330180F83301800034018000340180FA
:1034100008340180083401801034018010340180A8
:103420001834018018340180203401802034018058
:103430002834018028340180303401803034018008
:1034400038340180383401804034018040340180B8
:103450004834018048340180503401805034018068
:103460005834018058340180603401806034018018
:1034700068340180683401807034018070340180C8
:103480007834018078340180803401808034018078
:103490008834018088340180903401809034018028
:1034A0009834018098340180A0340180A0340180D8
:1034B000A8340180A8340180B0340180B034018088
:1034C000B8340180B8340180C0340180C034018038
:1034D000C8340180C8340180D0340180D0340180E8
:1034E000D8340180D8340180E0340180E034018098
:1034F000E8340180E8340180F0340180F034018048
:10350000F8340180F83401800035018000350180F5
:1035100008350180083501801035018010350180A3
:103520001835018018350180203501802035018053
:103530002835018028350180303501803035018003
:1035400038350180383501804035018040350180B3
:103550004835018048350180503501805035018063
:103560005835018058350180603501806035018013
:1035700068350180683501807035018070350180C3
:103580007835018078350180803501808035018073
:103590000000000003000000F0380180000000007F
:1035A00000000000F038018058390180C0390180E6
:1035B000000000000000000000000000000000000B
:1035C00000000000000000000000000000000000FB
:1035D00000000000000000000000000000000000EB
:1035E00000000000000000000000000000000000DB
:1035F00000000000000000000000000000000000CB
:1036000000000000000000000000000000000000BA
:1036100000000000000000000000000000000000AA
:10362000000000000000000000000000000000009A
:103630000000000000000000010000000000000089
:103640000E33CDAB34126DE6ECDE05000B0000004E
:10365000000000000000000000000000000000006A
:10366000000000000000000000000000000000005A
:10367000000000000000000000000000000000004A
:10368000000000000000000000000000000000003A
:10369000000000000000000000000000000000002A
:1036A000000000000000000000000000000000001A
:1036B000000000000000000000000000000000000A
:1036C00043000000000000000000000000000000B7
:1036D00000000000000000000000000000000000EA
:1036E0004300000000000000000000000000000097
:1036F00000000000000000000000000000000000CA
:103700004300000000000000000000000000000076
:1037100000000000000000000000000000000000A9
:103720004300000000000000000000000000000056
:103730000000000000000000000000000000000089
:103740004300000000000000000000000000000036
:103750000000000000000000000000000000000069
:103760004300000000000000000000000000000016
:103770000000000000000000000000000000000049
:1037800043000000000000000000000000000000F6
:103790000000000000000000000000000000000029
:1037A00048DB008054C3008000000000A02F01808F
:1037B000502901805C1001805C1001805C10018048
:1037C0005C1001805C1001805C1001805C10018045
:1037D0005C1001805C100180FFFFFFFFFFFFFFFF17
:1037E000FFFFFFFFFFFF0000010041534349490075
:1037F00000000000000000000000000000000000C9
:10380000000000000000000000004153434949004F
:1038100000000000000000000000000000000000A8
:0C3820000000000000000000000000009C
:10382C00FFFFFFFF0000000000000000CC20018023
:08383C00A4380180CC280180B2
:10384800FFFFFFFFFFFFEF7F000000000000F83FD1
:1038580061436F63A787D23FB3C8608B288AC63F8E
:10386800FB799F501344D33F000000000000F03F55
:1038780000000000000024400000000000001C4080
:103888000000000000001440000000000000E03FBD
:10389800C03B0180FFFFFFFF00000200A035018050
:0400000580000080F7
:00000001FF
